particle,q,rms_over_L,p95_over_L,max_over_L,first_half_rms,second_half_rms
1,1,0.019663416316899957,0.03092481464211636,0.03336737424109468,0.019658785304144458,0.019668046239243207
3,1,0.009779958980636404,0.014141927400785353,0.014836416696455093,0.009779000107545588,0.009780917759724016
5,1,0.026349238588323203,0.042918255195251546,0.04372124741780323,0.026352418757996068,0.026346058034779664
7,1,0.03504290969922687,0.05164908355419017,0.05643099875339889,0.0346546103097958,0.035426953363964724
1,2,0.03548387127098489,0.050000350760383755,0.05131660213652603,0.035476167741227825,0.03549270822183854
3,2,0.017425736313012235,0.023008299605468917,0.023777548706763296,0.017425546667527884,0.01742758949502816
5,2,0.04731005205824367,0.0679253107785032,0.06921998983893711,0.04730656809470244,0.04730338829349293
7,2,0.06417128662873824,0.08838815693409435,0.1014777769811306,0.06340398301952432,0.0649289138812116
1,3,0.04541146782035069,0.059002964909058674,0.05993702315263713,0.045407326264322666,0.045419044488688415
3,3,0.02147417176509677,0.027765964186246318,0.028453665509634588,0.021475339019951186,0.021476319720649038
5,3,0.060609222128954324,0.07926647548072918,0.08061124538322421,0.06060299011003948,0.06060250556033983
7,3,0.08483769890481041,0.10915778184645435,0.12243347723558379,0.08366861224022347,0.08597940255268825
1,4,0.04844018973884943,0.05966258807986969,0.060391373988299316,0.048442556485326735,0.048440872678746694
3,4,0.02126337495630916,0.02748513021654947,0.02844221457041317,0.021264469230797344,0.02126457979484719
5,4,0.06514209863724488,0.0790288292462559,0.07985086226335913,0.06513707068870743,0.06513981775573044
7,4,0.09527668934068517,0.11913977307087342,0.13327614753944383,0.09372030243006085,0.0967898033722007
1,5,0.04428656241666241,0.05804495237476826,0.059157597566854264,0.04429110986758329,0.044282749394307624
3,5,0.016826528549841617,0.02239729728301474,0.023222639900780596,0.016826174972349863,0.016827373200680767
5,5,0.06062929688235924,0.07943796249592733,0.08190462685316711,0.060628046839714685,0.060631382599860374
7,5,0.09459862494215412,0.11966933871686466,0.13412075660609366,0.09271835029536779,0.09641906591106869
1,6,0.03333836027953959,0.04769305860219875,0.049095496878174126,0.03334002024154067,0.03333592523239687
3,6,0.00890109607001362,0.013124601045652991,0.013820943352697252,0.00890035097894919,0.00890231912426874
5,6,0.047353918099912774,0.06826886094735363,0.07133197650752257,0.04735610798181195,0.04735680945441203
7,6,0.08287834911271047,0.10827266520530239,0.12498505384992116,0.08076351299751983,0.0849101124959774
1,7,0.01674533618930235,0.02670156702953234,0.027909170119449482,0.016744938388517868,0.016745415921357976
3,7,0.001079796849744333,0.0016420648435009188,0.0017880784242740968,0.0010795116797711133,0.0010796120306309689
5,7,0.026441473290343832,0.0435855784205788,0.046843640606021635,0.02644291674894637,0.0264431648899547
7,7,0.06113472413123757,0.08491124829718352,0.10912226374376482,0.058853956997205255,0.06329414700017072
1,8,0.0032850811344114893,0.005434787150903099,0.0058071307593212,0.00328332910992043,0.00328465876014122
3,8,0.010652421645577281,0.015116391720997017,0.01573733118627788,0.010651976455524499,0.010654075861775456
5,8,0.0019308879958864441,0.0030168083007807026,0.0036043797355192627,0.0019299104374164734,0.001929798535832542
7,8,0.03139294949279994,0.04699383424985905,0.06748127769075175,0.028978798296227404,0.033583566482192045
1,9,0.022489821475445034,0.03493073891648606,0.03778397213345138,0.02248295927820241,0.02249343376368128
3,9,0.017991744913838512,0.023503008610876706,0.024191022913743743,0.017992655540606424,0.017995105889323883
5,9,0.02636407033200457,0.043707665288861254,0.044918205414507036,0.02637008744102957,0.026363188373602624
7,9,0.00702640133962493,0.011530275857522056,0.0166492763398376,0.007435010715350999,0.006584147521563036
1,10,0.037479098962078274,0.0521618258061968,0.05362422774369102,0.037470310207232994,0.037486733979523804
3,10,0.021639462053435213,0.027861474145488094,0.028294222816192278,0.02164185749165482,0.021643455065799372
5,10,0.04728657251649524,0.06806777414678378,0.06876995267147445,0.04728573420790488,0.04728111236929074
7,10,0.03917844850163868,0.058261165922295605,0.06669020199105445,0.04040482893575581,0.03794076082246544
1,11,0.04636018823001376,0.059555053430760334,0.06056069352320756,0.04635643738513577,0.046365575106072955
3,11,0.02100533390772592,0.02729067150420927,0.028266607217777472,0.021007429340739486,0.021008455949003992
5,11,0.06057424647369866,0.07880709494878331,0.07926134081349495,0.060569962723625685,0.060567142860770376
7,11,0.06714279972497257,0.09306519522333827,0.0975979860588614,0.06768889653199887,0.06660410663957751
1,12,0.048255517033946906,0.05973622696789236,0.060537359581106696,0.04825860351939978,0.04825445026028927
3,12,0.016189111695342442,0.02167924711759603,0.022506492060640666,0.016189615612797633,0.016191851356384207
5,12,0.06510488461413719,0.07819708013407718,0.07889162794280785,0.0651008467795286,0.06510048702206228
7,12,0.08650372147342623,0.11011820943627273,0.11879948108173702,0.08616290949789324,0.0868255748418694
1,13,0.042987125409712945,0.057067764120098376,0.05810934573287616,0.04299192177546531,0.042983508683071055
3,13,0.00801361312376626,0.011973566183202321,0.01267620550188915,0.008013657029631277,0.008016359927688654
5,13,0.060600688734005696,0.0795960540079124,0.08131751243216358,0.060599655455752,0.06059899945635822
7,13,0.0955650299601517,0.11803014543577554,0.13086255957867698,0.09425246391032945,0.0968110865864958
1,14,0.03105067756986668,0.04558693865059622,0.04655118226751789,0.031052931761938306,0.031049689046726614
3,14,0.0021449425719714432,0.003275601530582392,0.0035424838352319924,0.0021441837246382574,0.002144049585200909
5,14,0.04734472286832042,0.06876550079663406,0.07120783008345842,0.047345932657414845,0.04734273101450632
7,14,0.09352940108589886,0.11986043773205621,0.13334317377608854,0.09124504215239332,0.0956790717425683
1,15,0.013754758107544372,0.022102276678614044,0.02235058339049507,0.013755823276883667,0.013756938215297559
3,15,0.011513279275880268,0.016008055476120088,0.016525122870476725,0.011512949311915086,0.011514713224981604
5,15,0.02648406702024156,0.04430217378127149,0.04744425271131299,0.026483528353740102,0.02648007073642418
7,15,0.08061640951265549,0.10864482346531112,0.12483904991950398,0.07744726923326789,0.0835517253851536
1,16,0.006506423640037549,0.010622362748493782,0.011129599244014575,0.006503695381016068,0.006503359795685375
3,16,0.01852334686518582,0.023981135748101134,0.024462560961887196,0.018524879799787484,0.018527043739831054
5,16,0.0029201142320086793,0.004478325452927445,0.004915810278156881,0.00292035565273267,0.002919078462748878
7,16,0.05803462209993764,0.08425795197253988,0.11069630009484982,0.054045743022856675,0.06161678754044219
1,17,0.025199378332360554,0.03855684399363989,0.041183348487641505,0.02519170482763375,0.02520060741181085
3,17,0.0217590719042714,0.027754813946916514,0.02799990093582773,0.021762206856139985,0.021763666425751102
5,17,0.026460992320985453,0.04438271498157293,0.04702281430832473,0.026469614314844184,0.02646556027896667
7,17,0.0283911475870667,0.05026192487137235,0.07262532507215168,0.02346311033962993,0.03239806106074987
1,18,0.03931353322170628,0.05396667003022507,0.054982418710696174,0.03930525347773192,0.039319053592376196
3,18,0.020699387930422357,0.02698001376055395,0.027925865992245148,0.020702011179283646,0.020703369605635707
5,18,0.04732549364309218,0.06878376145116784,0.07061580444556002,0.04732614472140755,0.04732525661402349
7,18,0.013666881953503652,0.022149409511851896,0.03100755790957079,0.014502715280571054,0.012757453785219355
1,19,0.047130867310593905,0.0597026881025269,0.06091304075046384,0.047128777694533976,0.04713408213426969
3,19,0.015511652532983061,0.020836068765256493,0.021644097750678822,0.015512630641485286,0.015515573767731692
5,19,0.06058469389891288,0.07957387959166133,0.08061309444468583,0.0605813705302152,0.06058253478514614
7,19,0.04352517177579852,0.06508456931027046,0.07623776569056118,0.04607677602074899,0.04093182292641221
1,20,0.04789224089577232,0.060035181711072104,0.060576245301684005,0.04789677689776589,0.047890470306425514
3,20,0.007113601893705716,0.010764768326991232,0.011423274350116395,0.007114352237898487,0.0071175697505603906
5,20,0.06509298056757928,0.07789026074446811,0.07815999836579267,0.06508960953757513,0.06509298620199216
7,20,0.07000142001456695,0.09635186950998362,0.10318320350683302,0.07172647380337381,0.06831927889533124
1,21,0.04152535156334589,0.055934157694392105,0.056719821375601415,0.041530629975199566,0.04152342156274632
3,21,0.003184472675179747,0.004874532987626783,0.005245971914894646,0.0031831300373913493,0.0031825236050540004
5,21,0.06056990897528163,0.07930032935611403,0.07966026357525363,0.0605698599458934,0.06057138255802418
7,21,0.08788822487555478,0.11121053232445606,0.11662424884965845,0.08830148328889542,0.08749844352681833
1,22,0.02863619483496122,0.04286459832218628,0.04443617925084509,0.028638688683063924,0.02863796051241626
3,22,0.012357043063371558,0.016891611558066504,0.01721726426505528,0.012356297317507595,0.012357417827230861
5,22,0.04729517199243571,0.06845091607699631,0.0696638805105929,0.04729761872208117,0.047295264828392344
7,22,0.09549238360199847,0.11693490365865768,0.12818292521274452,0.09436730959859424,0.09655560776939376
1,23,0.010704150717261366,0.017103547280990776,0.01754441268878536,0.010705870846536413,0.010708855809928825
3,23,0.019021674450598013,0.024613240824261674,0.02478385020492141,0.019023064826600232,0.019024493417736644
5,23,0.026405300444166165,0.04413728230162686,0.046018435884266795,0.02640614779536316,0.026402636332251147
7,23,0.09210626319707862,0.11943890222211875,0.13066548279445148,0.08935497233449421,0.09464816712697771
1,24,0.009647301257261636,0.015473617160175398,0.015944287320986506,0.009644079030467262,0.00964319685935849
3,24,0.021836055128721738,0.02748599373815239,0.02778656394606187,0.021839073907126975,0.021839889184264258
5,24,0.002530355832060955,0.003911609866289159,0.004480988620543675,0.002531798355627324,0.0025310747238071027
7,24,0.07809294552591865,0.10979513706602051,0.12596103339871892,0.0737601267417705,0.08198415209285106
1,25,0.027780947734445754,0.04183549629477492,0.04372265446466288,0.027773376989487425,0.02778189685353722
3,25,0.02034806976822977,0.026478769800448214,0.027398640149789977,0.020350412327674455,0.0203516646608484
5,25,0.02647809051604859,0.04399249203394784,0.04742577001875914,0.02648542093049586,0.026482219617526274
7,25,0.05492215762048972,0.08623902066937678,0.11270333771254133,0.0490067085077087,0.05996217317923424
1,26,0.04098670766386867,0.055508359619633824,0.05620039377599107,0.040979689010625334,0.040992072558266215
3,26,0.014793923680635751,0.0199017783530109,0.02061443236987443,0.01479477328924538,0.014798045315429043
5,26,0.047361851005819654,0.06856563689458019,0.07154717936790286,0.04736103167773547,0.04736197105428241
7,26,0.02627331996911546,0.054544228801038395,0.08006268691305121,0.018392967979917532,0.03192066718426531
1,27,0.04772675805407841,0.06000401103991679,0.06060409319100737,0.047726538066967146,0.04772974326180937
3,27,0.006194920391198648,0.009450610183395507,0.010044262913555518,0.0061961389584243385,0.006199466508334926
5,27,0.060623346477079086,0.07954923034612969,0.08186238511888196,0.06061907024436154,0.060622909429120214
7,27,0.019945151603141295,0.031679692919176966,0.04480750633744376,0.02126267251483003,0.018525579847226227
1,28,0.04735515465607642,0.05984820773123883,0.06088635494113973,0.04736083865215119,0.047354063312486455
3,28,0.0041924734480839766,0.0064311049486260536,0.006884286576026663,0.004190485337200795,0.00418945406881668
5,28,0.06512659985044786,0.07870156363073635,0.07959382441001626,0.06512304685928923,0.06512980746577349
7,28,0.04786752534367618,0.07268227845148155,0.08536760430695794,0.05152816511709778,0.04414072978240685
1,29,0.039905736377235726,0.05452658047664974,0.05537034380549203,0.03991078816045294,0.03990572134374025
3,29,0.013177520240202963,0.017893151251488444,0.018061652381378034,0.013175943232924966,0.013176382860778614
5,29,0.060588758016954784,0.07903316935704006,0.0798305557219568,0.060589367475595186,0.06059459838270229
7,29,0.07268599027655681,0.0995235460602311,0.10685783647549461,0.07545777963528265,0.07000186241708092
1,30,0.02609728179419232,0.03969102501017727,0.04209382969980923,0.026098914069793876,0.026100926406537283
3,30,0.019486789040692162,0.02518114816935924,0.025777773161486918,0.019487340774269675,0.01948790060264536
5,30,0.047288390618446786,0.0676188178908788,0.06838641614751141,0.047292729938303385,0.04729365745016306
7,30,0.08898966633646431,0.11280671904614242,0.11753373512215595,0.09007053846515989,0.08799154993595544
1,31,0.00758821340704417,0.012316150143836517,0.012849058008666633,0.007589514027550038,0.007593546034670207
3,31,0.021873445274328898,0.027137280558886184,0.027484367693533452,0.02187551637983739,0.0218755126893624
5,31,0.026336489811532627,0.043027137616811054,0.04342006716837205,0.02634030372060607,0.026339560637847172
7,31,0.09508319092536266,0.11692973305512815,0.12722861502368749,0.09407193929032313,0.09604666805166284
1,32,0.012718469728067556,0.020330683303434547,0.020642810210379895,0.01271523939773513,0.012716159112904836
3,32,0.0199550852434864,0.0259174084855443,0.026714857757037313,0.019956372775324322,0.019957301554569137
5,32,0.0009331330828396982,0.0014977914631240966,0.0017928690630213426,0.000933808392273981,0.0009338893048286208
7,32,0.09036950954274756,0.11901241928634546,0.1294177465063864,0.08706909240422193,0.09336742734795353
1,33,0.0302372681241416,0.0447299745314097,0.045830870397473876,0.030230004377860976,0.030240665651687634
3,33,0.014037679567076054,0.01889523357398296,0.019453161176940226,0.014037827687785968,0.014041112954596114
5,33,0.026385875741136267,0.04319572635493232,0.0453635330161756,0.026389713104361084,0.026384412513420347
7,33,0.07536495706958284,0.11101968008375958,0.12730767902264803,0.06973797417471986,0.0802603297684169
1,34,0.042502392845154544,0.056688830420033094,0.057644789101748556,0.04249639412607008,0.04250955480841874
3,34,0.0052511741433342324,0.008044058445232056,0.008576995408557253,0.005252509787726458,0.0052555700911929735
5,34,0.047334089527949194,0.06802147968158061,0.07038630488916939,0.04733067950218866,0.04732928892427653
7,34,0.05189234387547789,0.08845678858610148,0.1152168136907695,0.04380620432343348,0.05839215436897908
1,35,0.04815001049634843,0.05984245815109884,0.0605151999118654,0.04815067542233687,0.04815394226208936
3,35,0.005167924137624335,0.007911949355643598,0.00844976820843492,0.005165379713441272,0.005164166971910382
5,35,0.06062490247155852,0.07936974598946689,0.08138067471315466,0.06061865141676561,0.06062039647041401
7,35,0.025343453227862592,0.0583930192399361,0.08510993162903278,0.014535617513583425,0.03219593165122261
1,36,0.046644778195743176,0.059586873204923854,0.060763741144065894,0.04665000028915062,0.04664451237433745
3,36,0.01396897047952233,0.018804669194518925,0.019349053227576747,0.013966480812291663,0.01396636854818198
5,36,0.0651490713933987,0.07918787922297699,0.07976929803873065,0.06514412897915108,0.0651493504289108
7,36,0.025910296411978964,0.04110826382720937,0.06009794757611307,0.02776933783126253,0.02392989143530891
1,37,0.03812661211836143,0.05280525283620229,0.05421514542474633,0.03812973724625436,0.03812749073299404
3,37,0.0199175089420353,0.025855068564364998,0.026648502599380588,0.019916934602155597,0.019916656569912795
5,37,0.060625594116609303,0.07938582428412633,0.08151962060419599,0.06062482811403647,0.06063026349948789
7,37,0.05208270370978987,0.07946898177499172,0.09159885780378273,0.056702105121472425,0.047393036551688306
1,38,0.02343106400413716,0.036150784537766184,0.03908173277894752,0.023430403446002147,0.023434795454784926
3,38,0.02187333987328636,0.02713240222179819,0.027455083699238186,0.021874055636196384,0.0218732064594579
5,38,0.04733610768591526,0.0680400651334262,0.07060973211689245,0.04733928736242599,0.047341499703671276
7,38,0.07514658478082162,0.10367671304174947,0.10899732024885948,0.07884208955041964,0.07159328465895105
1,39,0.004394904639496102,0.007250140413631533,0.007674234961483917,0.004394925404839987,0.004398747089183657
3,39,0.019524376575389246,0.02523775569505908,0.025850174416737415,0.019524232319302493,0.019524699925289598
5,39,0.026394641145631153,0.04326937274387703,0.04569129058632666,0.026397479657191456,0.02639876726241203
7,39,0.08979901044097198,0.11365499396300806,0.11957941011216384,0.09144896165302845,0.08829904852680816
1,40,0.015729285789345845,0.02524108160839563,0.0259332367739172,0.015726363987588924,0.01573011366746153
3,40,0.01324656091095831,0.017960311600524914,0.018171700344689647,0.013245711566550923,0.013248715948144989
5,40,0.001133914018938043,0.0018066304539022242,0.002171195654551616,0.0011328513420726322,0.0011332944182904775
7,40,0.09435514553774509,0.11760555052692469,0.12702866170120336,0.09336441097330214,0.09530934383342751
1,41,0.03256879404558624,0.04695811240863337,0.04826442601392458,0.03256189158455732,0.032575135281509245
3,41,0.004277189690958139,0.006566120602886918,0.007014662644192026,0.004278331967587878,0.004280805000733779
5,41,0.026339809016276368,0.04316331669449437,0.043705489418189775,0.02634437684995202,0.02633676891718309
7,41,0.08835617628526025,0.11860620651088116,0.13135072406827708,0.08440298644383952,0.09188073136610621
1,42,0.04385853495990139,0.0577148649560349,0.0587959098878325,0.043853483071830665,0.0438668399716308
3,42,0.00611357424906443,0.009319002001729589,0.009932769343570166,0.006110739330184554,0.006109670088810844
5,42,0.04728909054113468,0.06763424089504123,0.06837505281278743,0.047287038036388715,0.047281884457904634
7,42,0.07249764474945174,0.11225217655942957,0.12945264303098042,0.06542865714950687,0.07843991122274778
1,43,0.04839703283802911,0.05949728932531714,0.060463245780138515,0.048398233280224696,0.04840040815499071
3,43,0.014726763833196908,0.01980784823890642,0.020528408667504393,0.01472366411495894,0.014723211581861167
5,43,0.06058682356693093,0.07894389367097808,0.07969021173219124,0.06058171997451265,0.06057864687083795
7,43,0.049074749248927046,0.09014478096060252,0.11696457541509012,0.03858144466798712,0.05698076378446782
1,44,0.04575769776210434,0.05921633039903021,0.06011350143658451,0.04576201897095141,0.04575626959245811
3,44,0.02031154580600491,0.026420590994319336,0.02735126928906739,0.02031007764767993,0.020309070030167745
5,44,0.06512254017802166,0.07860486003799978,0.07949138946934199,0.06511820884296513,0.06511789415269507
7,44,0.02581519703260622,0.06175311250117688,0.0896907813720616,0.013391137706480934,0.03320897828629905
1,45,0.03618610030639256,0.05080846596606095,0.05216668201987676,0.0361872982036843,0.0361856052756048
3,45,0.021836396366767444,0.02745792065947305,0.027766264357482844,0.021835919382402202,0.021834264420994388
5,45,0.060618282364207854,0.07957125016203023,0.08179774275533143,0.060617319990309296,0.060617325775410597
7,45,0.031600373127411825,0.050350089503238965,0.07031599161004329,0.03408159686257774,0.028985588666021626
1,46,0.020642626527428782,0.032313071802627755,0.03503136986014763,0.020640174196206035,0.020644419464341007
3,46,0.019059369962866186,0.024636585579865606,0.024870873280792155,0.01905794135344496,0.01905786355727294
5,46,0.04735774809644668,0.0686139852952945,0.07152828073732959,0.04735951662801358,0.04735719006743616
7,46,0.05610346197758847,0.08552060747573577,0.09992235959450523,0.061583671980069594,0.05056937225707919
1,47,0.0011281884539871493,0.0018772774117017013,0.0020135440565606584,0.0011273848008108976,0.0011293963273925408
3,47,0.01242586599305672,0.016967712860963304,0.01727039263422157,0.012424100668652906,0.012426574686455544
5,47,0.026481029847583083,0.04403111965757185,0.04748104143432784,0.026481389993806396,0.026478987974826312
7,47,0.07734916564820003,0.10670208499216825,0.11215192691032941,0.08185576155498264,0.0730499449357232
1,48,0.018674176473475794,0.029519279699759562,0.0315637346779549,0.018670643128650313,0.018677813498093783
3,48,0.0032703132422053616,0.00500576656371278,0.005381829222876913,0.003271077805033386,0.0032727693207205664
5,48,0.0026332855967571346,0.004076580956572565,0.004594165596291787,0.0026327048107285,0.002632359656240984
7,48,0.09030666906605196,0.11355321787189603,0.12078537895253419,0.09241519392714914,0.08841990814787039
1,49,0.03476565739757136,0.04916230373613341,0.050601463195565945,0.034758577621547646,0.03477381967309537
3,49,0.00703461244033983,0.01065404115898007,0.01131164168775679,0.007031846513134129,0.007031286445943858
5,49,0.026417732102269664,0.04421151570391122,0.04623869173839587,0.026425369935814,0.02642024601223657
7,49,0.09332442426799735,0.11744786661263901,0.1264860545105685,0.09223667684378818,0.09437474656383454
1,50,0.04504558927118031,0.05875947700790087,0.059710393127058906,0.04504146954227111,0.04505323654606061
3,50,0.015447669214362737,0.020747741078531324,0.02156383268957405,0.015444529644907364,0.01544408193399036
5,50,0.04730266296247185,0.06853636247968174,0.06985534083988697,0.04730275046147964,0.04730018808200597
7,50,0.08610071963786659,0.11799196712675633,0.13343274436327943,0.08135804871978713,0.09023746716098385
1,51,0.04846078101384703,0.05977886098075948,0.06019548259548574,0.04846297569046961,0.048461865931196314
3,51,0.02066582206016834,0.02693712386249922,0.027888756669093868,0.020664089791318053,0.020662663859866114
5,51,0.060573248870338624,0.07937052404890461,0.0798081600304826,0.06056949215959984,0.060568633345344014
7,51,0.0695545086951077,0.11316980376310463,0.1325032059060852,0.06086154772034824,0.07658446809708658
1,52,0.044691554677232556,0.058423249302436406,0.059455944337202665,0.044695978709405684,0.044687926565271194
3,52,0.021761642745406602,0.027737214715023883,0.027968643123017,0.02176059994338146,0.021758389931615676
5,52,0.06509169199349732,0.07783849503488788,0.07803938661433263,0.06508791972504668,0.06508917469896129
7,52,0.04659811906833088,0.0917209566789178,0.11942679768474862,0.033482982111118914,0.05579033268528055
1,53,0.03408924223542771,0.048425138974976384,0.04990464687398818,0.034090414828653895,0.034086921576157635
3,53,0.01856234112939997,0.024016579143587156,0.02447958598499242,0.018560225405294395,0.018559692827333937
5,53,0.06057914117037961,0.07952695139701173,0.08043581938363117,0.060578567831158524,0.06057837597291558
7,53,0.027586169142278797,0.06447136059108782,0.09735606508700677,0.015621580887994825,0.034824645072904614
1,54,0.017752604394373487,0.028217375674727534,0.029844411839755156,0.017751039777869668,0.01775282333138682
3,54,0.011582081556168494,0.016075199059778746,0.016586411832497348,0.011579834610093192,0.011581669583614063
5,54,0.04731686239108304,0.06873309353622294,0.07045706493815118,0.047318608855628115,0.04731495926475601
7,54,0.036996281381841155,0.05902254023655272,0.07986064238911664,0.04017898882518382,0.033662916170605836
1,55,0.002166785275045281,0.003591024759474934,0.00385712536160934,0.002166305131307225,0.0021664570225579725
3,55,0.0022316661600618377,0.003412426944570432,0.0036869528090360103,0.0022320194962530404,0.0022329415842436405
5,55,0.026450385949154172,0.04433401204518317,0.046876335140782384,0.026450386589315297,0.026445875174205418
7,55,0.05987476427752771,0.09142272728259324,0.10378098982982245,0.06615549212611277,0.05357484438342755
1,56,0.02153503096110254,0.033472722732182644,0.03639199616581063,0.021529393800258145,0.02153889918327674
3,56,0.007937301601325704,0.011875124591256923,0.012583122710111564,0.007934934491636209,0.007935217192540533
5,56,0.002879059936568079,0.004414483992620472,0.004880620672413086,0.0028802589685934365,0.0028794281086073404
7,56,0.07926866639452798,0.1083644649509642,0.11488025722767914,0.08448597740817597,0.07434009393659778
1,57,0.036814199101079755,0.051481910189406156,0.052920450845740846,0.036805988290509815,0.03682220931952369
3,57,0.016129914363019214,0.02160648924418686,0.022444117513332577,0.016127348822837048,0.016127418881524472
5,57,0.026487828203588193,0.04422938185978028,0.04748851558195462,0.026496153898190728,0.026493459831111805
7,57,0.09050809321790809,0.1137079190928037,0.12208434075287698,0.0929561939253703,0.08836153951282963
1,58,0.046055441162597854,0.05943094843763246,0.06035008623434105,0.04605165524416274,0.04606147409511158
3,58,0.02097691885519417,0.02726211503642618,0.02824531149140436,0.020975662192971985,0.020974453138187295
5,58,0.04735189356051733,0.06873445960769327,0.07130947243584375,0.04735195207964866,0.04735290771390661
7,58,0.09201080394623783,0.11704536215659554,0.1250630008935083,0.09068568520674584,0.09328149724584099
1,59,0.048338678414589165,0.059624843668310265,0.06049992441242027,0.04834159229582623,0.04833794390880805
3,59,0.021646571709391316,0.027857219510324223,0.028276117720331447,0.021645742206941102,0.021643593875716845
5,59,0.06060706377108516,0.0795885173123272,0.08145023601181021,0.06060333803814711,0.06060666339301144
7,59,0.08364191560820507,0.11716566372233601,0.13400729878621181,0.07793614397139294,0.08849470915279921
1,60,0.04344989096806883,0.057399958392148,0.05848581201429555,0.04345453080335579,0.04344592606949816
3,60,0.01803387771719063,0.02353867733416705,0.02421868110064917,0.018031850296444385,0.01803126129867923
5,60,0.06510857432311928,0.07829208461126724,0.07904466620130245,0.06510520557992469,0.06511088520113195
7,60,0.06660130598205731,0.11354967860329934,0.13345125350464804,0.05605396658017193,0.07475898871020736
1,61,0.031847553478373196,0.04633239136857576,0.0474647632497663,0.03184927512765347,0.031845967974707824
3,61,0.01072195077886743,0.015188111930899218,0.015806357797101562,0.010719818828416671,0.010721171144442609
5,61,0.060574253711270974,0.07873218397370935,0.07931111173772558,0.06057480149676162,0.06057832589156123
7,61,0.04458750716835282,0.0929627765972801,0.12301456069159172,0.028687511041218847,0.05487523852402691
1,62,0.014784415768841092,0.02381222232597415,0.02413844564735078,0.014784487945706052,0.014786021879846276
3,62,0.0011671728599922215,0.001775299662717152,0.0019326876967427104,0.0011672441297133484,0.0011675466678876876
5,62,0.04728256823622068,0.06796178613491276,0.06858851092548819,0.047286372550101825,0.047285377190929255
7,62,0.030314648591179615,0.06630139236683628,0.10507848983450173,0.019949630458652036,0.03685135757320079
1,63,0.005413816306357974,0.00888401826899387,0.009323380682444477,0.005411925770104193,0.00541129608235454
3,63,0.008827479116093925,0.01303665956108003,0.013729640997568831,0.008825728070590778,0.008826985292593152
5,63,0.02635474896978955,0.043593166692658676,0.04465069530257815,0.026357551695697402,0.026354866956180913
7,63,0.04205973114169315,0.06626901217385077,0.08787598202669154,0.045999509368269124,0.037926238590210715
1,64,0.024286787708780858,0.03736559051513987,0.04017215343738994,0.02427966936926247,0.02428851673933853
3,64,0.01677316340751113,0.02234046151611165,0.023168975581227904,0.016771624376937407,0.016772680083773698
5,64,0.0017650093949322895,0.002768914710180222,0.0033228980803337222,0.001766736360523097,0.0017659900399057398
7,64,0.06334550218070836,0.09664831489366618,0.10726446041101705,0.07039061139255212,0.05632803454462401
1,65,0.038704162019254654,0.05340038284890799,0.05460408029979851,0.03869580021364155,0.038710259144661696
3,65,0.021241802605416804,0.027474311410456708,0.028434113551440033,0.021241588353272053,0.021241313604948894
5,65,0.02643306601613797,0.04353790669492771,0.04663119316236669,0.026438309564493848,0.026434610496925692
7,65,0.08088271938501584,0.10961347296063122,0.11662470318819211,0.08673112244366443,0.07543001486309898
1,66,0.04688680251016772,0.059618590349628485,0.06086135570192516,0.04688416904677954,0.04689065682725561
3,66,0.02148778173920924,0.02778054142217993,0.028446897730101544,0.021487766375151048,0.021486459004169668
5,66,0.04735410521308081,0.06822100341247168,0.07121136999950732,0.04735145760391131,0.047352064337381504
7,66,0.09040242697691699,0.1145054062211627,0.12313655230394258,0.09308040873148155,0.08812682934191764
1,67,0.048035857380495706,0.05999142351380255,0.06052804105004949,0.048039878034287484,0.048034258446566155
3,67,0.01747275449412911,0.023049610230822578,0.023815781261963313,0.017471426366080522,0.017471401741304488
5,67,0.060631408550986976,0.07944171167032106,0.08185401973778653,0.060625691349505476,0.06062946029688544
7,67,0.0904368855685324,0.11648914334647414,0.1252787367272046,0.08873583820279443,0.09206327148370609
1,68,0.04204280748247784,0.05631474304939186,0.05720549419132807,0.042047796716376526,0.042040402363895564
3,68,0.009851099002911975,0.014227045953518312,0.014912983447488223,0.009849557638424381,0.009850880934782395
5,68,0.06514470404275884,0.07908623121590101,0.07986027354870047,0.06514020611363858,0.06514726863103022
7,68,0.08102814723125167,0.11659599857722695,0.13397864268722873,0.07417173809255499,0.08671158135090312
1,69,0.029475626542225405,0.043884882856687187,0.04514849376945813,0.029477741789819097,0.029476792115560545
3,69,8.769415613310168e-05,0.00013210012962374217,0.0001515769617454045,8.774386300043482e-05,8.763681930252356e-05
5,69,0.06061167095524799,0.07930094649702664,0.08080062610623463,0.06061164150306818,0.06061797534080978
7,69,0.06372323272736143,0.11301967268665869,0.13401119487544874,0.051062286164958684,0.07303900368435069
1,70,0.011754135016814778,0.01876035516118393,0.01914603996281759,0.011755178381746464,0.011758539666020902
3,70,0.009708944344312605,0.01406772912547929,0.014760406163043574,0.009707879168342913,0.0097098955866202
5,70,0.04731223504386617,0.06793671979988239,0.06950010627330105,0.047316420813993246,0.047318729272016614
7,70,0.0431910031145796,0.0947891374943492,0.12519933960756804,0.024539402320294144,0.05430863136752668
1,71,0.00858177817346146,0.013842108792071942,0.014344973425081143,0.008579303537947735,0.008577317962698274
3,71,0.017378363308214632,0.02296417993483038,0.0237386713189761,0.01737806348321342,0.01738013685461377
5,71,0.026354178174406332,0.04297300604403516,0.04411254782065745,0.026358248568731514,0.02635900902981067
7,71,0.033673747158330096,0.0684962627148308,0.11016460217313385,0.025151596897251743,0.0391573562555833
1,72,0.02691230706708872,0.04079272343499422,0.04290341066162004,0.026905145300206573,0.026912758820837913
3,72,0.021458730827488098,0.02775179182539125,0.02845909200651502,0.021459845993182472,0.021460753687282997
5,72,0.00021473140644802632,0.000347530147402361,0.0004143374713895476,0.0002145841736291875,0.00021480692732274442
7,72,0.0467816402246438,0.07436802781856995,0.09315301911740156,0.05150325925716861,0.04178584578941171
1,73,0.04043217755637192,0.05503620495568804,0.055757107017563964,0.040425090049634106,0.040437229951200956
3,73,0.021282158756870822,0.02750252003320168,0.02844907816299169,0.021283250028456477,0.021283195025308246
5,73,0.02634417922566165,0.042855932649409394,0.04332340249099453,0.02634753190980834,0.026340762514377794
7,73,0.06648175514689976,0.10049768829205542,0.1083742361958839,0.07426302968365824,0.05877321349210997
1,74,0.047542161741363866,0.05992824363252521,0.06075575750936064,0.04754170068523819,0.04754498861821267
3,74,0.01687646862979084,0.02244253027880094,0.023275121399794964,0.016876114398132504,0.01687714310970921
5,74,0.047305141609737665,0.06788494683280745,0.0689423283203107,0.04730173401262554,0.04729805369441903
7,74,0.08217072122311712,0.11080216898687993,0.1182396754064841,0.08858976404181976,0.07627663960499279
1,75,0.04755798662330771,0.05993289925867546,0.060743633273896744,0.04756367664723695,0.04755659471897716
3,75,0.008972579972601018,0.01321517149693385,0.01391133142048366,0.008971837247587164,0.008973674858678718
5,75,0.06060507568216463,0.0792310619042304,0.0804192480565572,0.060598827434491694,0.06059777404646722
7,75,0.0899869701887089,0.11505560191458675,0.12445865782927623,0.09280538667706471,0.0876956198915838
1,76,0.04047717290840318,0.05507297337911749,0.05579334944322476,0.04048251766090115,0.04047673844860385
3,76,0.0009927388419637062,0.0015093316280510487,0.001650142698337734,0.0009924111224002986,0.0009926559694660288
5,76,0.06513920415740038,0.07896355818403894,0.07982313902260736,0.06513412768057544,0.06513628763425848
7,76,0.08861946492213732,0.1157413308959548,0.12676685653332243,0.08641829782497124,0.09072277433496347
1,77,0.026979588387142903,0.04087138666021504,0.04297089640085524,0.02698142323804638,0.026983122189706436
3,77,0.010582167928557405,0.01504632457948254,0.015667861092556093,0.010581652006563434,0.010583912233754338
5,77,0.06062853290788377,0.07946570127767313,0.08193236279326747,0.060627282768975416,0.06063003341201765
7,77,0.07830658712472185,0.11654432178254244,0.13391113124939286,0.07012131155043785,0.08491773263736069
1,78,0.008661911275722094,0.013974982248710233,0.014479006233487097,0.008662997777124048,0.00866774711967116
3,78,0.01794723964360325,0.023462488007594588,0.024162289658608973,0.017948100109327583,0.017950656595749317
5,78,0.0473563373191669,0.06836516503865653,0.07142586201768372,0.04735849881726429,0.04735862057728674
7,78,0.061015911696554806,0.11231237979949069,0.13391358912853604,0.04600522181702524,0.0714787503777681
1,79,0.011675256429063738,0.018644563366093814,0.019012999253682866,0.011672516803040855,0.01167173250032954
3,79,0.021627842395001037,0.027861316377694536,0.02831170945163186,0.02163025415247015,0.021631858362180695
5,79,0.02645102502604895,0.043699181385365944,0.04702602386070264,0.026452319290506617,0.026452060297164213
7,79,0.04253815902992823,0.09462018798453288,0.124541677768162,0.021667095824164515,0.05413669671324197
1,80,0.029411082726815908,0.043820543890275225,0.045083167805250096,0.02940415228055163,0.029413287813867952
3,80,0.021028068645904896,0.027298475321981604,0.028286864958216768,0.02103022902837708,0.021031156713881772
5,80,0.0020858512348621737,0.003241646119835706,0.003856187140355354,0.0020849108146650287,0.002084817963514987
7,80,0.03741085414084034,0.06990092725918827,0.11061446967457673,0.030693429235268552,0.041640255074764466
1,81,0.042001619371501486,0.056289578533276284,0.057164671825753605,0.04199567252313414,0.0420081468482883
3,81,0.016242245144627868,0.02175044876982306,0.022568448159762864,0.016242812087800255,0.016244918962770402
5,81,0.02637263747189754,0.043813631513504786,0.0451806857369762,0.026379081051129197,0.026372361605291196
7,81,0.05116106976382855,0.08156797101666086,0.10091250935730119,0.0566797652212782,0.04526394054731816
1,82,0.04802467685973137,0.059992678582202495,0.06053299763611988,0.04802547436078253,0.048028500343135536
3,82,0.008085901907633237,0.012073253495752863,0.012769089743952203,0.008085988103180298,0.008088576586405705
5,82,0.04728807498660239,0.06815768472401067,0.06897230702642004,0.0472873912541629,0.04728300848646461
7,82,0.06926304568114211,0.10470229248869507,0.11316855922021765,0.07774717325616647,0.06089128494662316
1,83,0.04690729012395177,0.05962297182337715,0.06086697887682965,0.04691306569138317,0.0469071559820636
3,83,0.0020595326865981093,0.00314611210823851,0.003403175618722504,0.0020587192393231447,0.0020587582489902936
5,83,0.060572763846872456,0.07894423000504958,0.07928560934870309,0.06056845763892839,0.06056586372448571
7,83,0.08311828382998114,0.11167227094020361,0.11895401866396406,0.09004417805383003,0.07686206617582686
1,84,0.03875311804387618,0.0534452686198104,0.05463393814105622,0.03875704837439592,0.03875432738865568
3,84,0.011444145074538743,0.015934422892612755,0.016463672724426528,0.011443779262836908,0.011445740342457182
5,84,0.06510147390793125,0.0781070332201649,0.07873073873956012,0.06509731795180689,0.06509715944659591
7,84,0.08926542989537047,0.11539727362270247,0.1257540386589149,0.09213389884531152,0.08706906716132773
1,85,0.024357114844661628,0.03747480997708955,0.04026503525034999,0.02435703544537797,0.024361577683052152
3,85,0.018481571285255762,0.023942482554908204,0.024444852673197067,0.018483120988840324,0.01848543969669512
5,85,0.06059637499645976,0.07959989877833697,0.08117336551142004,0.060595318446074645,0.06059463066413406
7,85,0.08658139682662577,0.11520406187914808,0.1283603633241954,0.08375374961390487,0.0892798274749337
1,86,0.00549601928050783,0.009009116736354439,0.009479620528591345,0.005496042218199373,0.005501069699738071
3,86,0.021751045368738023,0.027770165779219175,0.028030209036219594,0.021754275896896047,0.021755796846871456
5,86,0.047340209554256385,0.06878486263665548,0.07109258939810063,0.047341428907725254,0.047337963936263314
7,86,0.0755327389499072,0.1164351670181613,0.1332236427969774,0.06583241954794133,0.0831574995674568
1,87,0.014706519101413382,0.023692177825719554,0.02399049991230541,0.014704062709624842,0.014705953635543997
3,87,0.020725934771830212,0.027021216988661147,0.027961416338026294,0.02072870029771678,0.020730013262006387
5,87,0.026480682021771475,0.0443183217375659,0.04738086797974394,0.026480085909735666,0.02647624278173875
7,87,0.058586113469187795,0.11204248705888328,0.13395507127023532,0.04101074665683793,0.07014592840182797
1,88,0.03178594466260572,0.046281597271328356,0.04738975208672001,0.031779413951983346,0.03179137472753575
3,88,0.015568070548967923,0.020903437114822253,0.021723144990006358,0.01556917912077377,0.015572040235479227
5,88,0.002945453917382864,0.004532961281638642,0.004927643044662312,0.002945919196508551,0.0029445762770206837
7,88,0.04269589480418605,0.0943264280240866,0.12599955000430182,0.020696688269171294,0.05438918380332693
1,89,0.043413214082707194,0.057375824046381724,0.05845675921842082,0.043408270943498084,0.043421584240583434
3,89,0.0071871259994885665,0.010867122062973437,0.011534007565948943,0.00718796158536404,0.0071911032834055585
5,89,0.026468709520151026,0.044375132587100574,0.04715000861005804,0.026477641778019863,0.026473812612306743
7,89,0.04134683975681469,0.07333832217106723,0.11349291636598806,0.036293590483032656,0.04423067020239076
1,90,0.048332804155040085,0.05963932332788595,0.060504876100540055,0.04833423274934316,0.04833696970579456
3,90,0.0031014193477638704,0.004744481527848959,0.005114614429493753,0.003100002660769883,0.0030995695281097156
5,90,0.04733094502724184,0.06878549359925942,0.07076628063478578,0.047331615916199866,0.04733114561593797
7,90,0.05520184445321647,0.08814374913493003,0.10455024685591857,0.06151434970398047,0.048381283120144794
1,91,0.04608114481973494,0.05944954949764186,0.06036586223399546,0.04608606534692719,0.046080768393085524
3,91,0.012289510554591066,0.0168140770632379,0.017165564996604488,0.01228874396363608,0.012290064336944248
5,91,0.060588445407752815,0.07958127458399275,0.08078523427488996,0.060585027147585006,0.06058672207556136
7,91,0.07168279976292691,0.10653722194789597,0.11562259649081764,0.08083175261695232,0.06267437217912784
1,92,0.03686770297776166,0.05155073313486289,0.052984289442230915,0.03686951984692735,0.03686844116489226
3,92,0.018982560937483815,0.024579800800082447,0.024698976647218207,0.01898401481609913,0.018985603868693347
5,92,0.06509483234152486,0.07793736590253482,0.07832193866080923,0.0650913681244412,0.06509534268795814
7,92,0.08371795023594092,0.11239862689337918,0.12012560833051117,0.09108754909397855,0.07717621370765534
1,93,0.021608914424614288,0.03360317243887126,0.03651428835443333,0.02160664068467943,0.02161213857724548
3,93,0.02183134736057606,0.02751446380388499,0.027805668233766487,0.02183452242839782,0.021835406941372083
5,93,0.0605693633683907,0.07922544710761921,0.0795313088617143,0.06056939492468195,0.06057136397109393
7,93,0.08824257478859028,0.11547405109667525,0.12608764864151709,0.09107135675750773,0.08625358657859782
1,94,0.002251857588376946,0.003725803159997479,0.00400136890125286,0.0022507439281384363,0.002254472661725168
3,94,0.020378153934827333,0.026526180360939185,0.027445356472750638,0.020380696880075183,0.02038192204232808
5,94,0.04729136948466845,0.06836472767356547,0.06946659899615694,0.04729405472056372,0.04729190098012099
7,94,0.08434306472490521,0.11466177278097364,0.1295197340523775,0.08075760305378589,0.08776071775457153
1,95,0.017675533322485944,0.028089100273576736,0.02968511710562005,0.017672925484480257,0.017678089072510613
3,95,0.014853560251382188,0.019983211619992614,0.020700419056108265,0.014854589887160218,0.014857810862774469
5,95,0.026394736022540864,0.04405398554864989,0.04578589806378532,0.026395849363264674,0.02639240436129809
7,95,0.07275597094365902,0.11642314369972742,0.1312399914238543,0.06134104705531871,0.0814819768155581
1,96,0.034030501357065056,0.04836284483948557,0.04983745021941363,0.034024121284925955,0.03403821789417858
3,96,0.006270201494245543,0.009556683236974832,0.010156886744353772,0.0062715487670036915,0.006274830187878826
5,96,0.0024151558692369003,0.0037080196823417668,0.004337334468765574,0.0024166920011435764,0.0024159066713105525
7,96,0.05652829943651341,0.11165453097053567,0.13241127231684477,0.03622376552232667,0.06910704189152023
1,97,0.04465940306731536,0.05839935849733722,0.05943187527522388,0.04465556945602019,0.044667651210249106
3,97,0.004112063172152832,0.0063078314393682,0.0067570814567148646,0.004109974627369552,0.004109091958877221
5,97,0.0264720988278493,0.043874374027246844,0.04734382014913048,0.026479364601584492,0.026475990079607832
7,97,0.043630433994712996,0.0944149712657003,0.12699349715512462,0.021825686195394392,0.055065475383202576
1,98,0.048460035548067694,0.05977894767092561,0.06021234780586368,0.04846243850831001,0.048462310286876
3,98,0.01311208231228484,0.01783166448428362,0.017951182582508097,0.013110466047778843,0.013111083250586122
5,98,0.047362148091596896,0.06850732085793326,0.07154265007149521,0.04736106843493547,0.047362043323566236
7,98,0.045344711653488114,0.07712150748370113,0.11521698948865094,0.04179460868573106,0.046881038929134686
1,99,0.04507634267919699,0.05878394541540957,0.059734015933031834,0.04508106891128896,0.045073841350477886
3,99,0.019450372051643173,0.0251230459098936,0.025704889666645747,0.019450987830337454,0.019451684536703314
5,99,0.060626073687457066,0.07952029432707983,0.08190809269668171,0.06062149704847952,0.06062554838871598
7,99,0.05890459739622106,0.09416976105671766,0.10771613901948615,0.0659906248829945,0.05116642039075316
1,100,0.03482338302440348,0.04922881649132246,0.05066502716218152,0.034824490436374075,0.03482209005128144
3,100,0.02187182716820355,0.02715544289681557,0.027512744667894985,0.021874064016381194,0.021874107493237892
5,100,0.06513058683926734,0.07878035797989519,0.07968110775253201,0.06512680409253481,0.06513396818305785
7,100,0.07374016003426972,0.10795341870236103,0.11704657272866863,0.08350961192201224,0.06412552647758664
1,101,0.018750800825618075,0.029648556299485068,0.0317132541077777,0.018748430738678983,0.018751912760071078
3,101,0.0199883770157435,0.02597422120475815,0.026779747637800146,0.01998987240833875,0.019990770528008
5,101,0.060592883225567405,0.0791109774803231,0.07998435997617277,0.06059344047674446,0.060599179817603044
7,101,0.08396728810436459,0.11294862003933179,0.12078149693285824,0.0917165856902179,0.07720712365031134
1,102,0.001042494409144488,0.001731450721542366,0.0018691605614593184,0.0010430895188639083,0.0010417660093853388
3,102,0.014100311153028686,0.018975027796157534,0.019556596689714444,0.01410064970345091,0.01410390009206127
5,102,0.047291636650645764,0.06769754020365448,0.06844326775637263,0.047296116948357156,0.047297473145555366
7,102,0.08692449892093453,0.11493503808518388,0.1264093889667879,0.0896258409001434,0.08524090113480241
1,103,0.020567735944700637,0.03222781036047608,0.03490180483961297,0.02056331618860492,0.020571770186599513
3,103,0.005328696165390359,0.00815654793087758,0.008704310564270483,0.005330191425172594,0.005333217345503939
5,103,0.026336376588133408,0.04289978696022228,0.04312989179290334,0.026340410990197103,0.026340054113920604
7,103,0.0819271686244321,0.11443310509521629,0.13009007355203203,0.07745066240277501,0.08617328310833469
1,104,0.0361312199067201,0.05075451353553805,0.05209788837175065,0.03612376566296922,0.03613979063970195
3,104,0.005090085422264595,0.007796543947114119,0.008324680704869296,0.005087405789099623,0.005086312124833566
5,104,0.0007278416666694104,0.0011672440139578115,0.001401295792620658,0.0007281982517755467,0.0007284384830230057
7,104,0.07003178694500165,0.11609573594708916,0.12825562438262336,0.05670284076804321,0.0799225474691063
1,105,0.04573043046653637,0.05920639107135199,0.060085208562686884,0.04572689445454795,0.045737561289776345
3,105,0.013906058984808817,0.018722194913159212,0.01924510135360227,0.01390348061069757,0.013903515414938273
5,105,0.02637604410305544,0.04312535877876752,0.04501676321714175,0.026379812941446347,0.026374007007260124
7,105,0.05494421503431469,0.11124046532461061,0.13033061618691713,0.03189592265806367,0.06841589487473106
1,106,0.04840137498578174,0.05947948850511274,0.06045868288221022,0.04840441853424311,0.04840165064512316
3,106,0.01988392986654604,0.025812376908189282,0.026580935868563072,0.019883372181111043,0.019883197520765065
5,106,0.04732871006860264,0.06799605197185521,0.07014480317214905,0.04732517078996601,0.04732326455030684
7,106,0.045262782240846657,0.09437324182546393,0.1272744640345943,0.024713393740255267,0.05615491370692604
1,107,0.04389394528365457,0.05773512250682374,0.05882702260502967,0.04389874273201837,0.043890411530264524
3,107,0.021874690673345108,0.02713992502396286,0.027424978486644158,0.021875525614394035,0.02187469182376673
5,107,0.06062202353922762,0.07934184847174675,0.081226232034409,0.06061557657187902,0.06061685485928726
7,107,0.04932420850323367,0.08251906934523714,0.1158931611855025,0.04712752426923662,0.04958288552924505
1,108,0.032629717752556,0.04701697415673757,0.0483281313043388,0.03263121733090116,0.03262827118789357
3,108,0.019560564976009897,0.025291225610168982,0.025922484759328786,0.019560582167895236,0.019561006467711906
5,108,0.06514846781876896,0.0791688197897735,0.07981347735910042,0.06514332743153425,0.06514819449781939
7,108,0.06228001587257109,0.09813820280855297,0.108624970992037,0.07009971783182299,0.05367251730872764
1,109,0.015807142573337787,0.025362112236679255,0.026099544393933753,0.01580648297896986,0.015808700571782953
3,109,0.013311823115790464,0.018029297631163815,0.018280947365778837,0.013311133074735467,0.013314107722638557
5,109,0.06062747238685308,0.07938527045932198,0.08164120653127227,0.06062655998778201,0.06063181038864333
7,109,0.07543829670582711,0.10946381261068132,0.11811703954717749,0.08577202590670249,0.06526730100089026
1,110,0.004311622188277472,0.007118725672027547,0.007548890545493284,0.004310392842960957,0.004309458688233625
3,110,0.004357290546907068,0.006689689279852631,0.007146683514616954,0.004358602572291425,0.0043610354044216655
5,110,0.0473409902884963,0.06809911529451967,0.0708132934466701,0.04734403146476454,0.04734612700851961
7,110,0.0838642008632369,0.11357880640881893,0.12088459234327097,0.09192248818820899,0.07695238021798244
1,111,0.023359588812884798,0.03603284172511688,0.038998790386083,0.02335300170316811,0.023361881343993255
3,111,0.006037981262018781,0.009211487156352526,0.00982124707120384,0.006034977420123916,0.006034002524807322
5,111,0.026405376349374145,0.043323435897474574,0.045996901961217224,0.026407978820931346,0.02640925531875428
7,111,0.0853110612817663,0.11384274295949692,0.126484847074681,0.0877960191601344,0.0840170632295292
1,112,0.038076313598212355,0.05276548121309767,0.054169927571795985,0.03806797032750428,0.03808318336599784
3,112,0.014666710855079394,0.01973239539781443,0.020441888243601877,0.014663461056211897,0.014663121760444237
5,112,0.0013277379734891038,0.002113147425596935,0.00253300556329524,0.0013266049929851701,0.001326878036956963
7,112,0.07934940311025676,0.11436430748511416,0.13167884461161408,0.07384821940298608,0.08450958131563054
1,113,0.04662278500853029,0.0595964348140799,0.060750273443831423,0.046619822918323096,0.04662758635094161
3,113,0.020281032290604902,0.026376216863342086,0.02730305286328024,0.020279508292426127,0.020278562552591674
5,113,0.02634295726885978,0.04329160224848903,0.04398608516657714,0.026348022963149958,0.02634013915562789
7,113,0.06741172576755154,0.11601907494549477,0.1289948874837931,0.0519803482436742,0.07848818653541864
1,114,0.04815968286985059,0.05983968481203887,0.06051921341871931,0.04816349056888452,0.04815858244206637
3,114,0.0218407302412425,0.02742877835553948,0.027744874220660437,0.02184029298279709,0.02183861210759764
5,114,0.04728721951784159,0.0677241296364552,0.06839179641717344,0.04728545121697751,0.04728003442363773
7,114,0.0539119963558257,0.1109726221452301,0.13033777311004488,0.028372978382387736,0.06808684989139203
1,115,0.042542363550510436,0.05671673548682359,0.057686386959152514,0.04254736994382243,0.0425397691898134
3,115,0.019098217573638332,0.024660192668025584,0.02495786441161895,0.019096870862436433,0.0190967254937808
5,115,0.060583269434443296,0.0788260154010687,0.07956196915125516,0.06057826588375587,0.06057492713591277
7,115,0.0474723276935039,0.09347188090289038,0.12830094818831098,0.02874661885468909,0.05760616058061667
1,116,0.030301051432122764,0.04479077757214875,0.045894718920843694,0.03030305664927681,0.03030184871114486
3,116,0.012493278629023906,0.01705157027421169,0.01732517588127489,0.012491613284158567,0.012494047956446132
5,116,0.06511836507020406,0.07851793689492798,0.0793752355500351,0.06511400556051068,0.0651134549357364
7,116,0.05322954004213891,0.08703048841568876,0.11660806008904126,0.052246345214415686,0.05231292337173539
1,117,0.01279717838543777,0.020473937650424715,0.020767705277133366,0.012797813593373602,0.012801414838128529
3,117,0.0033530829462924735,0.005129105264092378,0.005520209858819188,0.00335400948348519,0.0033556326462614848
5,117,0.06061473710836601,0.07958029229992351,0.0817152478444022,0.06061376658179134,0.06061344849019111
7,117,0.0653431206644246,0.10245591452750409,0.11329745523561063,0.07383535086394287,0.05594940887940482
1,118,0.007507467908907448,0.012186355522294624,0.012727391702770933,0.007505456955758566,0.0075026732363410705
3,118,0.006960791752499804,0.010550064188893421,0.011199442434710079,0.006957835853274861,0.006957355624459466
5,118,0.04735596928754069,0.06864772092766346,0.07148740415981973,0.047357668489984066,0.047354954671913696
7,118,0.07678695686500903,0.11092181248251522,0.1185919376873327,0.08761598967817505,0.06612938998937354
1,119,0.02602904935034703,0.03961850309203368,0.04203062371765502,0.026022022581403157,0.026029147584358803
3,119,0.015390692223799497,0.020672237302419308,0.021482595193891174,0.015387354392520914,0.01538698073970379
5,119,0.026484305348049717,0.04413179527304864,0.04751129343474642,0.02648444435252843,0.02648166494497168
7,119,0.08341547848023088,0.1134488355899236,0.12118707971521987,0.0917065377576217,0.07642256323552638
1,120,0.039859532602345114,0.05449162885020701,0.055331306019273295,0.039852124619961876,0.03986447275400709
3,120,0.020638656463782906,0.02690038221160644,0.027850296549127664,0.020636804951289882,0.020635382698141313
5,120,0.002722269446571983,0.004210090411407299,0.004704565909277252,0.0027218258071396357,0.0027212154965867196
7,120,0.08340758807619904,0.11226087814369655,0.12560731419251112,0.08558929202674408,0.08257677871623409
1,121,0.04733790488097344,0.059838459083670685,0.06089281871082428,0.047336978958221865,0.047340801584598184
3,121,0.021769113622530454,0.02772072986428558,0.02793687363308998,0.02176803578163954,0.021765738483621774
5,121,0.026428286524454597,0.04428799536831023,0.04644475972863544,0.026436447128053372,0.026431384159700557
7,121,0.07662757930217873,0.11435781496976843,0.13340518678376545,0.06997409005197835,0.0827627054126421
1,122,0.04774120356622526,0.060009724866779086,0.06059809911907227,0.04774672478794487,0.047739695249283065
3,122,0.018603732500251848,0.024062627380228862,0.024495786127851662,0.01860161935767408,0.01860097603661367
5,122,0.04730737082354883,0.06862515457991081,0.07003991367962531,0.047307641775136425,0.047305366817129164
7,122,0.06494462137606585,0.11619082706823519,0.13138885135885855,0.04725704186140391,0.07717715933140432
1,123,0.041030634399333195,0.05553729489390318,0.056242929296437254,0.04103618273939651,0.04102990270852106
3,123,0.011651101032217615,0.016142888840630625,0.016647158920662965,0.011648889919861719,0.011650656693897312
5,123,0.060574953284814936,0.07942154462032207,0.0799914599990546,0.060571202038779304,0.060570759996175
7,123,0.053461890161991356,0.11112761745436087,0.13241849197847044,0.02606490454769968,0.06809347296128687
1,124,0.02784750063042929,0.04190587656272358,0.04378969149194252,0.027849575862281106,0.02785102088218913
3,124,0.0023168478404104764,0.003544541989923802,0.003831864637096851,0.0023173429256138243,0.002318151935012706
5,124,0.06509090116567393,0.07776159546542315,0.07797594920554612,0.0650870686404113,0.06508882209161329
7,124,0.05011473185489596,0.09373732530759486,0.131284029223923,0.03341131889474935,0.0593399723228333
1,125,0.009727162198404289,0.015608218275240957,0.016085348563470624,0.00972823205781661,0.00973358191778396
3,125,0.007864744449217613,0.011769703944679433,0.012489282597260655,0.007862185841789377,0.00786255395698473
5,125,0.060576109808313135,0.0794817775950644,0.08025453199424058,0.060575610880692604,0.06057574456990564
7,125,0.05701645472164612,0.09252109294233303,0.11832599612908536,0.05712124882539581,0.05503946075218715
1,126,0.01062473560565087,0.016985391372446687,0.017419599261882288,0.010622219950717804,0.010619805933963741
3,126,0.016076111839503138,0.021546850386804196,0.02238119228794965,0.016073333088534345,0.01607344424236086
5,126,0.04731141819866785,0.06866598274710081,0.07029067490610288,0.04731332791673868,0.04730978184109883
7,126,0.06811173561315664,0.10533456772371158,0.11590135685229826,0.07719785428980729,0.05804185761146967
1,127,0.028570558110414614,0.04279258643095792,0.0443891635964762,0.028563616408331424,0.028571364295514934
3,127,0.020953387735157526,0.02723097086991465,0.02822322785227542,0.02095198662851489,0.02095071918016471
5,127,0.026440862684565317,0.044331635117007946,0.04671120804137654,0.026440986921732516,0.026436478486857807
7,127,0.07780250076335919,0.11169867949211786,0.11905688312011546,0.08904472757673138,0.06674743915959072
1,128,0.04148267829515313,0.055900342354470056,0.05667591033476627,0.041476431325128786,0.04148831287916702
3,128,0.021657442591201177,0.0278580495721241,0.02825733136678773,0.021656542519206654,0.021654236416085278
5,128,0.002824205818215078,0.004344086089826197,0.004823449436865179,0.002825504030156473,0.0028247392315548805
7,128,0.08263727216426701,0.11302017867774235,0.12116720378301009,0.0910777182836408,0.07564083545389333
1,129,0.04787930536379307,0.06003487746613318,0.06057881150354373,0.04787993370680925,0.04788268981253863
3,129,0.018077847657216917,0.023568960877171162,0.024245177710014002,0.018075778357231134,0.01807502240358789
5,129,0.026488248986133178,0.04418511691641924,0.047513449288049805,0.026496699230708774,0.02649387460292009
7,129,0.08122855737698956,0.11090009575098927,0.12405090645176643,0.08302105099005752,0.08092746233913974
1,130,0.047149654341864876,0.05971645072333458,0.0609137275208275,0.047155781844963864,0.04714928715868557
3,130,0.01079206133923159,0.015265548910077269,0.015874541623583923,0.010789924796678955,0.01079116119946858
5,130,0.04735538329770925,0.06871120869359372,0.07139541129560138,0.04735532202569197,0.047356376130375015
7,130,0.07378635269145796,0.11435773322145684,0.13301271580340293,0.06586181592739626,0.08093271688913233
1,131,0.03936108273504782,0.05400987009983881,0.05501557276093568,0.03936577051172313,0.03936233151737074
3,131,0.0012541032780987583,0.0019054717416055976,0.002080533298135792,0.001254290089242874,0.0012544335849158893
5,131,0.06061124086941385,0.07957995507587476,0.08156982636257581,0.06060732839431536,0.06061094428885914
7,131,0.06268026605619029,0.11611061905411717,0.13334752176016457,0.04265081762172107,0.07598284022814134
1,132,0.02526866148932967,0.038609978441991676,0.04126363276830364,0.02526929505472878,0.02527374701280105
3,132,0.00875576783901999,0.012949829930683334,0.013637700029301099,0.008753841132566326,0.008755218922841493
5,132,0.06511248969389172,0.07838829255170977,0.07918854273934638,0.06510898271686294,0.06511514387039702
7,132,0.05357342864883392,0.11146600261761588,0.13395866101307213,0.025325891919033502,0.06837631178789487
1,133,0.006587888898677079,0.010756654995300263,0.011272040681165992,0.006588184499995068,0.00659428215672014
3,133,0.01672251551439772,0.02228009573811781,0.02311430822849348,0.016720784450842983,0.016721881676617187
5,133,0.06057680199543794,0.07871260533233124,0.07940110817708579,0.060577408316008365,0.06058144083377669
7,133,0.05303988754198816,0.0935577015125773,0.13326411122051574,0.03836722273345395,0.061257519062086735
1,134,0.013676384914721314,0.02195407074071798,0.02223443695393046,0.013673976573029255,0.013673974917765832
3,134,0.021222122423257408,0.027472750398585544,0.028424923291938835,0.021221783966616455,0.02122142355312677
5,134,0.04728251954638867,0.06786348145206739,0.06847137479418589,0.047286590876599345,0.04728596240303213
7,134,0.06063972516477487,0.09682904314726962,0.12159192138457459,0.0617227668877134,0.05771722953849126
1,135,0.030987861824214803,0.045522563828075166,0.0464860470200606,0.030981227073711273,0.030991733595292555
3,135,0.02150234384806023,0.027797271651932007,0.02843880768091422,0.021502272378940743,0.02150076548217599
5,135,0.02634820892455079,0.04346006008645138,0.0443793261470561,0.026351363122462668,0.0263489634095633
7,135,0.07059660736209594,0.10695623709755203,0.11757996379631787,0.08018154466104456,0.05998342233339668
1,136,0.04294863622638205,0.057030676816653005,0.05807185659480663,0.042943351762877335,0.04295632200856142
3,136,0.017519469636818392,0.023098893440152868,0.02385328664297981,0.017518106173666715,0.017517870103776326
5,136,0.0015904110208190948,0.002509537364647754,0.0030145118963269793,0.001592059240324633,0.0015914294675284585
7,136,0.07850357767750613,0.11226352481523905,0.11940475025870606,0.090057750027667,0.06716572749590616
1,137,0.048247575181990986,0.059745861788605414,0.06053918743641163,0.048248886014258904,0.048251794698630765
3,137,0.009921929828073666,0.014301746059379842,0.014989717092372665,0.009920383782268885,0.009921538246879507
5,137,0.02642254253619115,0.04343250868768905,0.0463894003330577,0.026427618129060325,0.026423500546883447
7,137,0.08155526644206174,0.1128337383946538,0.12056108458416026,0.09004371401272572,0.07465239854133099
1,138,0.04638390751322439,0.05957185887574172,0.06058060310128768,0.0463892327856458,0.046383970814444044
3,138,0.0001753744562052196,0.00026395371769720374,0.0003028101644746146,0.00017551763244313915,0.00017520986092500024
5,138,0.04735050422190541,0.06818416964348376,0.07106487202110073,0.04734758336136622,0.047347846651127
7,138,0.07880481444469734,0.10982634736916122,0.12479444120287243,0.08011037607307703,0.07910597041316907
1,139,0.03753095271501013,0.052201088964492416,0.053672663184171694,0.0375334018556902,0.03753250171097587
3,139,0.009637880706719991,0.013980264335418555,0.014684420715614994,0.009636668111701236,0.00963886593975684
5,139,0.06063103512864903,0.07942970421734624,0.08178116035814047,0.06062500224590054,0.0606285367660814
7,139,0.07087209253740155,0.11457101644394972,0.1334454506661725,0.06156002964797836,0.07904802457273086
1,140,0.022562551094687706,0.03504905705019315,0.03789922948817041,0.022560709497676735,0.022567072410949938
3,140,0.01733075380739709,0.02292012924077781,0.02369918178972696,0.017330307896163202,0.017332474646817465
5,140,0.06514671236319823,0.07912118614710169,0.07985243740582988,0.06514195171828846,0.06514893408682913
7,140,0.06068797196801736,0.11536566698494694,0.13296634166752883,0.038339690388700935,0.07491784635444401
1,141,0.003369404825935002,0.005582438644321981,0.005975040387769333,0.0033683487406136548,0.0033737245783116393
3,141,0.02144297563329633,0.027733541984391867,0.028463189798238565,0.0214440171351497,0.02144488051551454
5,141,0.060615519436852734,0.07931731651668779,0.08098339416611977,0.0606153453369593,0.06062178987085099
7,141,0.054201839028023883,0.11153594228451372,0.13399011891870016,0.02627071563340817,0.06887040337281053
1,142,0.01666772025195509,0.026588040857234766,0.02777074385279839,0.016665450647612844,0.016668635004023824
3,142,0.021300622552280733,0.02753277955470971,0.02845478678429755,0.02130170593297922,0.02130147556141618
5,142,0.04731769172236523,0.06795314296705599,0.06977421319500599,0.04732183846835597,0.047324282145192624
7,142,0.05611478676432027,0.09452055086907231,0.1339085214826017,0.04340343713519564,0.06325244391306395
1,143,0.0332783510792768,0.04763442379752844,0.04903361318504447,0.033271966708768995,0.03328498629076086
3,143,0.016926157898801007,0.022499046228874223,0.02332635715530233,0.01692581274710215,0.01692663005662246
5,143,0.026361816691368247,0.043032388273046236,0.04449423888114629,0.026365840344003234,0.026366801848041823
7,143,0.06405129536685801,0.1007248393765963,0.12451951653460229,0.06601935451542856,0.06027612446596421
1,144,0.04425261165949814,0.05801627102113083,0.05912848764798746,0.044248312713436884,0.04426084859265829
3,144,0.009044010771812827,0.01330633169440974,0.014000502062988581,0.009043293165777393,0.009044934893432133
5,144,0.00042826815035181486,0.0006894802261528736,0.0008256887320476513,0.0004279036655147249,0.00042833460142219383
7,144,0.0727928435930864,0.1085684418440648,0.11769712627170369,0.08277432184157581,0.06176695011938335
1,145,0.04843750298542208,0.059644446749316564,0.0604016574606072,0.04843945432003654,0.04844042873764174
3,145,0.0009056002891543105,0.0013779592413869616,0.0015122959469963805,0.0009051913110825352,0.0009056709891894123
5,145,0.026340556681023027,0.04278608209729091,0.042960386904871216,0.02634418062904829,0.026336961484909955
7,145,0.0789045441260657,0.11256880223314235,0.1203007522233764,0.09065224611773334,0.06741569835493397
1,146,0.04544040405247943,0.059027019746505406,0.05995102066590294,0.0454449703765806,0.045438665200499724
3,146,0.010511845439337248,0.014973239870638567,0.015598234898915236,0.01051122051231394,0.010513723871260025
5,146,0.04730061423696988,0.06782763575730694,0.0686858260633509,0.047297356693021965,0.04729313780171507
7,146,0.0802018000204852,0.11237986481866609,0.1218288607507534,0.0886125851742597,0.0735139416697239
1,147,0.03554019905243887,0.050063083944562145,0.05138170290537792,0.035541048604089825,0.035539813375458425
3,147,0.017902511030132334,0.023424566768452813,0.024132595271930485,0.017903289340896855,0.017906013289479248
5,147,0.06060084960338936,0.07919241628122084,0.0802309330249559,0.060594640179635825,0.06059297648410875
7,147,0.07618734527707954,0.10964312794833456,0.12751929367275086,0.07687944127719226,0.07718366789393916
1,148,0.019739284292631342,0.03099789951238603,0.033505554850709704,0.01973622079201123,0.019741479189310424
3,148,0.021615922864099368,0.027858996734642105,0.028328607991472136,0.021618333106455685,0.021619971373238817
5,148,0.06513591074064706,0.07889688273955267,0.07977712394973654,0.06513082519145628,0.06513235133802417
7,148,0.06796215701292029,0.11467221064781043,0.13350484807836158,0.057127818795145634,0.07718234876774681
1,149,8.640325455147561e-05,0.0001413811550082722,0.00017731086150400834,8.501824055430226e-05,8.807141815276273e-05
3,149,0.021050487744502355,0.027323467360620492,0.028305999229020752,0.02105271118308536,0.021053529485728396
5,149,0.06062716705563089,0.07949086682878272,0.08193756979184733,0.060625957753406144,0.06062805259878338
7,149,0.059058345114794894,0.11469640371919644,0.13353691672150556,0.03456152409817454,0.07403300943741903
1,150,0.01958846634463715,0.030795099729506635,0.03324584285694021,0.019584932655271513,0.019591867020842663
3,150,0.016295115309123528,0.021806245458416224,0.022630096256033922,0.016295757113100138,0.016297693020884737
5,150,0.047358019857539825,0.06842509429137189,0.07149279233984639,0.047360184521191354,0.04735964865941512
7,150,0.055296728987116066,0.11114268080893225,0.13394514330794574,0.02867762824125365,0.06954361877757628
1,151,0.03542978537926286,0.04993606884198818,0.05125385382675531,0.03542267733282955,0.035437979703002616
3,151,0.008158111482390222,0.012163792541049009,0.01286287297696816,0.008158262840130704,0.008160672335034296
5,151,0.02645975161444858,0.04375716707030179,0.04717814119404431,0.02646091266487854,0.026460072043535073
7,151,0.05923628217506096,0.09642260724482993,0.1340382143754,0.04838694480597284,0.06524801319888529
1,152,0.04538429527787175,0.058983870631658754,0.05992288692094298,0.04538053058392965,0.04539164308735647
3,152,0.001973961710369223,0.0030127061744979204,0.00326710489225675,0.0019730581522599214,0.0019733569134098477
5,152,0.00223001116290398,0.003441850327233603,0.004077568391893044,0.0022291220123263887,0.0022290657477247295
7,152,0.06720845785762636,0.10375077487450934,0.12518382766275823,0.06998657086567021,0.06265105247924108
1,153,0.0484424754991994,0.05968059803716772,0.06037877379842247,0.048445179386383486,0.04844305937820142
3,153,0.011374906828878116,0.01586301023626098,0.0164024938637785,0.011374471495472788,0.011376710896628367
5,153,0.026382010911589513,0.04393103719086835,0.04543632577574822,0.02638889651568751,0.026382391707247484
7,153,0.07468052429933543,0.11009847400132027,0.11868197020175525,0.0849678317967808,0.0633484523996318
1,154,0.04431810800780768,0.05806946667051669,0.05918675690174761,0.04432271187530043,0.04431449209738524
3,154,0.018439582063256296,0.023904901862390204,0.0244265224224976,0.018441122486572727,0.01844365657218268
5,154,0.04729029392860052,0.06825425389865467,0.0691775588750493,0.047289755808081556,0.047285666099345744
7,154,0.07900749698781183,0.11286075449845129,0.12111688568069716,0.09083066025235469,0.06749316325060663
1,155,0.033396123560433824,0.047743520305361394,0.04916303853240846,0.03339718862441993,0.033394499074478744
3,155,0.021742741309244973,0.02778343727895507,0.02805951984891865,0.021746055497730437,0.021747665654280234
5,155,0.060571851417188224,0.07908562230831095,0.07936959041045971,0.060567512802239425,0.06056520403822068
7,155,0.07860162395601827,0.11158037434771723,0.12339837212827957,0.086797247212761,0.07225596130401298
1,156,0.016822324336375184,0.026825522527318145,0.028077176223679175,0.01682075503174078,0.01682376388175455
3,156,0.020752184275101376,0.027049245135968902,0.027995504661758888,0.020755095447355473,0.020756353673996232
5,156,0.06509842473988788,0.07802592528607677,0.0785640473253554,0.06509415208057985,0.06509424776413172
7,156,0.07342878519098504,0.10920833767025624,0.12853942283630312,0.07335545826598319,0.07522130578540652
1,157,0.003200253142119077,0.005278266843099451,0.005650906860781819,0.0031998410977930065,0.0031982988261058205
3,157,0.015624224470306524,0.020977259371297057,0.021800743077554988,0.01562547949777652,0.01562821802142318
5,157,0.06059210499131426,0.07959912241955402,0.08101930563889556,0.06059105563119793,0.06059035919592188
7,157,0.06514355599496342,0.11432071205656179,0.13178185333470654,0.05263720022545201,0.07540913201672132
1,158,0.022417642472225198,0.034852009199231655,0.03768474050193333,0.022411700654392724,0.022420147103737888
3,158,0.0072605313615010745,0.010969810432913731,0.011643503072242408,0.007261475957944563,0.007264480311466194
5,158,0.04733527899350489,0.06880878616232568,0.07096553729117232,0.047336564948542256,0.04733282551433557
7,158,0.0578653423590021,0.11413454930522915,0.13350682837681957,0.031589234856293266,0.07336492584754836
1,159,0.03742912503622702,0.05209720099322619,0.053578332139245205,0.03742078561641371,0.03743621097952965
3,159,0.0030181618224080406,0.004616056225723128,0.004983895768680065,0.003016638004264913,0.003016460647364621
5,159,0.026475873574480314,0.04433714675327372,0.04729905354628578,0.02647529158382822,0.026471034061004997
7,159,0.05678577493395233,0.11144837892706713,0.13341257299604017,0.032121767065359984,0.07035446023808081
1,160,0.04633766131027728,0.0595380398456562,0.06054323711065756,0.046334224475734945,0.04634279872833426
3,160,0.012221833171642894,0.01673963466038406,0.017113979178858697,0.012221017268029263,0.01222261558042523
5,160,0.002955906822023981,0.004560633686797344,0.004915000829385431,0.00295661405452874,0.002955293836339856
7,160,0.062316438701046646,0.10062149135583863,0.13392424711332848,0.05322447052191352,0.06716934595016251
1,161,0.0482625155682281,0.059733868195018774,0.06053426050740229,0.04826591101922228,0.048261290427550965
3,161,0.018943235987381214,0.02453784921514561,0.02461762235659212,0.018944734630425227,0.018946541909649523
5,161,0.02647532348458618,0.04435053610440671,0.04725854779067046,0.02648451212374746,0.026480940693276042
7,161,0.07007371188993644,0.10634502967257772,0.1251116419918679,0.07360546046760401,0.06477590213473039
1,162,0.04302298506856567,0.057088489988526746,0.05814568529619248,0.043027788930924196,0.04301956933374019
3,162,0.021826384303689685,0.027540768361145027,0.027823482623696653,0.021829711420396025,0.021830691276188842
5,162,0.04733627351813733,0.06879203153334333,0.07090807933166159,0.04733691240638611,0.047336880977354716
7,162,0.07623678117976421,0.11122027381920745,0.11845347122904029,0.08675729835868258,0.06466643931987871
1,163,0.031111824298067907,0.04563691413479117,0.04662204522024164,0.03111345990309273,0.031111676193819982
3,163,0.020407967042495284,0.0265631135115653,0.02749152744010071,0.020410720638632498,0.020411909105574638
5,163,0.06059247781408497,0.07959324660733434,0.08095092906055769,0.06058892699441219,0.06059116458933159
7,163,0.07881149840917866,0.11243732274797925,0.12122443879149354,0.09060113683810814,0.06737237456900667
1,164,0.013833346007878727,0.022248595928863493,0.02249765509905145,0.013833323496271309,0.01383693560657914
3,164,0.014912945065684427,0.02006330469536022,0.020786560253350468,0.014914175833841133,0.01491730662332322
5,164,0.06509720616398172,0.07799858841309848,0.07849180929997034,0.06509363268453076,0.0650982105201354
7,164,0.07677567079163951,0.11028399077539772,0.12415395638619889,0.0846178631977916,0.07089356699649646
1,165,0.006423665857625147,0.010496902320653987,0.01100953060418516,0.006422139425035767,0.0064190055134459145
3,165,0.00634532219639519,0.009664214914354156,0.010270783504687742,0.006346823760747092,0.006350001075090835
5,165,0.06056943091655253,0.07913573204782637,0.07941460011373667,0.06056955560787054,0.060571968613918774
7,165,0.07058098484533605,0.10833699403068714,0.12768513145250884,0.06957957205783812,0.0732802012160936
1,166,0.025130449030918205,0.0384244951708622,0.04111108089290398,0.02512349729325331,0.025130478474543954
3,166,0.0040314389868305826,0.00618407706211578,0.006630754272381133,0.00402921933566433,0.004028561469780744
5,166,0.04728815402000734,0.06828488570101292,0.06926467317322521,0.04729112286720474,0.04728914402603557
7,166,0.06250585820522712,0.1143004403120862,0.12889371830986301,0.048193540405631695,0.0738142578843402
1,167,0.03926775845016211,0.05392884960809675,0.054952980339847156,0.03925979980312763,0.039272653748599944
3,167,0.013046460536300902,0.017767872822788834,0.01784653504009885,0.013044780506791809,0.013045648038734994
5,167,0.0263844857484289,0.043959745672110494,0.04554282218647713,0.026385937605796154,0.026382513305173532
7,167,0.05715466560015697,0.1138051616062796,0.13197756612895753,0.029711239114223405,0.07296122732091817
1,168,0.04711291623986965,0.059701358161504216,0.06091220532846778,0.04711111177594135,0.04711579515794194
3,168,0.019413736367982444,0.025068482359476573,0.025631151216121327,0.0194144032837228,0.01941528946813306
5,168,0.0022875632177571156,0.003525833742174739,0.004161903393900733,0.002289228414188571,0.0022883829099119017
7,168,0.058585844889588276,0.11154464177122082,0.13246000515938539,0.036193399422613265,0.07129525415156715
1,169,0.047903806969794904,0.06003592627610871,0.0605722251650816,0.047908655454425374,0.04790188998555994
3,169,0.02186996880929701,0.027179715176119352,0.027540208548129896,0.021872373412805377,0.021872486059620125
5,169,0.026464912435808684,0.043785713062609456,0.047233758439362304,0.0264720493190983,0.026468537774791658
7,169,0.06528494297404461,0.10339497011187976,0.1334262612219237,0.05784173579831544,0.06898465218407358
1,170,0.041565352134016055,0.05596280427445108,0.05676209951597925,0.04157062717418971,0.041563793310733614
3,170,0.020021424868800788,0.02601997201120256,0.026843083901688138,0.0200231437860033,0.020023999928157645
5,170,0.04736167688349699,0.06842276140154102,0.07151318767354091,0.047360278919588925,0.04736130395260572
7,170,0.07261801176843445,0.10758790752244049,0.12649326543681738,0.07685360290253548,0.06661986720301147
1,171,0.02870057778058321,0.04292913818926159,0.044492946561548855,0.02870247977123862,0.028703422485529696
3,171,0.014162715149208539,0.019057281222010048,0.019658836089123038,0.014163269087294985,0.014166446278102218
5,171,0.06062831246639367,0.07948755629920358,0.08193336794125528,0.060623383951193266,0.06062764088713341
7,171,0.0774421855163713,0.11176646272954201,0.11912171738815999,0.08813596128344135,0.06568021737552612
1,172,0.010784331142467964,0.017225433290211555,0.01768418697916659,0.010785069006269413,0.010790674505298947
3,172,0.0054060233030487105,0.00827249432318179,0.008830831032385716,0.005407706187979018,0.005410641974094286
5,172,0.065134377569451,0.07886277739395366,0.07975213391745069,0.06513032764778794,0.06513786874997357
7,172,0.07831662104636948,0.11227091001167652,0.12097490143712104,0.08997333967545584,0.06703863005880524
1,173,0.009566499215699542,0.01535489138752069,0.01581959499542479,0.009564320802974492,0.009560655228468854
3,173,0.005012048568278773,0.00767757130988677,0.008202834530663177,0.005009204351122349,0.005008299216770971
5,173,0.060597166217142534,0.07917093682823828,0.08015384636805309,0.060597648393452844,0.06060386533794302
7,173,0.07474970731194094,0.1089974746733888,0.12367929739167839,0.08210352491441467,0.06944373545098607
1,174,0.027715281507153224,0.0417260382965636,0.0436547543040348,0.027708291184708307,0.02771493344982376
3,174,0.01384293108567365,0.018644095812086377,0.01914325913433254,0.013840240668529118,0.013840489366426784
5,174,0.04729550289464493,0.0677916036762264,0.06859257754425131,0.047300112574872905,0.04730185560699927
7,174,0.0677091899932825,0.10786551483277705,0.12819885804029962,0.06561374712511721,0.07141648600160795
1,175,0.04094503100821436,0.055480013902545616,0.05615702700186157,0.04093829303434233,0.04094971365638571
3,175,0.0198501162116913,0.0257510119817275,0.026512239172885935,0.0198495642389338,0.019849540166166246
5,175,0.026337842071548323,0.042783626953198345,0.04287289974173901,0.026342092630683104,0.026342073984439218
7,175,0.060156882554548215,0.11419535501717093,0.12712591122159836,0.043953707230353176,0.0724722768028241
1,176,0.047713289835775316,0.059995020023589966,0.06061018897886155,0.0477134164925342,0.047715915279231566
3,176,0.021875805552044287,0.027155549656080934,0.0273940886675463,0.021876763612007064,0.02187596328933183
5,176,0.0005183768258932839,0.0008366829815295326,0.0009993851675923879,0.0005184748830385452,0.0005187903551432565
7,176,0.0569596311719632,0.11320913902048692,0.12994291522754225,0.029177155263644887,0.0728466787717064
1,177,0.047371223433426264,0.05984842566361876,0.06087908332306643,0.047377302061686534,0.047370072895113316
3,177,0.019596532380299483,0.025346211854283155,0.025994562564403283,0.019596727891735465,0.019597096514895808
5,177,0.02636697184088756,0.043068124769780454,0.04465353995135508,0.02637068504677889,0.026364407139274612
7,177,0.06062667623028251,0.11152879153040517,0.12940724776148702,0.040609255356241776,0.0723547077525061
1,178,0.03994987462199006,0.05457429376199935,0.0554091518920399,0.039954957796473047,0.039950447099458546
3,178,0.013376892224292851,0.018098814809060323,0.018389137778155734,0.013376387220945416,0.01337929529992311
5,178,0.04732322951491951,0.0679846467390641,0.06988779821791605,0.047319567605707,0.04731715571353614
7,178,0.06809545840258387,0.10554003130273372,0.1312641780816932,0.06219540548369727,0.07067536997179646
1,179,0.026164985612201038,0.039754750188865755,0.042169670039588665,0.026166050876683656,0.02616995719884398
3,179,0.004437177600516668,0.006809713121011561,0.007278468368923309,0.004438688885052521,0.004441027598453326
5,179,0.060618722210837764,0.07932898882091728,0.08105849632023256,0.06061208037881073,0.060612872977301904
7,179,0.07482343096843048,0.10937744756792624,0.12703389414796312,0.07971670897395979,0.06817323305669214
1,180,0.007670305747805562,0.01244409157957424,0.012983064421097005,0.007670686885689022,0.007677448006377788
3,180,0.0059622227160517904,0.009098152240268276,0.009708876514955167,0.005959020620433215,0.005958203723752448
5,180,0.06514728232603782,0.07915284168488072,0.0798440079375934,0.06514194215619244,0.06514640813400387
7,180,0.07828298947375512,0.11195840231628594,0.12018425873667747,0.089099875438111,0.0663735368558136
1,181,0.012639262767263633,0.0202003643474815,0.02052815821786309,0.012636946199620084,0.012635247844968178
3,181,0.01460641771345783,0.01965334176432342,0.02035443342335946,0.014602993082708536,0.01460282885286138
5,181,0.06062877915356955,0.07938137670127204,0.08174374783564901,0.06062772722069434,0.06063271102522172
7,181,0.07752175893120604,0.11195550236645495,0.12073716844933541,0.0889559543750504,0.06648383909282964
1,182,0.030174783451290186,0.04466825657494484,0.04577044705949781,0.03016800565523593,0.030177008864638782
3,182,0.020250262182780594,0.026332168473367074,0.027253752638783123,0.02024866952442974,0.02024782908020196
5,182,0.04734545904382254,0.06815538263254632,0.07099463464418908,0.04734836772069296,0.04735024546019179
7,182,0.07254873853474178,0.10831470945855859,0.1234657236931645,0.07928161462247917,0.06792961098537026
1,183,0.04246479412014431,0.0566611620599449,0.05760230170776122,0.042459065965575714,0.04247142417658374
3,183,0.021844820878475814,0.02740024095216677,0.027722469602806613,0.021844424821602017,0.021842734086278962
5,183,0.026416225579301872,0.0433834732392591,0.04627756898170808,0.026418594281611682,0.02641974629628875
7,183,0.06488351286547363,0.1076139389326301,0.12831688520239604,0.061522672095896895,0.06968916964896371
1,184,0.048141076535489435,0.05985689326636037,0.06051460784123442,0.048142125339116035,0.04814480883511105
3,184,0.01913685898852076,0.02470629543746842,0.025043936135969093,0.019135608149699165,0.019135383474407058
5,184,0.0015142438948171676,0.0023896001634399608,0.0028753695864486587,0.0015131029903691887,0.0015131890953567011
7,184,0.05820591616318089,0.11414285535083676,0.126156305110344,0.040114298876510614,0.07144971291511927
1,185,0.04666543931327083,0.05959553413769761,0.06077614858862238,0.04667105575040006,0.04666531750184888
3,185,0.012560540326734928,0.01713983260368139,0.017380784781893435,0.012558998391269999,0.012561359477635632
5,185,0.026347531088836418,0.04340722810647784,0.04426252315591314,0.026353101600812154,0.026345043507890745
7,185,0.057289201994828405,0.11299654003410156,0.12914400518607164,0.030061881750545076,0.07302760068762476
1,186,0.03817499732160408,0.05285348972043255,0.0542579526277749,0.03817807621975954,0.03817669102780263
3,186,0.0034356438669683694,0.005257616356025385,0.005658640047186622,0.003436761946729722,0.0034382647669320265
5,186,0.04728608988053331,0.06782749138606023,0.06843912767205307,0.04728458025625703,0.04727902481748437
7,186,0.06284273206341198,0.11140717531091851,0.12730095143427794,0.0451800017626377,0.07350711762447935
1,187,0.023502128958504148,0.03622431088945329,0.039169558962253416,0.02350080617176409,0.023507349547637505
3,187,0.0068868462830617184,0.010442170638393337,0.011087352346235908,0.006883670654193478,0.006883329034846254
5,187,0.060580079668953825,0.07873200186129763,0.07944613892794032,0.06057513209546488,0.06057166201172667
7,187,0.07071250679324324,0.10730452282821155,0.12939113349057224,0.0662577949081319,0.07221353073175296
1,188,0.004479121668553804,0.007377852142411446,0.007821066216894748,0.004478180735918108,0.004484782583291998
3,188,0.015333461027611746,0.020598131199472555,0.02140065452311961,0.015329897515238174,0.015329655568938352
5,188,0.06511421406933976,0.07843017337486634,0.07924681247331446,0.0651097690272795,0.06510912166099846
7,188,0.076674141035804,0.11128634611847658,0.12719541461616593,0.08218361844851108,0.06941282509502453
1,189,0.01565164330531847,0.025141835831524403,0.02579968972713517,0.015649598647877006,0.01565098517216216
3,189,0.02061120953017667,0.02687347305538206,0.027810537228827883,0.02060922186094095,0.02060784411038062
5,189,0.06061086890597986,0.07957677093675539,0.08161649534645918,0.06060984279115064,0.060609310618050284
7,189,0.0787470966150339,0.11212398021624223,0.12065578734395116,0.0896432087831087,0.06672285651678862
1,190,0.03250965851364876,0.0469084948398125,0.048207343554397264,0.03250321545440782,0.03251511780836734
3,190,0.0217763232412751,0.027703291681320415,0.02791588390193943,0.021775206540188892,0.021772837434656477
5,190,0.04735345785630171,0.06869090972756049,0.07142688065607898,0.047355053420733706,0.047352021427079075
7,190,0.07642260647704012,0.11176410116834323,0.12169674757694018,0.08754843074717984,0.0656962909582805
1,191,0.04382522240598185,0.05769201229823439,0.05876732932846841,0.043820463586085774,0.043833231278297476
3,191,0.01864492110976311,0.02410570184480866,0.024511160033765914,0.018642818757760624,0.018642054864266743
5,191,0.026486087106161193,0.04416244180688331,0.04751769715962442,0.02648597902665412,0.026482857434218778
7,191,0.07019361237629754,0.10767254198592215,0.1270295881124113,0.07616393602523237,0.06637667007684221
1,192,0.04839281282662805,0.059504274006811624,0.06046695675919506,0.04839440980167363,0.048396138692865534
3,192,0.01172001391396308,0.01621420860291451,0.01670711554885553,0.011717857195719746,0.011719525143079671
5,192,0.002797434599174933,0.004311117152352157,0.004792489528053941,0.0027971827912141984,0.002796269416503717
7,192,0.06217075195439048,0.10810677140647285,0.12783621620348537,0.05735515279935348,0.06816054681789623
1,193,0.045783040103524436,0.05923887263822619,0.06014038484337277,0.04578768503085796,0.045781857603828684
3,193,0.002401857250250078,0.0036772578404608,0.003975986612845462,0.0024025225143299756,0.0024031677999807204
5,193,0.026438544147922873,0.04432282698098894,0.04663506434390185,0.02644725401927146,0.026442241627761782
7,193,0.056736390900387006,0.11383172238559768,0.1254913880533428,0.036864241501183406,0.07080034020396035
1,194,0.03623867619337845,0.05084526927604729,0.05223993299943496,0.036239672887571905,0.03623905154555861
3,194,0.007792101849141601,0.011680219342762962,0.012394310106255366,0.0077893221988295566,0.007789829856636286
5,194,0.047312429192022325,0.0686741703343155,0.07021726855112369,0.04731288641908876,0.0473109180566893
7,194,0.058115711059636366,0.11252407967726052,0.12903774911840582,0.032183254212043655,0.07350126416261665
1,195,0.02071666774839425,0.03242260273995383,0.03516378599251984,0.020713394794594105,0.02071991064358807
3,195,0.016022051153714786,0.02148065034443745,0.022317383757658932,0.016019029809278527,0.0160192348297352
5,195,0.060577209246688836,0.07948455727923032,0.08017632988348172,0.060573454578268064,0.060573476307415636
7,195,0.06517135560699663,0.11101827987700028,0.12690996587073655,0.049774044861654515,0.07472556319603241
1,196,0.001213985927640054,0.0020193613420897093,0.002188515897145792,0.0012121265191337236,0.0012168325460730014
3,196,0.020929553145226175,0.027198751300402144,0.028200284814549503,0.02092798700760578,0.020926698178796017
5,196,0.06509071278120407,0.07773672637963809,0.07796072223700748,0.0650868056895903,0.06508913026041585
7,196,0.07311415551239996,0.10850347022832593,0.13041107158192852,0.07001928226309356,0.07357477915376585
1,197,0.018598480128652894,0.029432102523558733,0.03143858359437409,0.01859581114569751,0.018600925500191916
3,197,0.021668028172590083,0.027854921688293163,0.028237761140888266,0.021667048469468705,0.021664598321537675
5,197,0.06057356150382476,0.07943969673149841,0.08007050113603412,0.060573123905102166,0.06057367366304823
7,197,0.07816742214288142,0.11236368416055076,0.12803162242993332,0.08426160969862104,0.07031830308894786
1,198,0.034710251019793505,0.049098706037450174,0.050540026863345126,0.0347036253915983,0.03471779593812217
3,198,0.018121606369135224,0.023601027888863344,0.024270539440074807,0.018119497112087078,0.01811856570497775
5,198,0.04730616738404298,0.06861268982412609,0.07011640232547699,0.04730823317759123,0.04730488150318963
7,198,0.078837781215274,0.11202608281916847,0.12076133306653217,0.08977858501964969,0.06671005371607024
1,199,0.04501684323350623,0.05872592852037262,0.05968551844450807,0.04501306355297308,0.04502429792290911
3,199,0.010862103325273749,0.015339240058203068,0.015941752890333772,0.010859974841403105,0.010861068350892223
5,199,0.026430746708665305,0.04426605949885889,0.046527872463864965,0.02643098680663541,0.026426574896433803
7,199,0.07502819002952628,0.11134690900362397,0.12378367141107025,0.08576636839960758,0.06466548036028831
1,200,0.04846141883973555,0.0597814056012526,0.060178260463692755,0.04846404373589866,0.048462421318008944
3,200,0.0013409314374861088,0.0020361080923738633,0.002228225425794553,0.001341260028059582,0.001341195302833751
5,200,0.002755125793797349,0.004254569271317413,0.004744717695093189,0.0027565272098348356,0.002755785564585388
7,200,0.0677153794442263,0.10673411769287873,0.12850536982379407,0.07277436940486601,0.0648067765278841
1,201,0.04472154658793016,0.058456605091655525,0.059480057793364585,0.0447262486279016,0.044718079165283184
3,201,0.008683998242744413,0.012854806108607645,0.01354557593430179,0.00868186768693174,0.008683416018942106
5,201,0.026487151716543006,0.04412324886837052,0.04751668802939569,0.026495742170243003,0.026492688171199565
7,201,0.05964376401176774,0.10842392068333949,0.12598503453221682,0.053174085870642374,0.06688403043302625
1,202,0.03414573292688007,0.048489522779144395,0.049971100191647806,0.03414660764979561,0.034144149230416865
3,202,0.016671615153896258,0.022231022734646364,0.023058782727762763,0.016669663091012584,0.01667084855419369
5,202,0.04735823305405135,0.0686924486157383,0.07146393113047717,0.047358052936965475,0.04735913762223903
7,202,0.05580053397567341,0.11348077139652982,0.12557230977825076,0.03439022990710708,0.07055000492297978
1,203,0.017828918364057915,0.02833016548344105,0.03001031628425414,0.01782648206383419,0.017830396514568907
3,203,0.02120212591501338,0.027465285888305095,0.02841451973465824,0.021201641885191358,0.021201226834553253
5,203,0.06061521890011226,0.07957032571486818,0.0816750410585732,0.060611110525285984,0.06061498201574725
7,203,0.05937791029843337,0.11260794457517358,0.129762697238555,0.035201007126196435,0.07425212155307986
1,204,0.0020814766427914213,0.003457959839356206,0.0037249630948284662,0.0020820568540263003,0.002079742528161981
3,204,0.021516598924778092,0.027808975789759948,0.028429504916810653,0.02151646001325873,0.021514763328950547
5,204,0.06511655951579585,0.07848326159255245,0.07932193484581457,0.0651128990939239,0.0651195476476264
7,204,0.06754703205940459,0.11037563596161051,0.12780474199677988,0.054274947249276985,0.07598558772826432
1,205,0.021461874243699015,0.03338573101922406,0.03628436133501799,0.021456967605263517,0.021464778259754312
3,205,0.017565956900974348,0.02313869556265357,0.023889974707800896,0.01756455609969293,0.017564099686256638
5,205,0.060579815236062005,0.07877475287353997,0.07951110736108141,0.06058046077493777,0.0605850536361509
7,205,0.07528053793157222,0.1098258187023125,0.1329785391923842,0.07345791264807451,0.07474586512404363
1,206,0.036762837283872904,0.05142122817190397,0.05286027001489143,0.03675496428760292,0.036770418735931724
3,206,0.009992714178328069,0.014378639831066029,0.015066084887167177,0.009991171513311725,0.009992132547478598
5,206,0.0472832531453151,0.06777097651730636,0.06840759575631301,0.047287569874707024,0.0472873884213547
7,206,0.07930550087346426,0.11304778937763033,0.1310196794837091,0.08595234567510543,0.07088270683914524
1,207,0.04603136285341311,0.05941115589543794,0.06033469384732479,0.04602787252159502,0.046037239384184206
3,207,0.00026303197677994436,0.00039595347485205595,0.0004532311247033747,0.0002632912849690048,0.0002627366502341033
5,207,0.02634296227439204,0.043346149733870666,0.0441044772174671,0.026346440845658948,0.026344427747335773
7,207,0.07856644560590728,0.1121780671863984,0.12056012875940986,0.08952002457810415,0.0663296547447196
1,208,0.04834410998957839,0.059617208686309785,0.06049419518879882,0.04834743256936018,0.0483432364320538
3,208,0.009566764286348388,0.013894704616203348,0.014607817734923733,0.009565378469702275,0.009567804709649078
5,208,0.0014073017106572023,0.0022277983484344246,0.0026816594415975574,0.0014087938453930403,0.0014083390650259117
7,208,0.07335867962576051,0.11019374482628733,0.12443904673475945,0.08363482169251894,0.06339011120531149
1,209,0.043484317580369226,0.05742001311247169,0.058515599525322946,0.043489179489411466,0.04348047672199094
3,209,0.01728290407710899,0.02287923926270176,0.0236589491124244,0.017282285932723507,0.017284587680249933
5,209,0.02641178981841638,0.043379859293639474,0.04611957339819121,0.026416735824436176,0.026412087690748483
7,209,0.06515803005573713,0.10506183183297477,0.12780629122251105,0.06915397378778179,0.06324351971474347
1,210,0.031907574399889255,0.04637611200409586,0.047542917300014274,0.03190895567886394,0.03190669078017944
3,210,0.021426905103727155,0.02771440297224385,0.028466015125123558,0.02142785393897828,0.02142869867177275
5,210,0.04734633655127147,0.06813362753599689,0.07089345131134377,0.047343185514045,0.04734298454343577
7,210,0.05738649636504428,0.1085376371540896,0.12449955437588878,0.049080637469704536,0.06589627138946487
1,211,0.01486246167961012,0.02393223858904798,0.024304017132074147,0.014861738606186631,0.014865294098979182
3,211,0.02131876845252516,0.027561580062934608,0.028459411997882385,0.02131983382911365,0.021319433996392214
5,211,0.06063003966750171,0.0794091420487053,0.08168723520005833,0.06062371988525874,0.060626906520079175
7,211,0.05542255520914395,0.11285323639853863,0.12743900917586998,0.0328973446063292,0.07068112296340309
1,212,0.005330365637591488,0.0087413342094106,0.00920109949963457,0.005329395160475083,0.005326457135617385
3,212,0.01697560138249993,0.022550605662711717,0.023376211688107836,0.016975263012135918,0.01697585874262201
5,212,0.06514816346732336,0.07916241120111642,0.07982832243663912,0.06514315223444654,0.06514995815678316
7,212,0.060997187343938566,0.11253747636950333,0.13184536605798775,0.038811537026379975,0.07523128280433977
1,213,0.02421677409287541,0.03729847628619901,0.040080927376497814,0.024210165855733306,0.02421750588797629
3,213,0.00911539427331686,0.013392993129066071,0.014088183804704201,0.009114708307329135,0.009116130068388795
5,213,0.06061903639503925,0.07933823527225194,0.0811562396778912,0.060618713941163166,0.06062520231920754
7,213,0.06990486305667595,0.10904300336849293,0.1306888090266003,0.058604075599664074,0.07724100113337541
1,214,0.03865700863590686,0.05335805800925563,0.054578738426553634,0.03864882972888964,0.038662642240321815
3,214,0.0008183823754325625,0.001245915617292139,0.0013734472904376224,0.0008178732727695657,0.0008186301862805504
5,214,0.04732321788756753,0.06796134853986979,0.07003701744584992,0.047327296089311445,0.04732983873788993
7,214,0.07718901681934652,0.11100970915347017,0.13407447631156075,0.07655030545837677,0.07570016214369177
1,215,0.046867346956996805,0.059614049780930586,0.06085540222358218,0.046864958998002366,0.04687096229222453
3,215,0.010441452158096236,0.014899925101243494,0.015528429679840578,0.010440695755712041,0.010443487839026497
5,215,0.02637050621841921,0.04310675548246901,0.04486370019272079,0.02637442051503096,0.02637557954894318
7,215,0.08008756693088581,0.1133657777547338,0.1332515862654806,0.08724976703796267,0.07109307830891753
1,216,0.04804591258809771,0.059983625057627776,0.060522449237337975,0.04805033408177798,0.04804415026115484
3,216,0.017857555748439915,0.0233814159067287,0.02410201168254883,0.017858230087644134,0.017861161486870364
5,216,0.0006393504768166872,0.0010313265312623734,0.0012309567268101716,0.0006387224002994946,0.0006393027252082612
7,216,0.07794399245095232,0.11178143853227446,0.12192855098753119,0.08887429032307417,0.06557687887978675
1,217,0.042081423388159726,0.056341837875929154,0.0572456285992823,0.042086620631602664,0.0420792548189743
3,217,0.021603701940720695,0.027854403775656126,0.02834489467250217,0.02160609578576152,0.02160779307169962
5,217,0.026338437851540147,0.04284580894535479,0.0430050838514011,0.026342430383164125,0.026334724741577224
7,217,0.07144024794755748,0.1091915467327076,0.12458886843001395,0.08117628886858945,0.06187983948736774
1,218,0.029538902471584506,0.043952564379271225,0.04521330842609466,0.02954070899968368,0.029540943216429832
3,218,0.021072592624321287,0.027339579414443368,0.02832411314933644,0.021074872242992246,0.021075587566866383
5,218,0.0472965569302113,0.06774826970382726,0.06849376296176711,0.04729351820818112,0.04728873881056807
7,218,0.0625783343751546,0.10422084376926763,0.12816267122788813,0.06535346983356793,0.06172133951865629
1,219,0.011833724988994423,0.018885040451477025,0.019285344907494457,0.011834093908997416,0.011839543930972038
3,219,0.016347727033768338,0.021874729786896974,0.022691088632876503,0.016348443665896332,0.016350199620670924
5,219,0.060596625235473454,0.07913295239849809,0.08005463254459248,0.06059050081997575,0.06058821385796109
7,219,0.055493221690402536,0.10892718767141242,0.12544091497266058,0.04521757375914905,0.06523702217018432
1,220,0.008500397251303832,0.01371968296715647,0.014224138722702952,0.008498697149729931,0.008494386101742123
3,220,0.0082302496018907,0.01226632233389995,0.012957347978171867,0.008230473228217822,0.008232681024752707
5,220,0.06513227987950525,0.07881719621419005,0.07971335129220544,0.0651272110206518,0.06512809794939152
7,220,0.05560449791929116,0.11262067729403993,0.1288481418648345,0.03255269921195584,0.07117256264365833
1,221,0.026845593568939174,0.04071738913054249,0.04284322594417685,0.026838794193270715,0.026844896165709814
3,221,0.0018882279721752148,0.002882691800715357,0.0031308734182245164,0.0018872180166313454,0.0018878150618391308
5,221,0.060625222176428316,0.07950934151863562,0.08192139593491585,0.06062407823743455,0.06062549440138243
7,221,0.06289759504944727,0.11303633615734786,0.13351138819796685,0.04279150903159708,0.07640206583811002
1,222,0.040389169780268304,0.054994870799528084,0.055723465473870006,0.040382220738301715,0.040393635895379795
3,222,0.011305563192119767,0.015791864792306157,0.01634187137291408,0.011305040348798567,0.011307602048562435
5,222,0.04735892735995355,0.06847710931538196,0.07153318961692448,0.047361109440548284,0.04735988636373313
7,222,0.07219552703172101,0.10897967454225212,0.13306619144118137,0.06271705965576721,0.07847145958105504
1,223,0.04752721906954562,0.05990967403015027,0.06076773491633347,0.04752707285464684,0.04752970764242163
3,223,0.01839737623326817,0.023865068918851835,0.02440760154645011,0.018398891305772613,0.018401680533620225
5,223,0.026467476240930637,0.04387187435305694,0.04730047419737008,0.02646850108753254,0.026467049695277065
7,223,0.07882735828454704,0.1119601942694205,0.1333875937125223,0.07928376159264063,0.07644474730701853
1,224,0.04757255701009759,0.05994063306091811,0.060730852876524785,0.047578748038988004,0.04757102738745591
3,224,0.021734157853312508,0.02779514085429149,0.028087683780355102,0.021737546506192293,0.02173927244427839
5,224,0.002362710499599048,0.0036277473254687563,0.0042665459865929576,0.0023618769839799216,0.0023618243246930526
7,224,0.08052033767031769,0.11325373440631027,0.13405792504525996,0.08815083067203164,0.07097526896465042
1,225,0.04051991366321547,0.05509947405619449,0.05583001388245799,0.040525526164785754,0.040519905081869985
3,225,0.020778136998775516,0.027080217282589955,0.028027965233045144,0.020781191935310812,0.020782404730938384
5,225,0.026392001478073145,0.04401173240188885,0.045683446036602446,0.026399360752771932,0.026393066438407053
7,225,0.07698628050145367,0.1118017891487293,0.12458650257958873,0.08785036667971331,0.06447624809518439
1,226,0.027046147960530054,0.04097624518937231,0.0430409796172829,0.02704773328678026,0.027050810456534496
3,226,0.015680118250469586,0.021043826087315212,0.021876710504558552,0.01568152371317796,0.015684133971469984
5,226,0.04729318365958096,0.06834606409015595,0.06938094080599405,0.047292795518239186,0.04728902631152297
7,226,0.06930304623839519,0.10835960022065555,0.12360114232673272,0.07841610439753692,0.06016414806329098
1,227,0.008743288315491631,0.014105218199986677,0.014614706884007159,0.008743803497673633,0.008750748460394288
3,227,0.007333826467141651,0.011069044757103843,0.0117514964932956,0.007334888311546003,0.00733773660476063
5,227,0.06057152545625803,0.07919164635809994,0.07947992253953225,0.06056715353544864,0.06056517722908116
7,227,0.0600363961071959,0.10197221880888134,0.12820471224151028,0.0614365672525332,0.060277437295806244
1,228,0.011595568341280726,0.018523564259384683,0.01890189473170064,0.011593450024891285,0.011590454440774056
3,228,0.0029346955404602926,0.004485897365263796,0.004852279022820361,0.002933049601434467,0.002933163174017446
5,228,0.06509579558332919,0.07795897754340186,0.07839421686930147,0.06509141185235916,0.06509181852666322
7,228,0.05404011443940979,0.1088205149779617,0.12593663488317977,0.04175208323017013,0.06491649314649593
1,229,0.02934755811766403,0.043749133075551914,0.04502969041027662,0.029340882682127874,0.02934865440137158
3,229,0.012154009361310792,0.016666055303227695,0.017061875887422726,0.012153130794645974,0.012155048121240863
5,229,0.06058796228893645,0.07958593521150868,0.08085676117086836,0.06058694884061184,0.06058628701133977
7,229,0.05630889547491869,0.11229816369720924,0.129274474162493,0.03337985376418312,0.07197579273813852
1,230,0.04196266953178546,0.056264219779190786,0.05712294804295535,0.04195685542861142,0.04196868945572646
3,230,0.01890369704011942,0.024484721934690964,0.024591290300436414,0.018905230950511595,0.018907294491441202
5,230,0.047330028651926544,0.06879452760573512,0.07082791227082255,0.04733143074540529,0.04732743865901819
7,230,0.06499982663488406,0.11322889867449702,0.13282749908355765,0.04696242005093334,0.07771972103764274
1,231,0.04801423016938459,0.05999735439175431,0.060536998912503685,0.04801541073643922,0.048017823381134875
3,231,0.02182116414146196,0.027563395069481317,0.027840039234143764,0.021824640927757842,0.0218257428778291
5,231,0.026469738186426936,0.04436861552339341,0.04719860714918337,0.026469227665953974,0.026464568978762582
7,231,0.07437833874903031,0.10915705367124115,0.133676954514258,0.06657268278373847,0.0796639264717524
1,232,0.04692641330022458,0.059618803310866005,0.06087164646368599,0.0469327439134374,0.04692632467114285
3,232,0.020437509103229955,0.02661068421842452,0.0275371589453899,0.02044047751448068,0.02044164071632818
5,232,0.0029514513002544544,0.004548253186558819,0.004925445123287929,0.0029523960952888583,0.0029511573282434787
7,232,0.0801901304789916,0.11261284804966135,0.1308178801943611,0.08164338355834058,0.07700412372422032
1,233,0.03880007530187423,0.053499966478222596,0.05466676516152791,0.03880425830079067,0.03880195483849796
3,233,0.014972080954649107,0.020144015564919928,0.0208724797420962,0.014973521321393925,0.014976560094886415
5,233,0.02648070212918174,0.04431353192565349,0.047348222647357295,0.02649010782371781,0.026486778164062887
7,233,0.08061766429856225,0.11333490937638495,0.13343517743474312,0.08865296028339711,0.07057967811547126
1,234,0.024427056327076865,0.03754610758244837,0.04035689631756373,0.024426691557946027,0.02443285338724637
3,234,0.006420290642319483,0.009775801504910713,0.010384661210804582,0.006421956117605375,0.006425016088724035
5,234,0.04734136831603889,0.0687820522184678,0.07103978208095524,0.04734193451437771,0.04734232717727223
7,234,0.07571622474844071,0.11167482139283788,0.12476073803548052,0.0864611997377133,0.06308113454177434
1,235,0.005579500604661862,0.009141140153887466,0.009638567360376441,0.005578956988304895,0.005586239025184661
3,235,0.0039505939201720615,0.006060137552251571,0.0065037967993745996,0.003948229386875203,0.003947826283563553
5,235,0.06059670409595092,0.07958738043602885,0.08110880018652544,0.06059298934156899,0.060595760022571755
7,235,0.0669842014820703,0.10748434592425446,0.12559080986888665,0.07538980851143799,0.058299507848541
1,236,0.014628347663671791,0.02357966612181536,0.023866523919159433,0.014626446206442179,0.014626363870147546
3,236,0.012980652744663269,0.01770040559137717,0.017750808806129004,0.012978898682588221,0.012980053036602676
5,236,0.06510004610524128,0.07807336280722557,0.07866024808688808,0.06509634822726398,0.06510153022367121
7,236,0.05759690803782555,0.10081250411687884,0.127677127786589,0.057488232833242746,0.05895967438206998
1,237,0.031725672506806864,0.046240611902550154,0.04732487886919729,0.031719359546226504,0.03173025488341922
3,237,0.019376879864491138,0.025015297698678045,0.02555619235959624,0.019377593196635744,0.01937870324061838
5,237,0.060570101600772454,0.07901160732095669,0.07931630548005744,0.06057032825856177,0.06057319490565423
7,237,0.05307230893205838,0.10809642656262076,0.12626712070874338,0.03888387380645913,0.06491646802172736
1,238,0.043378454988411475,0.05736025454180579,0.05842932690608893,0.043373675042612636,0.04338655287293394
3,238,0.02186786877529628,0.027205224040196218,0.027566753805901043,0.02187044382573071,0.021870650451431363
5,238,0.04728558193206012,0.06818484381097796,0.06905987983318501,0.047288871191613124,0.04728706722587792
7,238,0.05746443203574781,0.11245232683537701,0.12959632846682875,0.03526779749961551,0.07301362935049503
1,239,0.04832700286239571,0.05963552826987589,0.06050914823032453,0.04832885430491022,0.0483311158844695
3,239,0.020054228601830027,0.026074956416516422,0.026904695329577025,0.02005617949116642,0.020057005787376278
5,239,0.026374748908324423,0.04386600953495387,0.045290598149918156,0.026376599288681194,0.026373184030734704
7,239,0.06722098197128196,0.11350088941485383,0.13059241447540862,0.05120197704873326,0.07910993742518989
1,240,0.04610492879073522,0.05944817291727305,0.06038176302145434,0.04611036786263374,0.04610475015949473
3,240,0.01422489316906722,0.019138812212211916,0.01975953602476344,0.014225673900718,0.014228779449532868
5,240,0.002148178356564035,0.0033228969358678976,0.0039545319911743195,0.002149995292015876,0.002149094200498211
7,240,0.07641603192763383,0.10945943748372969,0.13206746449457368,0.0701496969184347,0.08077869278846934
1,241,0.03691890111828951,0.05159077040819143,0.05304861830083766,0.036920841017902044,0.03692043109329611
3,241,0.005483162413152729,0.00838579827190171,0.008956112043667043,0.005485044050194815,0.0054878812550345655
5,241,0.02645667893350345,0.04371107129364206,0.04709465104203654,0.026463637691135446,0.026459987313470483
7,241,0.08127497700931413,0.11303542233803617,0.1283393251317307,0.08362587524520679,0.0773811470243048
1,242,0.021682023861530075,0.03368720506547651,0.03663758691191246,0.021679318946442646,0.02168660959889045
3,242,0.004933805028440812,0.0075573013550350576,0.008081513922708873,0.004930782817687416,0.004930090319366531
5,242,0.04736044922468531,0.06838188437210538,0.07145768395251163,0.04735869060697891,0.04735974267822451
7,242,0.08039817422621374,0.11332892942599583,0.1307816990641862,0.08875899390315534,0.06995077671101275
1,243,0.0023372100900361176,0.0038576685877886917,0.004170692466104621,0.002335445270518672,0.0023413820908737494
3,243,0.013779583843444493,0.018565041645112083,0.01904353184931783,0.013776771232707315,0.013777265422152862
5,243,0.06063001756145508,0.07946588230507039,0.0819373910415454,0.06062469714556859,0.06062912045649583
7,243,0.07416699710783388,0.11172294975602079,0.12585276619680108,0.08471862845177221,0.06146324445362659
1,244,0.017599142540259505,0.02799717941861451,0.029552105720358122,0.01759708635040034,0.017600567704214067
3,244,0.019816066135916875,0.025705483227423064,0.02644270298169789,0.019815515791269448,0.019815673010700523
5,244,0.06513789264538657,0.07893941008681088,0.07980579277212811,0.06513354440821942,0.06514141068052298
7,244,0.06453566686760778,0.106238516962956,0.12784624242197337,0.07212813199782996,0.05637471534955014
1,245,0.03397382437278127,0.048302551513910344,0.049775499470114386,0.033967667766825825,0.033980979927434346
3,245,0.021876683527095788,0.027173411460148393,0.027362581756963718,0.021877767807586688,0.021877024082248193
5,245,0.060601516241773415,0.07921596389283371,0.08033798711957472,0.06060190158083272,0.060608549937878065
7,245,0.05534029323814229,0.09964843495297221,0.12575672518931863,0.05359219061614217,0.057839106868921866
1,246,0.04462913000319778,0.05836500976132316,0.059409993850563454,0.04462551420601627,0.04463725640366367
3,246,0.0196322785125305,0.025399073290675023,0.026066174376108853,0.019632660526995853,0.019632987035260622
5,246,0.047299906758208964,0.06785770963392695,0.06882859341721626,0.0473046286017651,0.047306711212174925
7,246,0.052611067479195445,0.10751220680546782,0.12617790889894215,0.03679718018443508,0.06521192824932585
1,247,0.04845906814917939,0.059772866850243314,0.06022908551576254,0.0484619263080653,0.04846130769898327
3,247,0.013441768506728596,0.018172202318596,0.018496016165587693,0.013441459455039651,0.013444306547867876
5,247,0.026340857264367714,0.04282835784996818,0.043152991070695146,0.026345306446005627,0.026345582668923444
7,247,0.058980745702845366,0.11206503084462802,0.130849878261306,0.03798486909551554,0.07420757079153845
1,248,0.04510481475064207,0.058802522754316085,0.05975744281890246,0.045109997169627256,0.04510246460933353
3,248,0.004516855446368759,0.006934478201584349,0.007409234538259483,0.004518577248611586,0.0045208181619260795
5,248,0.0003059050143295386,0.0004928215681749953,0.0005903326514338539,0.0003058661820743636,0.00030613269984401426
7,248,0.06947479412703945,0.11335362159131557,0.12799138739571542,0.05540416394008795,0.08049150645919556
1,249,0.03487861479139702,0.04929670891822082,0.05072755958175178,0.03487970938107245,0.03487800748765926
3,249,0.005886289363704236,0.008989334676471169,0.00959518030101253,0.005882875111397092,0.005882235040737637
5,249,0.02635886284237881,0.042996649541160455,0.0442766053959633,0.026362555210426204,0.026355823278312512
7,249,0.07826659013812212,0.11049899685277235,0.13041404357892733,0.0734235796484406,0.0817635978257564
1,250,0.01882642665093257,0.029739864108797687,0.031873152613395864,0.018823512410454123,0.018828714982677058
3,250,0.014545880706822167,0.019577645195767043,0.02026568106634415,0.014542268554066779,0.014542307213407633
5,250,0.04731777095019452,0.06795257523015222,0.06961817879726455,0.04731400926534084,0.047311087648127595
7,250,0.08207452513212488,0.11321041457326518,0.12719121177858864,0.08522662296505706,0.07756281619680319
1,251,0.0009568229911623724,0.0015910843923404873,0.0017353394329035687,0.00095814252451075,0.0009547968674933419
3,251,0.020219233714659668,0.026284952995561172,0.027203272596953734,0.020217564852040206,0.02021685853012945
5,251,0.06061507407011686,0.07930699425884609,0.08087961189213579,0.060608252222021486,0.06060852556165159
7,251,0.07987886747124491,0.11320140605712437,0.12950700807925428,0.08847129054032375,0.06911872345753359
1,252,0.020493660241632426,0.03210017785563521,0.03478228843301417,0.020489705892163913,0.020496859261066792
3,252,0.021848667655439847,0.027372301716567446,0.0276992136504225,0.021848311550295336,0.021846634478418767
5,252,0.06514554495318355,0.07910859416303798,0.07985893032249798,0.06514001572419954,0.06514401753939299
7,252,0.07237556124377288,0.1116568235187867,0.12720433875523332,0.08262916128872178,0.0596927245269414
1,253,0.03607849540063279,0.05069512948781179,0.052037890980305035,0.03607119238605366,0.03608674117679602
3,253,0.019175293983593262,0.024756456814868804,0.02512887420023909,0.019174142455628547,0.019173855223333144
5,253,0.06062949126562169,0.07939440268700697,0.08182566641732518,0.060628320119594424,0.06063293613284732
7,253,0.062016095134555686,0.10476215211457925,0.12851946368795564,0.0686518108681254,0.05448051709269362
1,254,0.045704815650625154,0.05920181050313584,0.060061272161312074,0.04570149260787335,0.04571186957471098
3,254,0.01262765008575307,0.017231979782811626,0.017436578034499252,0.012626238585786872,0.012628536724039168
5,254,0.047349423027855185,0.06820117741005446,0.07115186501782804,0.04735221820701467,0.04735375734275597
7,254,0.05335020908943237,0.09730870779393647,0.12430985150029125,0.04982393197536638,0.05698479896104614
1,255,0.048405249074041104,0.05946871668648088,0.06045390954926325,0.04840875576846101,0.04840539553024862
3,255,0.0035179973389018234,0.005383264592505626,0.00579631735006574,0.003519316516793329,0.0035207003964612964
5,255,0.026426961516375677,0.043477394103046484,0.04653161110712868,0.02642910959248265,0.026430006973186298
7,255,0.05264710259778321,0.10712744456994301,0.1268562410369726,0.03561443686800691,0.065765175419669
1,256,0.04392694680837584,0.05777018758000154,0.05885873942028847,0.043932161647564326,0.04392345490517649
3,256,0.006812766998839391,0.010337493580261203,0.010977122019686801,0.006809357279452738,0.006809168250379051
5,256,0.0016925136784981729,0.0026675207079406727,0.0031946287810294552,0.0016913844943334047,0.0016913284166675997
7,256,0.06076049012468439,0.1120762191454614,0.13311225195581883,0.04126071141002911,0.07548348576127327
1,257,0.032688620807845944,0.04706839371352063,0.0483960150956474,0.03269006911279564,0.03268773805156845
3,257,0.01527597131056828,0.020520572494760296,0.021318359627212985,0.01527216577762292,0.015272080462828049
5,257,0.026353431202530263,0.043536492988451664,0.04453534896833501,0.02635950622553875,0.026351384160623655
7,257,0.07168536457218441,0.11330463437971014,0.13096037457415471,0.059473884093363856,0.08179531864663986
1,258,0.015884664521412385,0.025480124475974662,0.026272416519221083,0.01588353203846929,0.0158872735606846
3,258,0.020583479384847003,0.02683341370287557,0.027769699003097725,0.020581342326322687,0.020580037378362948
5,258,0.047285725988558396,0.06793145606883849,0.06853014469524532,0.04728444400046183,0.04727887697287698
7,258,0.07989663518741237,0.11137974251203564,0.12980643390684435,0.07636802967777047,0.08257565801040767
1,259,0.004227448834951559,0.00698409423409004,0.007426679443399666,0.004226810523888593,0.004224087841938081
3,259,0.02178327123373621,0.027683646484093834,0.027906864530711246,0.021782107125194544,0.0217796917229639
5,259,0.06057732245669542,0.07871163909152973,0.0793462504065481,0.06057238640496125,0.06056891374653447
7,259,0.08258863759620255,0.11334139700107997,0.1270892897178588,0.08644414679798623,0.07754141204923229
1,260,0.023288478982754896,0.03594008799406481,0.03891452184770295,0.02328214269167438,0.023289954130474938
3,260,0.018685906994089112,0.02415576281262836,0.024525706536927237,0.018683811135505463,0.018682947877585676
5,260,0.06511017549837733,0.07833599098716565,0.07910724522958086,0.06510559475566613,0.06510497355711929
7,260,0.07908464134192346,0.11313493828283769,0.13097391361324265,0.08780362956636978,0.06811422420008743
1,261,0.038027756180302894,0.05272229313883344,0.05412441672502959,0.03801941147413927,0.03803429047841559
3,261,0.011788818426098373,0.016285023269589204,0.016766108376097377,0.011786716619747502,0.01178830216363486
5,261,0.06060676025528064,0.07957795716770193,0.08150285314126449,0.06060564616995928,0.0606049845239127
7,261,0.07039162082771608,0.11122755323976097,0.12902989274526888,0.08021970835338277,0.05784648434898744
1,262,0.046601806491799916,0.05959680220632102,0.06073615922204857,0.046599013496431835,0.046606427286448204
3,262,0.0024866916056604216,0.003810389196388021,0.004118761986662054,0.002487533557548609,0.0024880209058967414
5,262,0.047350267923194564,0.06872791177214237,0.07134814462271392,0.047351746952540436,0.047348433218131
7,262,0.05949953367987444,0.1035057029855512,0.1277139172143935,0.06500864192743108,0.052714124950933826
1,263,0.048168222149811105,0.05983201675099358,0.060522706552952305,0.04817249737093366,0.04816689909957784
3,263,0.007719366055014771,0.011578781224251662,0.01229801926363032,0.007716351712568483,0.007717007829868922
5,263,0.026486340457116647,0.0441969226306948,0.04750158046292529,0.02648598387727053,0.026482520448380627
7,263,0.05171183861297372,0.09633087337242119,0.12440817903129782,0.046295263523866696,0.05645304107602017
1,264,0.042579609097633864,0.05674590845641064,0.05772579758069613,0.04258502669594334,0.042577076136444736
3,264,0.01596772772262347,0.021412436462338372,0.022252444762260005,0.01596444493063572,0.015964764996015922
5,264,0.0028583871424331217,0.004388886521198857,0.00485891189272701,0.002858354046674992,0.002857154821553636
7,264,0.05315011625402074,0.10602249130260576,0.12844969256740124,0.03542368171382451,0.06653072654324733
1,265,0.030363259389297313,0.04484801166163642,0.04595824637990147,0.030365244659161017,0.030364696594199898
3,265,0.020905413041627987,0.027177120041740076,0.02817642938509609,0.020903663804345864,0.020902379982294602
5,265,0.02644829839195866,0.044351720227417506,0.04680825207158614,0.026457560198243153,0.026452623755309115
7,265,0.06271523706370821,0.11208685641868937,0.1334551348601198,0.04489661720312808,0.07677529470147477
1,266,0.01287625188328421,0.020612007744763877,0.020912087304829435,0.012876541010803273,0.012881657145085044
3,266,0.021678328269747596,0.02785189805152581,0.02821726850504395,0.02167725358136058,0.0216746854787321
5,266,0.04731773994683147,0.06872124378050735,0.0703871261818998,0.04731837100243587,0.04731674727458796
7,266,0.07379130716710014,0.11337381624953898,0.1330471278969796,0.06335952010162203,0.08296527051773994
1,267,0.007425406443210273,0.012065461745386148,0.012611757613880965,0.007423848910094044,0.007419264323574791
3,267,0.018165154430632647,0.023645198012192246,0.02429470817359641,0.018162993050759788,0.018161910978619585
5,267,0.060579977598241096,0.07952600049239805,0.08035891365947803,0.060576202814976554,0.06057673823730895
7,267,0.08127965502825511,0.11196971151188624,0.13118856329407627,0.07897304210981765,0.08318180835359902
1,268,0.02596122443679042,0.039519136324594695,0.0419710410256322,0.02595428037184092,0.025960330150808522
3,268,0.010932075199350333,0.015411912061839122,0.016007801927602507,0.010929948076610485,0.010930920388132023
5,268,0.06509113734927596,0.07780895721106487,0.07800652207922738,0.06508714111894567,0.06509009719543009
7,268,0.0828186465605925,0.11342770905898049,0.12928299744602614,0.08728166902340115,0.07731633996899594
1,269,0.03981514097484188,0.05445718823327745,0.05529432684612821,0.039807659579992286,0.03981958748326085
3,269,0.0014276497432601555,0.0021689034449720963,0.0023749286074464856,0.0014281227116790282,0.0014278594344299378
5,269,0.060571554392135005,0.07938793215679242,0.07988511516282079,0.06057117237231795,0.06057220342839977
7,269,0.0780417143322058,0.11287734807559009,0.13308352242364035,0.08677290519098178,0.06697194708784146
1,270,0.04732145663100427,0.059822142796433414,0.060897343273048875,0.0473207440997939,0.047324021600723305
3,270,0.008612164911192524,0.012766915235132945,0.013453826484881847,0.008609819203774322,0.008611542042205609
5,270,0.04730122107422803,0.06855093556029952,0.06993489120629678,0.04730345008193754,0.047300346219769966
7,270,0.06827120184025058,0.11019116837579684,0.1321254560055726,0.07752285287624844,0.05601004138761508
1,271,0.047754269441910135,0.060015762314200936,0.06059209591419533,0.047760338705137496,0.04775251533437748
3,271,0.016620457965364932,0.02217190600626928,0.023002672467229295,0.016618266587182136,0.016619556218707473
5,271,0.026420242942021093,0.04421448859224784,0.046328375292160565,0.02642061120984854,0.026416342317032635
7,271,0.05707285505768088,0.10226151594123588,0.12783620649962193,0.06126778960582485,0.051176597325695454
1,272,0.041071999532133883,0.05556762542294681,0.05628448405511289,0.041078011150501144,0.04107149230919284
3,272,0.021181810885495395,0.027447143297525362,0.028403018676886983,0.02118116207970673,0.021180714316893882
5,272,0.002672121324523875,0.0041408249669948076,0.004644071231352438,0.002673626949564039,0.002672864948178866
7,272,0.05050440262187099,0.09422335084215305,0.12377238708436922,0.0431585346123303,0.056277155936878466
1,273,0.027912961236170517,0.041990084452785285,0.04385523394595322,0.02791508710063197,0.027917371675732643
3,273,0.02153054685619778,0.027818090874880512,0.028418938246467313,0.02153032218251275,0.021528459701249607
5,273,0.026484553993363778,0.0440679663896118,0.047497046636268324,0.026493280518311214,0.026489943692384884
7,273,0.054072272264232744,0.10542359930734742,0.1278280274713898,0.03622819623525921,0.06745927284133442
1,274,0.009807918830564373,0.015737344332093263,0.01622459658455058,0.009808771933263426,0.009815745098587724
3,274,0.017612217569611316,0.023184665129848167,0.023925674991202878,0.017610762509661617,0.017610111984510325
5,274,0.047360385737023517,0.06865526499383459,0.07151344282244822,0.04736007237728013,0.047361154474497374
7,274,0.06476523568517349,0.11253832292339647,0.13347903950613757,0.04873232389464844,0.07802475933559856
1,275,0.010544482303889638,0.01686346411976738,0.017312809668660334,0.010542252153110677,0.010538085220395758
3,275,0.010063451993361845,0.014453065370870525,0.015141706794275778,0.010061900740532197,0.010062693454181374
5,275,0.06061892048490979,0.07956493679030836,0.08176467415175251,0.060614596117644026,0.06061870927474571
7,275,0.07574164413993455,0.11371498732401288,0.13349271878910277,0.06701351226519273,0.08395532273621335
1,276,0.028505935559851606,0.04271086774480337,0.04434314146567779,0.02849895147936714,0.02850568491076988
3,276,0.00035065743566806997,0.0005295271342753748,0.0006026711284745557,0.00035103035664922345,0.00035024286334677744
5,276,0.06512070690987957,0.07857181148248128,0.07944352818669463,0.06511687249065065,0.06512401947609124
7,276,0.08239308138583917,0.11252387013710714,0.13299523408696295,0.08122277457451081,0.08355453553927016
1,277,0.04144233424453733,0.05586756005494924,0.05663112442639918,0.041436002121105826,0.04144744870071143
3,277,0.00949559249118046,0.013819349242059612,0.014530136982983026,0.009494025701092309,0.00949668039339031
5,277,0.06058324069710592,0.07889649058552634,0.07963402267552312,0.06058390645339593,0.06058910243008686
7,277,0.0827649989396088,0.11327716778960044,0.13232614061895806,0.08773773096267212,0.07688623356808488
1,278,0.047867317054438675,0.06003335271061025,0.060580566220821884,0.047868246373303065,0.047870377385925825
3,278,0.01723481045558724,0.022830636463819005,0.02361782615062845,0.01723400529543291,0.01723645325409675
5,278,0.047284764311241886,0.06766861296646398,0.06837904031258019,0.047289309057385355,0.047289633037100196
7,278,0.07677386414156714,0.11264694748869877,0.13400970462063608,0.08539639766973868,0.06572155654109697
1,279,0.047167224788586044,0.05971715711220026,0.060913091052089224,0.04717399733445843,0.04716672223139899
3,279,0.021410516967028857,0.02769461187032668,0.02846761500143952,0.021411356811347468,0.02141220040477065
5,279,0.026339130713295113,0.04321803415069884,0.04382566046254774,0.026342913121117906,0.026341358031726762
7,279,0.06607172315825778,0.10953902965827056,0.1334570200882483,0.0745820590458408,0.05426522101643228
1,280,0.039406612851310786,0.054049691081442294,0.05504826846066773,0.03941180198454508,0.03940830314629646
3,280,0.021336596224769744,0.02758934469678917,0.028462975955603154,0.021337626779837703,0.02133707893149818
5,280,0.0012165659943708244,0.0019426329299795935,0.0023276553522079855,0.0012178217390734548,0.0012175830129231902
7,280,0.05483134777406361,0.10144734466843155,0.12675164157060462,0.05752480810814145,0.04996552491464087
1,281,0.025337481299635915,0.038739330131425595,0.041344319937501914,0.0253381853337763,0.02534367949333187
3,281,0.017024800921273342,0.02259460455022632,0.023424533935115267,0.01702445215027276,0.017024852610753854
5,281,0.0264010259314051,0.043291315617843114,0.04582447706889265,0.026405874236249474,0.026400615254218142
7,281,0.04978927202570148,0.09307355063766865,0.12326749733021145,0.04059363533199527,0.05646766413698095
1,282,0.00667067461265352,0.01088832123825313,0.011423527638491728,0.006670806948253676,0.006678592807328743
3,282,0.009186732718323114,0.013473222374952503,0.014174504809360276,0.009186064955740718,0.009187292846954067
5,282,0.04734168572811917,0.0680885853810144,0.07069897827975584,0.047338340237301164,0.04733758475045899
7,282,0.055355615234230125,0.1046544104866681,0.12597114684871885,0.037937005675168785,0.06850813891112606
1,283,0.01359765268766851,0.02182175616402401,0.022117963280309367,0.013595424867170837,0.013593878426327843
3,283,0.00073108796678904,0.0011127197627104285,0.0012331651423281708,0.0007304838818922984,0.0007314999091053533
5,283,0.06062844140237687,0.07939582233522856,0.081573751162342,0.06062185801333454,0.06062460814376718
7,283,0.06684312259014744,0.1128179069945546,0.13295506066475254,0.052644770066231625,0.07918724001597058
1,284,0.030926422020030046,0.045462450304505075,0.046438390410616,0.030919684225221553,0.03092942419223576
3,284,0.010370987785391852,0.01482657008523125,0.015458254342780772,0.010370096312614588,0.010373175092803395
5,284,0.06514902577962721,0.07917233980538779,0.0797896940133804,0.06514377251569355,0.06515032379262624
7,284,0.0774974695592473,0.11354792349183185,0.13345025362190635,0.07040044977540119,0.08473309066521521
1,285,0.04291239551243894,0.05700980686504849,0.05803450185499938,0.042907051155742996,0.04291974276023541
3,285,0.017812370914580145,0.02333449763818844,0.024070635908084774,0.017812931480433922,0.01781608045822693
5,285,0.060622148070927355,0.07936798577029332,0.08131658087425672,0.060621674599744185,0.06062814544820895
7,285,0.0832196547975704,0.1128842625414855,0.13349713809187752,0.08310602593245482,0.08367366581767535
1,286,0.048240154924291644,0.05975099965300213,0.06053977269370953,0.04824182485816497,0.0482442050807051
3,286,0.021591177184120295,0.027851200414685005,0.02836053343361851,0.021593542985000616,0.021595317281125445
5,286,0.0473286974441043,0.06799577752265148,0.0702853965437924,0.047332682660825444,0.047335283359686973
7,286,0.0824257967150072,0.11295148421624394,0.13325936039585606,0.08781266559089693,0.07624544155439586
1,287,0.046406095159402375,0.0595662515725201,0.060599767193414825,0.04641206311446637,0.04640618604482175
3,287,0.021094382536842197,0.027349224324035942,0.028341085687910918,0.021096705120505592,0.0210973409744392
5,287,0.026380058657822385,0.04316424297944998,0.045217931084345235,0.026383809566602887,0.02638514807847476
7,287,0.07529825658700368,0.11251293529564581,0.13194801495673392,0.08368922646051949,0.0643801140429434
1,288,0.037580733420881134,0.05226265435972581,0.053722159772105184,0.03758358943525473,0.037582882746017225
3,288,0.016400082055270142,0.02193083118712447,0.02275129035998294,0.016400858803663012,0.01640246384636772
5,288,0.0008467523418638859,0.0013551900723946606,0.0016273150545438669,0.0008458532367314905,0.000846491851225507
7,288,0.06384413734448545,0.10904772775760105,0.13400736299702676,0.07143811227971353,0.052674378023460665
1,289,0.0226346660644761,0.03512396299795729,0.03801672582624737,0.022632779398809172,0.02264037688918071
3,289,0.008302320482340305,0.012353184258566532,0.013051669595345946,0.008302603986052513,0.008304637889671564
5,289,0.0263378587619901,0.042976270462686206,0.04329687358994401,0.02634230561619025,0.02633409777499106
7,289,0.05287234843685192,0.10069636964630546,0.12500843147439103,0.05387663221246432,0.04917059675065548
1,290,0.003454256857844608,0.005740976731202939,0.006141415550470124,0.003452979685315136,0.0034600209884199365
3,290,0.0018023330953517043,0.002751085483802616,0.0029935201663972948,0.0018012242963020638,0.001802097991874955
5,290,0.047293050136954305,0.06764567486187817,0.06840280320740699,0.04729028432431238,0.04728495335470345
7,290,0.04961123300148625,0.09358872906603757,0.12404455712260468,0.038779162934339424,0.0570314571744407
1,291,0.016590630713047262,0.026474590278680345,0.02763902883667713,0.01658853174626247,0.016590454312815427
3,291,0.011236115040429345,0.01571990947227147,0.016281284410736112,0.011235505764409908,0.01123838605169118
5,291,0.06059248757066498,0.07906687533663471,0.07989436769889241,0.06058647633613964,0.06058359394794769
7,291,0.05695107463534643,0.10447989193099266,0.12690180269157475,0.04039744224474538,0.06966344054455588
1,292,0.03322036210949339,0.04758771332662121,0.04897711238425468,0.03321388132566998,0.03322642683833998
3,292,0.01835495162339157,0.02383277997311697,0.024388153337178236,0.018356437286854467,0.018359492686718267
5,292,0.06512838343702558,0.07873334131387537,0.07963294599598451,0.06512333481571887,0.06512362853099139
7,292,0.06890464032861417,0.11293692200577884,0.13110446672614265,0.056548910980400324,0.08024697396756297
1,293,0.044220742803498976,0.05798041891284262,0.05910081109608016,0.04421644249696324,0.04422883035453484
3,293,0.02172529245350738,0.02781079407463698,0.028114644877902863,0.02172874948508154,0.02173061266578882
5,293,0.0606227359197954,0.07952700190769223,0.0818843541172024,0.06062165783595554,0.060622428167469745
7,293,0.07903779656222629,0.11357643370462608,0.1320641792456698,0.07350032495025384,0.08528819800030862
1,294,0.04843484834284109,0.05962503391567798,0.06041084276009112,0.04843719724121231,0.04843766717056633
3,294,0.020803791481444393,0.02711392618592604,0.02805882414339776,0.02080698169947485,0.02080817770702116
5,294,0.047359039002929745,0.06852170364433888,0.07154821003585715,0.04736122968826052,0.04735934234515667
7,294,0.08375118752094118,0.11332919359466954,0.13139722251938768,0.08461804225768314,0.08352897129614927
1,295,0.045467273983425815,0.05903652544361258,0.05996450413378118,0.04547242351192598,0.045465556125369316
3,295,0.015735752819299946,0.021116047315036003,0.021951018503478425,0.01573729780204684,0.015739814218853763
5,295,0.02647404216636304,0.04392125361020293,0.04739419664434223,0.02647490501199548,0.026472860226284985
7,295,0.08179832204959579,0.11265964448930864,0.1336800478300814,0.08750440400302574,0.07538073908047012
1,296,0.035594097005239016,0.05011747812565575,0.051445757524211634,0.035595205887691515,0.03559424432279801
3,296,0.007407016378849569,0.011172163716975169,0.011857865980235444,0.007408184465660839,0.00741090924572241
5,296,0.002483318819712947,0.003829251553134998,0.00442338355129363,0.002482537073514556,0.0024824183356546466
7,296,0.07362144209844154,0.11243228921433371,0.1338062895637069,0.08164985111497347,0.06294121373555005
1,297,0.01981415889914083,0.031107274685139453,0.03364959647677913,0.019810904662903753,0.019817385361521812
3,297,0.002851019729698234,0.004359741982782301,0.004719277143173811,0.0028492595188774022,0.0028496403061156854
5,297,0.026402410432893958,0.04408465573981267,0.045920699394173925,0.026410291840116982,0.02640416853849458
7,297,0.06161878778410682,0.10855131117117184,0.13299912385469173,0.06810265041257091,0.05125500101525963
1,298,0.00017271795219210966,0.00028261194095712813,0.000351493436065282,0.00017106416474111318,0.00017555640838762376
3,298,0.01208604013840944,0.01659323840213879,0.017008982913982014,0.012085104201541033,0.012087334520841753
5,298,0.04729668966112475,0.06842512040351424,0.0695804597034165,0.04729647002437409,0.047293025040161744
7,298,0.05126307519266894,0.10021647927035719,0.12374937591605802,0.05038022591464001,0.04882899887728183
1,299,0.01951348880703053,0.030693300471488907,0.03312705043199477,0.019510097759205463,0.019516125306331487
3,299,0.018863942568077538,0.0244164994335392,0.024580376870393758,0.018865513566532932,0.01886784435822327
5,299,0.06057179602176344,0.07928038524393397,0.07960373037923994,0.060567398155724775,0.060565793049846196
7,299,0.04996774903569889,0.09418153419120227,0.1258495237468132,0.03779737913735167,0.05794486385712555
1,300,0.03537563277619489,0.04987519067157256,0.05120550295135399,0.035368423125923816,0.0353835117155439
3,300,0.021815684514573393,0.02758895750508863,0.027855257692478173,0.021819310814568074,0.02182055893168067
5,300,0.06509364249853114,0.07791042918215839,0.07822680217505919,0.06508915423723274,0.06508993753698374
7,300,0.05880397851952687,0.10429970292745967,0.12797909450596612,0.04338559946019226,0.07091936344583548
1,301,0.04535703754055951,0.05897604753934522,0.05990880343293409,0.04535333476847844,0.04536428236544423
3,301,0.02046677814811313,0.026647744423471297,0.02758212761121237,0.020469958011653928,0.020471129458438198
5,301,0.06058403402191965,0.07958519290418967,0.08068720796367256,0.06058307682743037,0.06058252069566716
7,301,0.07092244056763258,0.11290496618475872,0.12817114433278948,0.06035789967437986,0.08121751465276233
1,302,0.04844466903074074,0.059696722642070627,0.060365911636750584,0.048447834095196346,0.048445032059069235
3,302,0.015030967714104915,0.0202155835843841,0.020957619361996756,0.01503261057682027,0.015035598095514077
5,302,0.04732456770824512,0.06876407663131628,0.07068091121716862,0.04732611856172056,0.0473219382713751
7,302,0.08036091307982325,0.11355053898214042,0.13027436631139047,0.07629401410463667,0.08564521040325253
1,303,0.044349565355235133,0.05809642746824166,0.059214790662825895,0.04435474872139622,0.04434581292359746
3,303,0.006495111604640698,0.009880186038405042,0.010497760639438736,0.006496931051483575,0.006499913271678683
5,303,0.02646240254976898,0.044365942896085225,0.04707948174641034,0.026461994596104297,0.026457001315729867
7,303,0.08400043079677173,0.11384043308847965,0.12864076042106992,0.08576312482199049,0.08315206309511418
1,304,0.033453811129154014,0.04780166319452155,0.049229865243001096,0.03345510242211466,0.03345252743201869
3,304,0.003869524900177197,0.00593744448462749,0.006375530420820402,0.003867023155961964,0.0038668477787953026
5,304,0.002932118576157679,0.0045033326548840295,0.004923802441462579,0.0029332584026510546,0.002932135873297721
7,304,0.08090204730434339,0.11226950611892414,0.1319617442131451,0.08683066546236272,0.07432180800954563
1,305,0.016899270026964175,0.026933113689395296,0.028243872863235306,0.01689754686971966,0.016901524486821244
3,305,0.012914659533489517,0.01761988631786408,0.01767402912831161,0.01291283890504059,0.012914270688337257
5,305,0.0264847339262794,0.04430089685864969,0.0474195655904479,0.02649434086467369,0.02649117894510976
7,305,0.07177228226525696,0.11192780608181335,0.13309757617474163,0.07930550910643842,0.06143877160090758
1,306,0.0031154197511154644,0.00513355866754671,0.005518015901964813,0.003115256941630169,0.0031124990426322063
3,306,0.019339801594915162,0.02496517471598453,0.0254799234152993,0.019340566825199034,0.019341910018324228
5,306,0.04734612228347148,0.06875600926863364,0.07116019332064978,0.047346594834033195,0.04734735355145512
7,306,0.059442513953957735,0.10818940342601342,0.1338745654254071,0.0646212194934621,0.05004274101421323
1,307,0.022345415091811063,0.03474252816459645,0.0375924420241776,0.022339452977400726,0.022347291796130826
3,307,0.02186552516835998,0.027235806101918787,0.0275925554025982,0.02186827431374624,0.02186859951692792
5,307,0.06060103441661238,0.0795821716061302,0.08125740752127669,0.060597137071442576,0.060600405292031354
7,307,0.05005667450304037,0.09966905041195838,0.12505525094360498,0.04712783082937523,0.04893415350514411
1,308,0.03737907635320294,0.052040096040324876,0.05353346634167697,0.037370527049596515,0.0373859353480928
3,308,0.02008678602649217,0.02611872578351894,0.02696445386966355,0.020088968605844745,0.020089801870225337
5,308,0.06510329000868634,0.07815837186294805,0.07882387083713199,0.06509945685728341,0.06510523878027626
7,308,0.05081019420885896,0.0951330136072406,0.12773452453357592,0.03769572859622788,0.05913344025794524
1,309,0.046315048193323306,0.059545201185151955,0.060528347622753574,0.04631166686545033,0.04632002939923659
3,309,0.014286843746801402,0.019218262790138538,0.019858506883182407,0.014287846146615128,0.01429092666239833
5,309,0.06057135836121247,0.07886061860702738,0.07926188750687677,0.06057169110643826,0.060575037510955915
7,309,0.06083689092722561,0.1050635754549622,0.1283159357532031,0.04672266048079634,0.0722249052778808
1,310,0.04826942629604293,0.05973230544890116,0.060530656186922195,0.048273316820763544,0.048267873873710704
3,310,0.005560117002150862,0.008500402024795996,0.009079847057387387,0.005562188105837506,0.005564973280969579
5,310,0.04728370303790873,0.06810654313560816,0.06885532188823126,0.0472873352493447,0.047285740956712334
7,310,0.07285762764903381,0.1132036477943617,0.1263998031209552,0.0640120378902513,0.08208041176760683
1,311,0.043058764712014495,0.05710838133053497,0.05818018436609183,0.04306415341167275,0.04305517249560333
3,311,0.0048553500847300785,0.0074388947660379385,0.00795927967636235,0.004852156734296895,0.004851645648706473
5,311,0.0263657218472505,0.04375924562658861,0.0450308074523224,0.02636800623694128,0.026364638034763275
7,311,0.08145833611123643,0.11393326579863143,0.12941741669493867,0.07876789007856586,0.08581244590464214
1,312,0.03117290547899755,0.045687444457627416,0.046701613188127,0.031174787718401847,0.031173087395453415
3,312,0.013716017136404612,0.018490312016916522,0.01894380392629998,0.013713088778416626,0.013713815597154535
5,312,0.0019976409979681775,0.0031056128163900456,0.003715413786743518,0.001999582464231879,0.0019986542960111296
7,312,0.08397525505911242,0.11400077005267316,0.12682013377412346,0.08654447827398994,0.08256906798818694
1,313,0.013911902010062423,0.022388122377769208,0.02265090935966854,0.013911843996205866,0.013916329420509169
3,313,0.01978177903426445,0.025646268217768404,0.026372572165097585,0.019781235036133223,0.019781581074823505
5,313,0.026447560294685996,0.04363466565930843,0.046925231935896074,0.02645431806385858,0.026450473281789323
7,313,0.0797552359242966,0.11210445529078228,0.13029436187601118,0.08581102729513677,0.07310148444588278
1,314,0.006340877764241038,0.010360458583323653,0.010890709187990198,0.00633947207633671,0.006335181669088287
3,314,0.02187732316243932,0.02718451571639792,0.027330601792320327,0.021878536136338306,0.021877874148448294
5,314,0.04735848731482514,0.06830485173131608,0.07137533013308903,0.04735635341760732,0.04735735721164497
7,314,0.0697837514059456,0.11123813294641292,0.13095908908667334,0.07669378855848967,0.059919848049433753
1,315,0.02506145971278369,0.03836916226627325,0.04104570772764891,0.02505430508638782,0.02506074273988611
3,315,0.0196678010860355,0.025457100306766216,0.02613712210349544,0.01966836750703835,0.01966869240786205
5,315,0.060631151281229215,0.07945335660711889,0.08191925202107574,0.06062542103695621,0.06062992752159442
7,315,0.05737342669694791,0.10728395232431584,0.1322421037696792,0.06106720492262451,0.049089193755823775
1,316,0.03922190572775717,0.05388425773715547,0.05492766613795441,0.039213647956026845,0.03922646003793684
3,316,0.013506449106177612,0.018246974006599172,0.018601469983124213,0.01350632903615198,0.013509167980939847
5,316,0.06514105609859881,0.07900030570710444,0.07984130715514233,0.06513639253460796,0.0651444999252427
7,316,0.049299352935015923,0.09997119018693629,0.12639539078513143,0.04426319246353994,0.04946993325987889
1,317,0.04709488016009087,0.059705371467499546,0.06090989594606553,0.047093161356055124,0.04709746761583814
3,317,0.004596325336155773,0.007059883541070888,0.007538443218008555,0.004598247109556075,0.004600443995967049
5,317,0.06060584029043461,0.07925204251812716,0.08052933836098165,0.060606112787394854,0.060613128524992475
7,317,0.052077820621024916,0.096527128301675,0.1285087331101881,0.03847198273105141,0.06053921524828749
1,318,0.047915289675246775,0.06003615062875167,0.060567192641541354,0.04792070284328612,0.04791301578311747
3,318,0.005810175623759067,0.008874604820193411,0.009480013500510028,0.005806554776656175,0.005806056291519639
5,318,0.04730475485870598,0.06790446882123388,0.06910055013580596,0.047309566594090566,0.04731193856812887
7,318,0.06298078668143625,0.10572296623742394,0.12798056374510916,0.05026300319112758,0.07354465367103231
1,319,0.04160527836898197,0.05599184772674527,0.05680293291187684,0.041611187913956946,0.041603690886196726
3,319,0.01448509890548359,0.019504174125951464,0.020175284273902642,0.014481301864467422,0.014481528348117886
5,319,0.02634536098058891,0.04289520149970394,0.043552174454301436,0.02634997348957678,0.0263505133601956
7,319,0.07467781517863578,0.1132878151905531,0.12637799570851896,0.06746021377798826,0.08282534918152129
1,320,0.02876489994172586,0.04299227260154972,0.04455298933818326,0.02876712937066824,0.028768303672711847
3,320,0.020187946347935953,0.026243345636269098,0.02715126967144325,0.0201862008210197,0.020185636244934437
5,320,9.162672752179505e-05,0.00014815803980653783,0.00017688239158470992,9.158931736073644e-05,9.168692078061989e-05
7,320,0.08232506714079724,0.11424523309619598,0.12910893743916224,0.08090554322710974,0.08579546222150547
1,321,0.010864481296604542,0.017358694977320593,0.01782270535969687,0.010865332826370123,0.010871895187181867
3,321,0.021852269483165047,0.027341662928927084,0.027675296870039084,0.021851949421579257,0.02185031372372232
5,321,0.026351895549052887,0.042939855763785006,0.04388909315167599,0.02635563147194037,0.02634843797091625
7,321,0.0836868526733962,0.11371782172923653,0.12663286018216197,0.08696145713055835,0.08179750515000225
1,322,0.009485665721143136,0.015216371231269104,0.015710566977842046,0.0094834486777038,0.009478615289809344
3,322,0.019213520278291176,0.024807138522391442,0.025212402243554363,0.01921245920787518,0.019212155206928816
5,322,0.04731245251533883,0.0679369819521974,0.06933980020220894,0.04730863799005872,0.04730518026004467
7,322,0.0783803560650567,0.11171622755916205,0.12973681445965105,0.08446332479870171,0.07174340989466033
1,323,0.02764955146878515,0.041662649562161536,0.04359313642232504,0.027642234661984403,0.027648319426839648
3,323,0.012694603704180484,0.01731910174163156,0.017492089954594888,0.012693310016008806,0.012695605029749073
5,323,0.06061115811374282,0.07928164835487038,0.08069262874468502,0.06060419198348326,0.06060389235303389
7,323,0.06769350468737767,0.11057776513918889,0.12804844245099486,0.07385773353316838,0.05841956626730959
1,324,0.04090327526402844,0.0554432074461643,0.056116311606009064,0.040896242197057876,0.04090751446778119
3,324,0.0036001413346257827,0.005507321737966457,0.005932551998527955,0.0036016474199358013,0.0036029738436676017
5,324,0.06514329390204976,0.07906209526429595,0.07985711303321523,0.06513760455496337,0.06514106055506659
7,324,0.05547182877906378,0.10633270305656749,0.13032251018622298,0.05753177072711996,0.04843261641827982
1,325,0.04769973757422296,0.059978866072845874,0.06061654759509884,0.04770007779584693,0.047702001694775904
3,325,0.0067385483366203475,0.01023037559587222,0.01086818358420234,0.006734909356510739,0.006734833610133273
5,325,0.06062959561017898,0.07942348254306938,0.0818858831969234,0.060628343392818244,0.06063247145753991
7,325,0.049009358417369336,0.09959919127409901,0.1264529351444818,0.04194756850368986,0.05038664981911879
1,326,0.04738721214880469,0.0598560245766526,0.06087015636415651,0.04739401106796284,0.047385759898637934
3,326,0.015218221394842968,0.020445934638985856,0.021236187723970807,0.015214171610134051,0.01521422663592873
5,326,0.047352800898558665,0.06824254122067476,0.07128364586141782,0.04735551702358383,0.04735658002855786
7,326,0.053692806783668744,0.09763866433045554,0.12675200836145134,0.0400528369689994,0.062103143583337
1,327,0.03999394253872299,0.05460869226897475,0.05544732743085899,0.03999976120641337,0.039994689958491404
3,327,0.020555465276967933,0.026796471026105325,0.027727832265254628,0.02055317081798648,0.020551947883557246
5,327,0.02643736194738864,0.04354656255705375,0.04675676977243578,0.026439313085313568,0.02643981457478383
7,327,0.06517071309722926,0.10702439225385213,0.12758190439916292,0.05389288547974807,0.07484268667525718
1,328,0.02623263326861306,0.03984634009352295,0.04224710142039394,0.026234108798217453,0.026238410040846434
3,328,0.021789956661949505,0.027665110787802795,0.027896885330505054,0.02178873164830366,0.021786301903547585
5,328,0.0018617072234256122,0.002911186824377214,0.0034877208152537718,0.0018605867647824566,0.0018604648298691762
7,328,0.0763552755965142,0.11355051095263781,0.125492612353114,0.07066173403383269,0.08344400275829339
1,329,0.007752367723493016,0.012560037092603412,0.013119334100885813,0.007752972348503323,0.007760753379395672
3,329,0.018726688015154605,0.02420885954853596,0.024539472837334538,0.018724579802425763,0.01872366939731691
5,329,0.026360532987712227,0.04364964731461097,0.044804609309269924,0.026367111584842215,0.02635903349849166
7,329,0.08295960287858911,0.11422582305523006,0.12948371951825566,0.08269259853273121,0.08560249757198252
1,330,0.012560020735761788,0.02005801831892531,0.020413832941373077,0.012557529088192373,0.012554825576600093
3,330,0.011857509452442065,0.016356403749642347,0.01682394531546193,0.011855441513346143,0.011857011763338305
5,330,0.04728613595880233,0.06802758710213865,0.06868762904602832,0.04728505171489964,0.04727959267495289
7,330,0.08314817535997374,0.11348085216485986,0.12707669801084695,0.08701119877776457,0.08085672227176494
1,331,0.030112228885506756,0.044602947378519525,0.045719129621982345,0.03010505235425532,0.030113682053992105
3,331,0.0025713447588268093,0.003938479083497367,0.004260003176898582,0.0025723439483316237,0.002572741665681752
5,331,0.06057505557679204,0.0787654074192968,0.07927525726108221,0.06057009368260379,0.06056673256788388
7,331,0.07680196511719065,0.11157591367160535,0.1289812548194702,0.08279926241049335,0.07027579558596939
1,332,0.04242711181665924,0.05662646168159184,0.05755928814627323,0.04242112849362866,0.042433431282711265
3,332,0.007646532594244927,0.01148078443000063,0.012199976335133188,0.007643289428169588,0.0076440499797104395
5,332,0.06510633327158813,0.07823796954725609,0.07895796444867302,0.06510158249352774,0.06510108562978764
7,332,0.06554161207938196,0.10997837590086813,0.12718862145320212,0.07083412652641,0.056973966576921053
1,333,0.048132057137530514,0.05987007099389613,0.06051364048221715,0.048133424899997106,0.04813556941949256
3,333,0.01591313940165052,0.02135170551661957,0.022186071831048777,0.01590958959930386,0.015910006260568155
5,333,0.060602496144798616,0.07958428620188003,0.08137566463642838,0.0606012865777006,0.060600546821279515
7,333,0.05379475987722427,0.10524542683714597,0.12957084220947016,0.05409986574479609,0.04809688904111899
1,334,0.04668602294146594,0.05959099701208628,0.06078808705161963,0.04669242902846364,0.046685789545058295
3,334,0.02088096631984112,0.027158953808606247,0.028151525159503657,0.020879019639800225,0.020877750102836268
5,334,0.04734646498369144,0.06874833126356479,0.07125298612007477,0.04734784588612941,0.04734424782033882
7,334,0.04917762153395627,0.09994797832513308,0.12708961274286676,0.04032960704896315,0.05160648286194553
1,335,0.03822331809147799,0.052887876618314504,0.05429893132474937,0.038227114162385764,0.03822540637700722
3,335,0.02168834195016802,0.027844694324766536,0.028195676125160943,0.02168715003033142,0.021684498555036503
5,335,0.026485059025085404,0.0442741582374671,0.04746552058511175,0.026484486262268972,0.026480642047147698
7,335,0.055570611024622074,0.09847912615220522,0.12623768476598524,0.042310225986205215,0.06375701519282104
1,336,0.023573149634552207,0.03635820699467061,0.03926919046571764,0.023572189966854788,0.02357932745424124
3,336,0.01820849007071984,0.023681722461822992,0.024317774840930173,0.01820624791435961,0.018205072635773503
5,336,0.0029048043421032854,0.004446203463466591,0.004903628831255943,0.0029049928196160485,0.0029035741807935753
7,336,0.06734788384742241,0.10811616903790376,0.12559174480851656,0.05752776969032976,0.07608261871131737
1,337,0.004563321053789972,0.007513857927756171,0.007975882668148164,0.004562600774386885,0.004570212784035654
3,337,0.011001971892203269,0.01548583964877585,0.016072577545014826,0.010999816258729199,0.011000740650326359
5,337,0.026457353412279287,0.044388272442623555,0.04696266498037732,0.026467141268688717,0.026462340214209738
7,337,0.07786364105868822,0.11348875396830073,0.12685821960990912,0.07359081053518772,0.08392691101208234
1,338,0.015573953718586721,0.025027145870491686,0.025664692583815048,0.015571703588049187,0.015572351929193432
3,338,0.0015142475904370433,0.0023004455776067406,0.002520279181744981,0.0015148395173958736,0.0015144516244871011
5,338,0.04732319918495915,0.06878122148665983,0.07054905882620417,0.04732397246490976,0.04732274860484995
7,338,0.08335899913478198,0.11457773436956033,0.13142256581861889,0.08412034233088912,0.08524470007534207
1,339,0.03245044214184049,0.04686060577849078,0.04815027847148767,0.03244361120059588,0.0324554326244296
3,339,0.008540265574306889,0.01267327636974403,0.013362305459556315,0.008537713874828929,0.00853956227088149
5,339,0.060583207148384645,0.07955984000652372,0.08053806151659788,0.060579385874374815,0.06058048584153536
7,339,0.08236995091983869,0.11328826526647322,0.12850099666158016,0.08669153891077604,0.07977008970302514
1,340,0.04379181927911112,0.05767686375688453,0.0587429004868612,0.043786890628502544,0.04379975243965606
3,340,0.01656904182755126,0.02210904511576524,0.022946083217306346,0.016566606028427865,0.016567977546399364
5,340,0.0650921703699844,0.07787276536022261,0.07810083681355263,0.0650880710331293,0.06509170407977682
7,340,0.07504380606877382,0.11108594979220608,0.13012782828601932,0.0808216531752029,0.06873714739522986
1,341,0.04838850582823965,0.059523629773613064,0.060469630222814735,0.048390507405574816,0.04839174542918976
3,341,0.021161175878878828,0.027435145697901564,0.028390497133158978,0.02116034619019805,0.02115987229666105
5,341,0.06057013201074138,0.07932647001451146,0.07971984992587963,0.060569811527800665,0.06057135937124851
7,341,0.06337116148411823,0.10914736230348325,0.12813106501792118,0.06764468077646446,0.0556342614633481
1,342,0.0458083096385704,0.05926293943775705,0.06016634120626475,0.04581373929796411,0.04580709273406089
3,342,0.021544186594157553,0.027831109745731285,0.028407166591418783,0.021543849956141843,0.021541855904754516
5,342,0.04729667988115053,0.06849095155576274,0.06974633032904244,0.047299101102337836,0.04729625483735257
7,342,0.05239424783736165,0.10554396717151872,0.13052003929325617,0.05083494521586604,0.04810320474448706
1,343,0.03629119899799712,0.050899292070949266,0.052312935549034656,0.03629280853183263,0.036291994369186946
3,343,0.0176582504099582,0.02322918824546689,0.023960468232281384,0.01765670659814994,0.017655922193099565
5,343,0.02640955866791846,0.04415969630775703,0.04611391520448706,0.026410097683139438,0.026405963315626765
7,343,0.049771524375963,0.1000116500329044,0.12875984708554847,0.039486206274097414,0.0530562821177321
1,344,0.02079068789747836,0.03253653612230834,0.03529298241457979,0.020787654293084202,0.020794814178500765
3,344,0.010134139508723652,0.01453187816112878,0.01521638930850517,0.01013254365451838,0.010133245018113007
5,344,0.0025755390209464884,0.0039863359325887585,0.0045326393718826625,0.0025771396946931563,0.002576326393615304
7,344,0.05762664145427568,0.09966286501833461,0.1279949608993154,0.04506454430024026,0.0654404099639271
1,345,0.0012998216109247397,0.0021608651300703448,0.0023625430225856663,0.0012981145855401376,0.0013036755787391551
3,345,0.0004382403609299725,0.0006644909575382917,0.0007505019619313692,0.00043869516046144926,0.0004377535658675282
5,345,0.026480505706558768,0.04398313613604202,0.04745262686419019,0.02648933361270412,0.026485714225153157
7,345,0.06946203654787782,0.10892434545827939,0.12431920783304994,0.06109357276974152,0.07723328000042957
1,346,0.018522720387836172,0.029312496106154867,0.03131476179918181,0.018519851727788698,0.018524547057956822
3,346,0.009424365894466238,0.01373063321677199,0.014451088893790674,0.009422632109899612,0.009425462302772187
5,346,0.047361800935099826,0.06860077422945271,0.07154181813110522,0.04736131639657916,0.04736240117013496
7,346,0.07918476424846345,0.11373274815358295,0.12841376251313788,0.07623595698090489,0.08426606273764761
1,347,0.03465475392306339,0.04902877961004907,0.05048699477433921,0.03464778439761391,0.034662105650602335
3,347,0.017186471431902748,0.0227832941675324,0.023575660926642875,0.017185478391804558,0.017188046672289504
5,347,0.06062227585976747,0.07955230249940437,0.08183716715696593,0.060617698541644324,0.060622060494077146
7,347,0.08352976577136506,0.11460150585376881,0.13343957833675016,0.08519999472395098,0.08473523538401925
1,348,0.0449880033814506,0.05870694218043326,0.059662020868301184,0.04498417246548536,0.04499546694878465
3,348,0.02139380960288258,0.027671951363865657,0.028468116912162084,0.021394527718352464,0.021395373643754136
5,348,0.06512485461242229,0.0786708931461012,0.07955199608282257,0.06512081726467073,0.06512847490754797
7,348,0.08137727031258433,0.11284410122736853,0.1313481975311463,0.08602851313054932,0.07856434950995637
1,349,0.048461972607272086,0.05978566289988542,0.060161227894914446,0.0484651123834555,0.04846281236619231
3,349,0.02135410464011339,0.027615127213238392,0.028465573568213595,0.021355075946250683,0.02135441301173714
5,349,0.0605870171901318,0.07899789396351872,0.07976917046444011,0.060587684588837565,0.060593509443054756
7,349,0.0731501526604542,0.11066261312638755,0.13197979884855968,0.078566731416845,0.06717377925169457
1,350,0.04475147436660191,0.058486546185994845,0.05950333981553705,0.04475698034904605,0.04474783337905841
3,350,0.01707375581002257,0.022653910395279333,0.023471437253026143,0.01707336192966268,0.017073628370812353
5,350,0.04728703123518656,0.06761178351553535,0.06837761546268718,0.04729179394158688,0.04729264910350098
7,350,0.06125044450638527,0.10846661094302837,0.13110977776829047,0.06434649767327484,0.05446337260134632
1,351,0.034202184668483585,0.04855217367615433,0.05003671365409361,0.034203624368488034,0.034200827003985766
3,351,0.009258024640677041,0.013555028487220223,0.014258985258299323,0.00925733770401697,0.009258449432908569
5,351,0.026336804967158293,0.04308596108016563,0.04354232806998092,0.026340883265993282,0.026339813308233845
7,351,0.05133084773239359,0.10510387011316984,0.13292847290583415,0.047836781531335054,0.04845832324474994
1,352,0.01790523361430075,0.02842954490802437,0.03017430536366845,0.017903017354269433,0.017907346705649037
3,352,0.0006437233008098285,0.000979494864445902,0.0010912924299684363,0.0006430583359103126,0.0006442505087490708
5,352,0.0010191255319427835,0.0016265888538522816,0.001955953780360195,0.001020062011254348,0.001020059239572722
7,352,0.0507501167198857,0.09985294545732219,0.13186267798246515,0.03945285431987404,0.0546708396676771
1,353,0.001996128607069192,0.003315629874302736,0.003589858765541764,0.0019965724243849177,0.0019936686311257945
3,353,0.01030045532171829,0.014749591515958742,0.015387275172546304,0.010299447947306088,0.010302758586911136
5,353,0.026390476135499823,0.04322868599333252,0.04550586691341963,0.026395244156311583,0.026389340137287054
7,353,0.05978408929495023,0.10093069005946519,0.12796216666200563,0.04814857980642137,0.06709941799430055
1,354,0.021388634774195506,0.033297652709469876,0.03618655132888793,0.02138341237183352,0.02139117178567204
3,354,0.017766955813942515,0.023299072756643707,0.024038628744369114,0.017767407537468676,0.017770748428990867
5,354,0.047336650683389624,0.06803602559399413,0.07048395273351285,0.047333130804814216,0.047331772126606046
7,354,0.07146738947048428,0.10996286445199537,0.1255367197205008,0.06451826171059831,0.07826565787007665
1,355,0.036711378538510114,0.051380596231767994,0.052804626251657355,0.03670308943867386,0.03671895557146555
3,355,0.021578346830865014,0.027844179996753024,0.028375461988265998,0.02158067726927649,0.021582534174709518
5,355,0.060626276569993066,0.0793678047074658,0.08144189661003061,0.06061944053637859,0.06062169646193961
7,355,0.08030002355339293,0.11368001560678827,0.12839942048711786,0.0785729690109416,0.08445108629564725
1,356,0.046007192442232205,0.05939771459313622,0.06031943425058175,0.04600366997836278,0.046013080486293614
3,356,0.021115855811708998,0.027368065726207605,0.028357035515290358,0.021118201111295493,0.021118794096102206
5,356,0.06514928360577288,0.07917921794916973,0.07974688811777536,0.06514378904185168,0.0651500257693115
7,356,0.08347598385266176,0.1146889961717574,0.1332098868236602,0.08592890967518248,0.08408300321759792
1,357,0.048349465276696015,0.05960120738505814,0.06048844886440889,0.04835334987695247,0.04834831730674106
3,357,0.01645217969839942,0.021997529166678676,0.022810573508035007,0.016452984736402627,0.01645450403008631
5,357,0.06062479148430059,0.07937644781304648,0.08146226416540045,0.06062416458398504,0.06063055620080891
7,357,0.08019270802921144,0.11253341316941128,0.13361699285102105,0.08503857792542287,0.07726158683643011
1,358,0.04351869223434989,0.05743550854523538,0.05854492527049725,0.04352436116492694,0.04351458487145727
3,358,0.008374324861032892,0.012448109545696258,0.013145387140663578,0.008374632592067702,0.008376571659703819
5,358,0.04733401592710194,0.06802121674041711,0.07051676055064302,0.04733789146862361,0.047340493552081524
7,358,0.07116370209397588,0.11063332255989662,0.13352617116841864,0.07606939650516027,0.0656268484737212
1,359,0.03196757105575531,0.04642143728465745,0.047621124736960965,0.03196952151275372,0.031966824149887905
3,359,0.0017162832013604024,0.0026184264608229853,0.002854480887010721,0.0017151121428887525,0.0017161772322054818
5,359,0.026390266083731444,0.04323183550517313,0.04555405970213291,0.02639381495716627,0.026395284717634505
7,359,0.05924563123788036,0.10788239231934943,0.13307801435624841,0.061003465504309885,0.053518073521352544
1,360,0.014940524708500543,0.02404234390430168,0.0244685013103272,0.014940133556923219,0.01494392005223605
3,360,0.01116656671374331,0.01564719763708715,0.016220147017084206,0.011165895248131608,0.011169038264040572
5,360,0.0010493168138925773,0.0016806256000345353,0.00201169526035486,0.0010481974084575693,0.0010487761110349963
7,360,0.05064241490593876,0.1044853241264874,0.1338783211173388,0.045225745593240885,0.04913805956753614
1,361,0.0052468337667253015,0.008609772723009657,0.00908161886685661,0.005245595603341376,0.005242219386372268
3,361,0.018312308311200055,0.023796369100970338,0.02436804880750325,0.01831377548607508,0.018317074054085152
5,361,0.02633882578871892,0.043111921708763275,0.04358437781823685,0.026343792442464768,0.02633510532915343
7,361,0.05205409307225825,0.09961035689077855,0.13321080857253748,0.040216415080485034,0.0563888163533182
1,362,0.024146662854623163,0.03717193741067981,0.03999482364008811,0.024139536341431355,0.024146970538870986
3,362,0.02171614333074436,0.027819086376670132,0.028140314373705944,0.021719667168472435,0.02172167885864298
5,362,0.0472901667806742,0.06761580425502695,0.06837608673392338,0.047287703496205924,0.04728187554585322
7,362,0.061971865518526785,0.10285968807290878,0.12761911304164975,0.05143758661403644,0.06868351662033602
1,363,0.03860975462388186,0.053300439601549225,0.054553093956912,0.038601047362607305,0.038615308680069065
3,363,0.020829145482836302,0.02713876400626358,0.028088211019487518,0.020832455555536988,0.02083367868422331
5,363,0.06058852353970374,0.07898689078532663,0.07974858439146362,0.060582627306070856,0.06057922740508368
7,363,0.07332292921219868,0.11087268478181919,0.12552112578447888,0.06776230593855621,0.07914742997097321
1,364,0.046847801257190694,0.0596150068973145,0.06084910805072783,0.04684539442197351,0.046851287902383194
3,364,0.01579112690863504,0.021181772734837886,0.022023345332246643,0.015792783526999546,0.01579527827616001
5,364,0.06512430190341024,0.07864717384034615,0.0795368968835052,0.06511924918072147,0.06511904985641417
7,364,0.08119146434867193,0.11366483235671765,0.12953051954576142,0.08059499287764675,0.08446115708048522
1,365,0.04805589746253943,0.05997184263484329,0.060516988204964546,0.048060943176813226,0.04805378033709259
3,365,0.007480103041918268,0.01126650663795125,0.01196233822642021,0.0074813437858534,0.007484028795923732
5,365,0.06061975949634312,0.07954938702606543,0.0818275981359448,0.06061872167244196,0.06061893115917412
7,365,0.08319872083412941,0.1146434393544876,0.13238010478004064,0.08630958222331322,0.08328550883564881
1,366,0.04211999543382864,0.056370728345982384,0.057284103980310364,0.04212604847011903,0.04211763475027541
3,366,0.002767138190191765,0.004229527809549923,0.0045844601073707185,0.002765299505506422,0.002765862205310139
5,366,0.04735835151951333,0.06860082727992396,0.07153908611369858,0.04736052101936603,0.04735803479689511
7,366,0.07883591100157226,0.11213118366090405,0.1333845825307413,0.08373388053629345,0.07588180223500399
1,367,0.029602162063897,0.04401517038561765,0.04527788433333409,0.02960462315473484,0.029604488692810967
3,367,0.012017930078589973,0.016521763564122962,0.01695510628478927,0.012016964940995604,0.012019451267664735
5,367,0.026479316035880596,0.04403283800523743,0.047460707772643586,0.02647997534463929,0.026477385888138114
7,367,0.0691273640640144,0.11002300180603622,0.13238906889526644,0.07335923337411741,0.0641441031659519
1,368,0.011913337456378216,0.019014793703886763,0.019423770244991367,0.011914200514922047,0.011919903728325406
3,368,0.01882397338356619,0.02435479484495446,0.024568902815299595,0.018825597811263802,0.01882817490841031
5,368,0.002591254105612309,0.004010556510263944,0.004549049660340791,0.0025905448679134626,0.0025902519801800617
7,368,0.0574236209489652,0.1076583855287848,0.13364227391137637,0.05768238851444294,0.05286201990865719
1,369,0.00841893130050648,0.013592861288968087,0.01410883907811021,0.008416826774734423,0.008412018707694334
3,369,0.02180994394938647,0.027613385527252284,0.027869144639677216,0.021813723578382283,0.021815134238034193
5,369,0.026413033724556802,0.04418336284498585,0.0461464065734406,0.02642149599235271,0.026415486380570334
7,369,0.0503541116608999,0.10456811257154057,0.13193808655575287,0.04313279920455145,0.050116332220714314
1,370,0.026778777228449163,0.04061994567309537,0.04278480504015681,0.026771335100900146,0.026777451887216246
3,370,0.02049577159779353,0.026692594978033616,0.02762646779539324,0.020499152080439082,0.020500382963145682
5,370,0.04730074898145921,0.06850539899677116,0.06977444777127476,0.04730072249781584,0.04729759693113481
7,370,0.05362338711131389,0.09985211704706715,0.13395107556413902,0.041706507819351146,0.05816563928933659
1,371,0.04034606027548702,0.05495782632937121,0.05569383933518595,0.040338587921104965,0.04035026362626338
3,371,0.01508960318268033,0.02029940803405395,0.02104185679886013,0.015091424204232541,0.015094440816643767
5,371,0.06057266570681293,0.0793444327768212,0.07974141937681599,0.06056824989716396,0.06056705725225803
7,371,0.06413291266020847,0.10508793354922259,0.1273825337693825,0.05482263304008649,0.07015634490540956
1,372,0.047512188003781985,0.05990355551524272,0.06077907685370749,0.04751216366059577,0.047514385194469266
3,372,0.006569787138096799,0.009991413156169427,0.010609710600402616,0.006571728255981049,0.006574724062163746
5,372,0.06509201665933831,0.0778638351771223,0.07808292429024441,0.0650874247884663,0.06508866589722061
7,372,0.07499389663634964,0.11171202742814688,0.12593788482208457,0.07077811483638428,0.07985299819021112
1,373,0.04758706177775079,0.059944992569526664,0.060717847539350084,0.04759405529473754,0.04758515584583621
3,373,0.0037882331828133554,0.005814933537395693,0.006245488735321003,0.003785628157023697,0.0037855945041428006
5,373,0.06058040778905542,0.07954494473705495,0.08051190960392249,0.06057951405814779,0.06057916493715012
7,373,0.0818417054175398,0.11400767387832984,0.13010750319020725,0.08227861531971686,0.08428321600542721
1,374,0.040562616209454706,0.05513182750294974,0.05586577241821841,0.04056921406630974,0.040562582931844414
3,374,0.012848485043197782,0.01751942868587523,0.01762032939182729,0.012846627304929876,0.012848277802555243
5,374,0.04731901380242823,0.0687431478507042,0.07052576758976196,0.04732072711202118,0.04731646328520726
7,374,0.08269592664993329,0.11452297412219231,0.12945962050151547,0.08633022391657774,0.08234841898357914
1,375,0.027112696775073667,0.041035699112418306,0.04311028549664752,0.027115056495889876,0.027117893983317223
3,375,0.01930250302958824,0.024915633571199094,0.02540199846637606,0.01930333924294562,0.019304894993934178
5,375,0.026454020899618763,0.04435573304310921,0.046941159461300445,0.026453722509873927,0.0264485076955524
7,375,0.07732511328254721,0.11167951507692932,0.131348447372051,0.0821164730229918,0.07446026155451077
1,376,0.008824688706881125,0.014238722630638991,0.014747333818435139,0.008825848963402681,0.008833112940642228
3,376,0.02186293713845169,0.027267093942234633,0.027617709307828177,0.021865867084174838,0.021866329911418465
5,376,0.002898005673134043,0.004432703569494114,0.0048983703093707694,0.0028992894175577507,0.0028982795371737544
7,376,0.06708823887749815,0.1099411882854041,0.1301259087026217,0.07046658272455854,0.06279414912296687
1,377,0.011515793679264133,0.018399695814355483,0.018795513937094183,0.011513113715017375,0.011509715194939114
3,377,0.020119094589448466,0.026169188378537683,0.027022401482921954,0.0201215003477951,0.020122396968952686
5,377,0.026487331789460642,0.04423162306538231,0.04747198194068484,0.026497146620644455,0.026494028583092556
7,377,0.05585415611791436,0.1071825470984873,0.13200615107244132,0.05446188884450732,0.0525661572576885
1,378,0.029283925519116356,0.04367166115601225,0.044982072421814435,0.029276523485269573,0.029284401885040806
3,378,0.014348563782848937,0.01930114818699585,0.01995551774040927,0.014349765020074751,0.014352908165440555
5,378,0.04735043472273567,0.06872249862788134,0.07126785124858158,0.047350809088083146,0.047351841456865024
7,378,0.050477222150487645,0.10469664919528507,0.12909460809841644,0.04168421480029305,0.051364046580066
1,379,0.041923614291732005,0.0562329958849455,0.05708255882623098,0.0419173233899697,0.04192941329983476
3,379,0.005636888333580726,0.00861367832724857,0.009201623120978747,0.005639117011458385,0.0056419493418599755
5,379,0.060605378020588165,0.07957407237559638,0.08139515191300185,0.06060128819697853,0.06060500038937746
7,379,0.05539386960790043,0.10063557548232248,0.13223310787271048,0.04380732065430942,0.05995587985927313
1,380,0.04800369389319345,0.05999571384393681,0.06054009729588494,0.04800513729067812,0.04800706680736743
3,380,0.004776682968733982,0.007317160874939941,0.007835684576544153,0.004773349945746451,0.004772932563478611
5,380,0.06510687053205702,0.07825011969121373,0.07898044462041161,0.06510289175926137,0.06510927010109822
7,380,0.06621936408588837,0.1064250217906266,0.124926768359751,0.05822031275769548,0.07148291292695477
1,381,0.04694547291657877,0.05961090209640301,0.06087591657308738,0.0469527364202909,0.046945164950345265
3,381,0.013652234309044182,0.018417758594329897,0.018843254609149453,0.013649217439791904,0.01365011640838916
5,381,0.0605731770767442,0.07875626449247897,0.07928285428114853,0.060573611789529504,0.06057748464246563
7,381,0.07645304329313567,0.1117543651081367,0.12633136821928054,0.07354120653872599,0.08035451228242797
1,382,0.03884699882386809,0.053545621089318735,0.054700006506540125,0.03885221818228428,0.03884908366715856
3,382,0.019747256837139186,0.025592999759484453,0.026302267444241648,0.019746736315499305,0.01974725048322408
5,382,0.04728255932114143,0.06800573278616141,0.0686605077208942,0.04728653958590611,0.04728522731351688
7,382,0.08224201210217975,0.11438607588282201,0.13176956712645363,0.08362393529666926,0.0839069750141678
1,383,0.02449699586503785,0.037638599619931455,0.04044489503401359,0.024497424156245645,0.024503522927452268
3,383,0.02187772434388825,0.027189697015679658,0.02729853997072015,0.021879070389881586,0.02187851115982908
5,383,0.026357594640744778,0.04363773452567969,0.044765285881847576,0.026360321566885305,0.026357089979029278
7,383,0.08197553296385617,0.11461665107967543,0.12914260170122674,0.08600958739545864,0.08127695517817785
1,384,0.00566301194640891,0.00925905679529514,0.009796054608088153,0.005663161412857094,0.005670762976492177
3,384,0.01970309783197991,0.02551322906293823,0.026207548089764134,0.019703837357144295,0.01970422180716001
5,384,0.0018366378248747294,0.0028738564265489404,0.0034463483802370885,0.0018386286832827896,0.0018377251015763343
7,384,0.07569097302479447,0.1112568485366811,0.12991609686441932,0.0802215183924313,0.07302817512163128
1,385,0.014550081022509685,0.023473051122039203,0.02374215761587152,0.01454755504445807,0.014547311916512116
3,385,0.01357092998781786,0.018318784296246553,0.018705426800221643,0.013570973497205537,0.013573898989285323
5,385,0.02643773032058773,0.04354776921699592,0.046725496085184094,0.026444292157164016,0.026440143990341048
7,385,0.06510813680811695,0.10950911956564931,0.1273277768085443,0.06745338540956307,0.0616374552768612
1,386,0.03166528302548883,0.04619435425043805,0.047263159337391177,0.0316582423123652,0.03166950775410374
3,386,0.0046755868761117125,0.007177041047807901,0.007666212789886169,0.004677674778798909,0.004679934909473359
5,386,0.0473558228764731,0.06825563040781532,0.07126606473587759,0.0473533271139306,0.04735415722809582
7,386,0.05461002110270659,0.106681880037173,0.130349249845304,0.05144482001160992,0.05267208442893553
1,387,0.04334358396554333,0.05733840049506311,0.0584040899691441,0.04333842131392061,0.04335168502552584
3,387,0.005733879407087467,0.008763529023503077,0.009362793097684225,0.005730080734064909,0.005729634308177105
5,387,0.060631683578173896,0.07943459072899672,0.08187829196579557,0.06062554752696719,0.06063001309643451
7,387,0.051015253930999496,0.10428929748670056,0.12747733508627393,0.040975371173003476,0.05285391640300512
1,388,0.0483211102217869,0.059640838711900276,0.060512842914233096,0.048323340720141154,0.04832515778276424
3,388,0.014424074723181432,0.01941231846399847,0.02008313192151907,0.014420114792879432,0.014420468160527099
5,388,0.0651437962963258,0.07905725645681144,0.07985838100227813,0.06513881402189985,0.06514704983857501
7,388,0.05731206424501401,0.10162786546915432,0.13029001219961192,0.046372263960270756,0.06173186149780879
1,389,0.04612865312784544,0.059463378887851484,0.060400090259235935,0.04613505909063198,0.04612838040365053
3,389,0.020156402230352373,0.026191488645854948,0.027097546497958685,0.020154590491978302,0.020154148476107813
5,389,0.0606100444051976,0.07928882754335456,0.08072048410722919,0.06061019336544807,0.06061749740565699
7,389,0.06819987312668138,0.10766205901855097,0.12477494777636775,0.061558280364301735,0.07265105675266907
1,390,0.03697007523322917,0.0516512364516691,0.053112385508153545,0.03697297667500553,0.03697190278342119
3,390,0.021855626965121326,0.027311258104754762,0.027650975676786368,0.021855339451840494,0.021853769652820675
5,390,0.04730994446249934,0.0679281097704165,0.06938107932639986,0.04731481836256247,0.04731742892810309
7,390,0.07768507214621721,0.11211331479026586,0.12771662486287413,0.076034540388909,0.08064219188346447
1,391,0.021755151258146303,0.033770982899874034,0.03675842047173718,0.021753132189025623,0.021760461102267842
3,391,0.019251536112903495,0.02485839751232768,0.025294202985800974,0.019250546154249686,0.019250292238702345
5,391,0.026351260683104855,0.04294834614030834,0.043946800869485145,0.026355983188812705,0.026356769125951227
7,391,0.08239069991424768,0.1142526436985665,0.1334459297842658,0.08463678698708384,0.08332978675866243
1,392,0.002422626528452267,0.003990311635355158,0.004337153805685294,0.0024214983479600768,0.002427637276145278
3,392,0.012761396369546997,0.017399579452402884,0.017547143990410834,0.012760188457075175,0.012762582122857087
5,392,0.00012323821472095273,0.0001987207127225697,0.00023783155478401943,0.00012315481193549057,0.00012330316314912074
7,392,0.0810446242488563,0.11446498639795079,0.13144661263173907,0.0853671622210726,0.08006610430512964
1,393,0.017522642236708807,0.02788978081747856,0.029423388159748386,0.01751997772033504,0.017523599101743503
3,393,0.003682072905346814,0.0056381414336916956,0.006067068344104907,0.00368372727400947,0.0036851119172664603
5,393,0.02634621695973664,0.04288215287444684,0.0434936094285872,0.02635008863157901,0.026342401634250757
7,393,0.07395627093809294,0.11120258141863651,0.13013933766514302,0.07807673462626649,0.07159051136157726
1,394,0.0339170200151362,0.04825648512630353,0.049719165095138455,0.033910193419852706,0.033924115589179224
3,394,0.006664187661025544,0.010118653992484825,0.010758850078551766,0.0066603464421894475,0.006660292349188595
5,394,0.04730738290521397,0.0678963811426755,0.06905965368433244,0.04730358417011206,0.04729954587147088
7,394,0.06323380730425088,0.10907105896849421,0.12782494307782433,0.0643617824406561,0.060693402565690294
1,395,0.0445987403686982,0.058334270487268525,0.05939164353473344,0.04459487238151696,0.044607002853512656
3,395,0.015160212719421137,0.0203628326134948,0.02115395308305105,0.015155934340156496,0.015156069447736556
5,395,0.06060705317087343,0.07924183252185044,0.08050107906298737,0.06059999613441517,0.06059905735519862
7,395,0.05373030691583501,0.10682229475232566,0.1297538204523522,0.04870649739682153,0.053151828271403724
1,396,0.048458010426315104,0.05977223379616883,0.06024463941645746,0.04846136111512414,0.04846015867261846
3,396,0.0205271692185763,0.026761011261079163,0.027685173159953065,0.020524718566302762,0.020523561498245364
5,396,0.06514057277401014,0.07898904664613018,0.07983715184719416,0.06513476639392858,0.06513758709720822
7,396,0.051940540646971026,0.10399544716659272,0.12708170282329326,0.04101494047692815,0.054535650099987364
1,397,0.04513323407850707,0.05882147442284702,0.05977842032016249,0.04513938926322103,0.04513068733307933
3,397,0.02179638061920999,0.027645251647450412,0.027885818744662675,0.02179507987636851,0.021792665317824925
5,397,0.06062908749936606,0.07943141947539555,0.08192341300510791,0.06062780592346236,0.06063131893321511
7,397,0.05932456307670842,0.10310099738130171,0.12953951218096693,0.049246602830913776,0.06346507520416313
1,398,0.03493383565193546,0.049374052144034376,0.050789008861240534,0.03493580556207011,0.034933356689298
3,398,0.018767263059136705,0.024265072047088426,0.024552486450688013,0.018765111697804992,0.018764227362495056
5,398,0.04735552103743737,0.06832286185095329,0.07138893469371836,0.04735820389077138,0.04735864849042006
7,398,0.07004978799644186,0.10871238294204254,0.12628133584491566,0.06476976480384278,0.07365397030974759
1,399,0.018902094300157737,0.02985925309137209,0.032031047984102355,0.018899782720866502,0.01890485948081459
3,399,0.011926081838275879,0.016431714671079976,0.016880628758007662,0.011924006286896133,0.011925669630892154
5,399,0.026447213575123515,0.04364027651697563,0.04695199162310654,0.026448998709186346,0.02644896256688334
7,399,0.07867986372212347,0.11219020491112926,0.12845836110248882,0.07823449310624124,0.08071344588122809
1,400,0.0008711109442851185,0.0014484960749200004,0.0016000315884639685,0.0008718760664399683,0.0008685707477758158
3,400,0.0026558104754559613,0.004070684085105241,0.004399413928063089,0.002656921678634078,0.0026573524849258737
5,400,0.0020210669433434686,0.0031461621883111975,0.00375267497731734,0.0020199658979686065,0.00201984373308079
7,400,0.082285264444088,0.11415759646046707,0.13295257153381337,0.08530691274695777,0.08255671703400412
1,401,0.020419458924441768,0.03203060999335672,0.03466898071878901,0.020414833507906835,0.020422516381022892
3,401,0.007573599233816751,0.011389245342936526,0.012100159518515516,0.007570154798767337,0.007570925220927173
5,401,0.02636868972678231,0.0437635776549943,0.045069487388674834,0.026375775659226722,0.026367836815775977
7,401,0.07990553153428022,0.11412294903071753,0.13339306116229546,0.08439953282068138,0.07872559491310875
1,402,0.036025637676435636,0.050634348459914574,0.051979373395459966,0.03601764577089386,0.036034060409509364
3,402,0.015858286751838632,0.021277783770594746,0.022117988089598632,0.015854481055352216,0.01585493386684654
5,402,0.04728731059969409,0.06811709037759507,0.06888518183686411,0.047286397899396676,0.047281153910463704
7,402,0.07213619013000241,0.1110383493820507,0.13282918212716632,0.07568874084108251,0.0701680473134916
1,403,0.045679085153278697,0.05918676362686763,0.06005114283180455,0.045675579581675244,0.04568628046108003
3,403,0.020856214504044752,0.027123210316967496,0.028125469469353234,0.020854063796845314,0.020852793849793334
5,403,0.06057332366244605,0.07888090328573616,0.0792655942693474,0.060568306462479043,0.06056515665906711
7,403,0.061502456913786654,0.10871264973825913,0.1299794395916517,0.06122119319054742,0.059993224398228934
1,404,0.04840903897316672,0.059467598514203045,0.06044944420961389,0.04841312509321414,0.048408932783391596
3,404,0.02169807043983015,0.027836248976055092,0.02817298121067197,0.021696736206882842,0.021694034088276287
5,404,0.06510276339593297,0.07814153982647272,0.07880016566637862,0.06509782348347753,0.06509753032650979
7,404,0.05323339398654949,0.10684701724355426,0.12857901771468908,0.04633063481459191,0.053970289652626444
1,405,0.04395990595178841,0.05777912927445516,0.05888982855773243,0.0439661218478363,0.04395603487568505
3,405,0.018251612872212754,0.023721849962517576,0.024339770976217767,0.018249248140015648,0.01824805769926978
5,405,0.060598160977086216,0.07959090293426996,0.08123612652928341,0.06059687209469735,0.06059608230516615
7,405,0.053209349491498956,0.103388460523583,0.12702949706291264,0.04177503868310225,0.05636333497530198
1,406,0.03274752636668041,0.04712595465069551,0.04846727903813294,0.032749863581155614,0.032746576900979665
3,406,0.011071788722656994,0.015557936789084622,0.016136170645379307,0.011069553530622073,0.011070543239769203
5,406,0.047342123941826235,0.06875975298444231,0.07114333452742429,0.047343455140109736,0.04733954419417146
7,406,0.06138437025806885,0.10475451241431859,0.1294198325595337,0.0523190949817552,0.06512797035466807
1,407,0.015962244500003064,0.025581486317892227,0.026442020790431536,0.01596182298832333,0.015965147451048888
3,407,0.0016007154429256373,0.002435313058908007,0.0026638275614923874,0.0016013740115430415,0.0016009893146737126
5,407,0.026482266560757566,0.044304895827155064,0.04741022020048038,0.026481543728268064,0.026477255037302132
7,407,0.0717489513370591,0.10961665769674903,0.12634734501142222,0.06781950886911658,0.07447925005065867
1,408,0.004143147575869778,0.006866594726657609,0.007302574692352077,0.004141824115250723,0.004139389043958146
3,408,0.008468299476983137,0.012575056492861798,0.013270478559289067,0.008465572725251573,0.008467448891415378
5,408,0.0029364631841681532,0.004514009611064165,0.0049254419906424665,0.002936887816534641,0.0029353396353367167
7,408,0.07943102323118086,0.1123687444135621,0.12692712716034224,0.08013610682728733,0.08056140289166688
1,409,0.02321722776231682,0.03583301670620534,0.03882928729709507,0.02321002658039842,0.023218566870253893
3,409,0.01651736675424923,0.022057946372884586,0.022888946521774534,0.016514697529313206,0.01651608873771377
5,409,0.0264655292396149,0.044375116162394826,0.04709815499660747,0.026475793333361853,0.026471203223440636
7,409,0.08192665574416497,0.11413137944437288,0.1334028748705484,0.085640048801092,0.08158717435943948
1,410,0.03797906241176005,0.05268127881170328,0.05407807151910078,0.03796992365386299,0.037985728297310326
3,410,0.021140221709950963,0.027426008099566725,0.02837693159774374,0.021139202052939773,0.021138686109580612
5,410,0.04732869835510578,0.06878115050705083,0.07070314753188668,0.04732956281834966,0.04732880053835315
7,410,0.0785693332311144,0.11363305272752636,0.13301650586470865,0.08312325905406834,0.07726741674714101
1,411,0.04658071558614917,0.059587114925137005,0.060721891172005826,0.046577764402162304,0.046585313914505086
3,411,0.021557519125010405,0.02783871078731745,0.028394334207800083,0.021557040773274905,0.021554948114095678
5,411,0.060586833953643754,0.07957138291781171,0.08071258624614876,0.06058292799100316,0.060584639939594946
7,411,0.07026063951563787,0.11076118044743452,0.13353535428894164,0.07309409695502328,0.06879032666758392
1,412,0.04817668533164176,0.05981873634621806,0.06052601156960204,0.04818161785226681,0.04817494986350402
3,412,0.01770405563629856,0.023268123207670983,0.023994261984561636,0.017702374961752344,0.017701537035743755
5,412,0.06509379073059796,0.07791788536185283,0.07825080965149968,0.06508957213555104,0.06509391483869903
7,412,0.059964031437288436,0.10819923534269277,0.1329484169200431,0.058104144989492866,0.05957182891244127
1,413,0.04261682300739825,0.0567764846070732,0.05776462587877493,0.042623298969522,0.042613877771434695
3,413,0.010204773563101621,0.014615642637894683,0.015289909376615562,0.010203075820857539,0.010203801092505276
5,413,0.06056932164152858,0.07925487570184658,0.07958479832121014,0.06056907814152726,0.06057115606497241
7,413,0.05313494100777946,0.10614782432702377,0.12894988469317473,0.04443705231898404,0.05509152317241947
1,414,0.03042548052098976,0.0449060027700396,0.046019368916033414,0.030428437130386933,0.030426886518208605
3,414,0.0005257728675467001,0.0008009375389257864,0.0008968842307878997,0.000526250914233995,0.0005252865418249791
5,414,0.04729263241425475,0.06841268032849263,0.06955135975765267,0.04729529576186797,0.047292684720670435
7,414,0.05477146785655689,0.10355304261388075,0.12690991759461864,0.04319009704925176,0.05829879087374515
1,415,0.01295539138167029,0.020740830703227936,0.021061394849298667,0.012956556018169073,0.012961191402852937
3,415,0.009353085971090467,0.013649704181798639,0.014370412097798957,0.009351221421013092,0.009354127069542192
5,415,0.026398903075002835,0.04409385630624956,0.04588645509183146,0.026399687565951013,0.02639563778398033
7,415,0.06345322410654534,0.10646623911911175,0.12921215069320974,0.0554935401364814,0.06670705370087947
1,416,0.007343209540714536,0.011927134034997995,0.01249659867877572,0.0073408455196934674,0.007336491657804432
3,416,0.017137887002262937,0.02273742038286673,0.023532252200473756,0.017136721496838418,0.017139346408415943
5,416,0.002465799973161426,0.003801325455450116,0.004402551479813333,0.002467506294436358,0.0024666198443987694
7,416,0.07328352110013316,0.11025503172505498,0.1256685870929006,0.07066991494155339,0.07512797956605202
1,417,0.025893253119080833,0.03941313157791297,0.04191028649914425,0.025885300899652935,0.02589199600996852
3,417,0.02137678313412299,0.02764898535118698,0.028467657979601418,0.021377374107193564,0.021378204798689248
5,417,0.02647508717678189,0.0439300409551396,0.04738221924449292,0.02648395196253931,0.026480089541846084
7,417,0.07993906880384967,0.11225862813707156,0.1252858592904801,0.08172910741716873,0.08019564243892566
1,418,0.03977061419193441,0.0544108367277547,0.05526668839954485,0.03976231674545733,0.03977497108529126
3,418,0.02137129414801899,0.027640605498598165,0.028467247870083496,0.021372178681531215,0.021371432948195886
5,418,0.04736245261340027,0.06854267686521345,0.0715473867235435,0.04736173406725523,0.04736285172935342
7,418,0.08132177001130697,0.11409018378755095,0.13252038241217606,0.08564472994952894,0.08043031040505944
1,419,0.04730490073213482,0.05980628538018961,0.060900808005275094,0.04730414575958675,0.04730722235738941
3,419,0.017122466661048517,0.022693780461269058,0.023516725349374323,0.017121979900659327,0.01712219338386861
5,419,0.06062522060150094,0.0795372726587658,0.08189091614523794,0.060620334263451425,0.06062496175064642
7,419,0.07705492166615627,0.11303060608229887,0.13349896573001382,0.08156655926915242,0.07571149436349632
1,420,0.04776726699064828,0.060022093771351474,0.06058631708453261,0.04777415187754708,0.04776502268712082
3,420,0.009329269228360845,0.013644857140380898,0.014341956568725497,0.00932850523665447,0.00932961508821105
5,420,0.06512892294480274,0.07874480971465644,0.07964588678036329,0.06512464305494652,0.06513281586830784
7,420,0.06836729574077793,0.11079320570341308,0.13312492367829057,0.07035026634449236,0.06748600348955201
1,421,0.041113341339879594,0.055604646243376715,0.056324655821774726,0.04112053270968861,0.041112557733586394
3,421,0.0005562941725538703,0.0008462368745190477,0.0009474105160704609,0.0005556293610874928,0.000556864347971291
5,421,0.060591073600217496,0.07908355288490103,0.07991694337793752,0.060591722705078635,0.060598179717830505
7,421,0.05866363658976115,0.10765855244608198,0.1337322347678857,0.055109272348282654,0.05943337977119713
1,422,0.02797844187769435,0.04209672763027436,0.04391886033037779,0.027981670077601755,0.027983063739873686
3,422,0.010229858235870536,0.014669473335464788,0.01531531903031507,0.010228776734342268,0.010232219250570385
5,422,0.04729001417581725,0.06765640277547444,0.06841076685567335,0.04729499127223458,0.047296367899043235
7,422,0.05343154893657151,0.10600517973038842,0.1298022132317209,0.0431542383274091,0.056451118362897665
1,423,0.009888743101184025,0.015867873590521393,0.016363034159376247,0.009890648534831731,0.009897210886789512
3,423,0.017721310718175672,0.023258759558077234,0.024005913868489014,0.017721675222986073,0.01772514696525051
5,423,0.02633604380868542,0.04295253036382663,0.04325421998183767,0.02634042367815908,0.026339820659056247
7,423,0.056565706002649416,0.10374268593317128,0.12783727670033085,0.045161189575209544,0.06028498734154572
1,424,0.010464095603221247,0.01673837797923197,0.0172069097629612,0.01046088927872431,0.01045696631186455
3,424,0.021565210410661978,0.02783519253921707,0.02838960173118492,0.021567506195414924,0.021569432230062264
5,424,0.0008159613967728697,0.001311764708452331,0.0015696930470579507,0.0008165328467287066,0.0008167425211488399
7,424,0.06549973400226972,0.10753286833616513,0.12788621212865064,0.0586934646868261,0.06818997718089134
1,425,0.02844116510761371,0.04262519632771401,0.04429634499840305,0.02843307039669904,0.028440439226919294
3,425,0.02113701216632819,0.027391662854996765,0.028371933324341826,0.021139357749048262,0.02113994497403834
5,425,0.026380365073166066,0.04316413404768678,0.04516680384010437,0.026385055202161008,0.02637851535896531
7,425,0.07465081655867334,0.11117554176346335,0.12452972267979637,0.07329730417536486,0.0756157066929978
1,426,0.041401855870187625,0.05583897436184574,0.05658656916562555,0.04139474787514938,0.04140680089570698
3,426,0.0165040205181035,0.022051994636562714,0.022868798187379594,0.01650481000276185,0.0165063286255409
5,426,0.04733133962362242,0.06800751735890863,0.07024975426422635,0.04732764711499319,0.047325673929289325
7,426,0.08021988071082638,0.11231012412599219,0.12673592719920918,0.08301304729874791,0.07965401291088521
1,427,0.04785522435711392,0.060022743464849426,0.06058150859721378,0.047856273429159886,0.04785799613959396
3,427,0.008446264242900965,0.0125378414721928,0.013238204836956566,0.008446541478356172,0.008448499724676933
5,427,0.06062359369134974,0.07936635029379864,0.08129386476805671,0.060616500202868656,0.06061822950385443
7,427,0.08049178859751693,0.11432036273489991,0.13018141446872047,0.0853326314890037,0.07912561724305472
1,428,0.04718473276885876,0.05971308337803721,0.06091176144645593,0.047192498167849754,0.04718381272506347
3,428,0.0016300845775966185,0.0024852720514092833,0.002713525500420571,0.001628914078508212,0.0016300376818715976
5,428,0.06514893421096785,0.0791704240475446,0.0797961150416153,0.06514318823123696,0.06514906128632518
7,428,0.075390138960284,0.11290085954478057,0.13182151660017066,0.07974977249614583,0.0741021498559805
1,429,0.039452126484138685,0.05409575137506584,0.05508060341950694,0.039458603780471405,0.039453738880598596
3,429,0.011096922801913704,0.015575244628176981,0.01615809545337246,0.01109623576595887,0.01109954282578056
5,429,0.060626913583016126,0.07937933730168328,0.08159166091672292,0.0606261293273054,0.060632371117716966
7,429,0.06649618788264917,0.1106592859927741,0.1303013538545814,0.06749322988166978,0.06629876966337654
1,430,0.025406329657004394,0.03880376619514216,0.04142486023237717,0.02540821521742172,0.025412953777174174
3,430,0.018269447064170514,0.023757235346942775,0.0243472242147815,0.01827092330419885,0.018274409473109723
5,430,0.047339062420329245,0.06807770082169423,0.07072906961728545,0.04734281926958333,0.04734534106261171
7,430,0.05762796544262909,0.10765472119869898,0.13332046041308782,0.05230221466930908,0.059564021300351364
1,431,0.006753531289647828,0.011023873407967578,0.011571535737836359,0.006754816226667558,0.006762203042939745
3,431,0.021706709755504813,0.027827780092956767,0.02816477471605822,0.021710307133745825,0.021712462065798948
5,431,0.02640090763949128,0.043295123945621364,0.04586936856771925,0.026404233669320407,0.02640574697229722
7,431,0.054088564341761215,0.10560900706144533,0.13185187969641288,0.04253503116539513,0.05797213030737979
1,432,0.01351878294707568,0.021692107180698708,0.022000549955172574,0.013515473738583545,0.013514373906525348
3,432,0.02085419804120521,0.027169489109898838,0.028116078836324727,0.020857610941197268,0.0208589073564494
5,432,0.0012459706431281225,0.0019800178141874502,0.002381017242863037,0.00124472541839439,0.0012451370146812247
7,432,0.058515000688653354,0.10469464184617605,0.13073335862659527,0.047545309587603814,0.062245609871671014
1,433,0.030864829204494865,0.04539840985689947,0.04639179853094865,0.030856952124762093,0.030867530885648115
3,433,0.015846240543597748,0.02125200256102378,0.02209388830199108,0.01584796983251653,0.015850535574260857
5,433,0.026341313307137293,0.04323440493863138,0.043866927491104615,0.02634684036907189,0.026337743471106127
7,433,0.0674847079109836,0.10868000447281398,0.12568609450772739,0.061835920377297675,0.069545533468885
1,434,0.042876017972753915,0.05698383768561724,0.0579984515468056,0.04286998412065554,0.04288335593895428
3,434,0.007553089436261335,0.011365184393355198,0.012064819019206922,0.007554351780312268,0.0075571143872167675
5,434,0.04728796699672637,0.06768431717277434,0.06838146010446153,0.047285806421415305,0.047279584458871225
7,434,0.0758429911828427,0.11141517233338599,0.12701210825263387,0.07566577452444856,0.07594677865853972
1,435,0.048232632077625834,0.05975334197914976,0.06053975246058204,0.04823455704499348,0.04823652055864382
3,435,0.0026830548284915395,0.004097639591080292,0.004447648817770415,0.0026811979531419254,0.0026818127336910432
5,435,0.06058481641064628,0.07887964613407639,0.07961517663635816,0.06057900637218801,0.060575214133435785
7,435,0.08028693701120494,0.11206975603102146,0.12774095886850018,0.08397086274611529,0.07897409552880216
1,436,0.046428227017449746,0.05957101227813161,0.06061811570976066,0.046435259375134444,0.04642803742697842
3,436,0.011949683899304675,0.01645063184857356,0.016900112927753095,0.011948739269910386,0.011951384290764559
5,436,0.06512011952613835,0.07855382804855844,0.07942643052232508,0.06511500787969521,0.06511446091338607
7,436,0.07946092136782267,0.11402627866725737,0.12742319117103626,0.08469775491076814,0.0777261510410107
1,437,0.03763050848104981,0.052330951395811724,0.053770806908273135,0.03763461706074943,0.037632715285087846
3,437,0.018783790858660367,0.024293374411183,0.02455683635631788,0.018785501052540395,0.018788273822903143
5,437,0.060616354187536796,0.07956629912292963,0.0817525166340375,0.06061530427304663,0.060615076857970095
7,437,0.07360591523969844,0.11259477254171497,0.13023702147420824,0.07767799821478644,0.07249687420342123
1,438,0.022706827781897247,0.03524118056374011,0.03813190045542021,0.022706050687179537,0.022713015636701167
3,438,0.021803941949085144,0.0276351836909072,0.02788172937993172,0.021807886739423868,0.02180946235293027
5,438,0.04735687829432407,0.06863878284934194,0.07150726404070516,0.04735897733476943,0.04735598385392964
7,438,0.06468737613451225,0.11045112469929322,0.1279435103259739,0.0645474037174285,0.06527765318905525
1,439,0.003539201864052004,0.005886308826384719,0.006303371095100995,0.0035390526147295385,0.003545603410164299
3,439,0.02052448819663033,0.02673284836740162,0.027670099195019438,0.020528056986198626,0.020529402523691082
5,439,0.026483191591480104,0.0440733953045198,0.04750150634433028,0.026483594798827968,0.026480524054944502
7,439,0.05687125563036151,0.10759593955516975,0.13103083838868343,0.049749332138427374,0.05993531651434553
1,440,0.01651339166779488,0.026358427266133563,0.027504099126529055,0.016510218871302464,0.016512877265395628
3,440,0.015147986688299479,0.020373053789271973,0.021125043592012224,0.015149951113760834,0.015153098281589322
5,440,0.002686004899266955,0.004156101124236972,0.004660390433251921,0.0026854273782698757,0.0026848544694589084
7,440,0.05505429879529795,0.10529720476026604,0.13351347373040537,0.042594002323462346,0.05957527492442231
1,441,0.03316221159211739,0.04754405351454131,0.04892024862778705,0.03315464910281645,0.03316828472122559
3,441,0.006644320731635633,0.010093524682417308,0.010720443569884231,0.0066463350644315605,0.006649468492936297
5,441,0.026423664465201755,0.04424603668427804,0.04635869075965351,0.026432771921160888,0.026426820407198497
7,441,0.06054478610309386,0.10599790026866619,0.13306717902377121,0.050225668477701046,0.0641019450548546
1,442,0.04418873376532829,0.05795803570291818,0.05907512094650112,0.04418387872617671,0.044196986918185785
3,442,0.0037067199720829907,0.0056880646781042685,0.006113641453557389,0.003704067741974458,0.003704048644903697
5,442,0.047305288504946544,0.06856728046997733,0.06996207408385287,0.047305480815938585,0.047302673366299945
7,442,0.06936707815925444,0.10964418825892526,0.12406169055247589,0.06487463937948215,0.07072290849038812
1,443,0.04843209360262919,0.05960685487491463,0.06041861230023975,0.04843481882361669,0.048434775656345824
3,443,0.012782133482921149,0.017431027703778943,0.01756618773262417,0.012780288289413775,0.012782060980130499
5,443,0.060574126393895485,0.07940859047606551,0.07991237569034468,0.06056969666859719,0.060568964815940186
7,443,0.07684518347677291,0.11135881203089759,0.12821225244952733,0.07776542425419712,0.07609300652729044
1,444,0.04549409674162476,0.05905135309789942,0.059977012272993194,0.04550032135214923,0.04549204240382299
3,444,0.019264986177891845,0.024865479038111957,0.025322429895458454,0.019265927474009476,0.019267647924935065
5,444,0.065090960264456,0.07779659055964715,0.07799733435601512,0.06508625656609894,0.0650880491869532
7,444,0.08014432049828593,0.11227148165607485,0.12791292973952312,0.08460514513797791,0.07815203346862298
1,445,0.03564800433977871,0.05016517111234748,0.05151769459932478,0.03565026854430323,0.03564808607226871
3,445,0.021860104873644683,0.027298637856294165,0.02764241041734222,0.021863229797145747,0.021863837200100628
5,445,0.06057716712897515,0.07949703946322845,0.08033223689708545,0.06057632918728577,0.0605763089029565
7,445,0.07825177455308482,0.11362766434837197,0.1256478757537252,0.08375372900864159,0.07625906444366766
1,446,0.019889106661678996,0.03120208020126064,0.033792947120100295,0.01988684576461075,0.019892595819443568
3,446,0.020151153234808986,0.02621585433032696,0.027078455063838363,0.020153772157616684,0.020154793583284446
5,446,0.0473134888384286,0.06868780476273317,0.0703625531731526,0.04731535998912784,0.04731114201440551
7,446,0.07174157367080472,0.11212583927524117,0.129639153091088,0.07538021298744373,0.07095196562485245
1,447,0.000259061312136493,0.0004216905815290267,0.0005254715393688919,0.000258472834330247,0.0002622425566445812
3,447,0.014410051973938172,0.0193824157458972,0.020050430147849182,0.014411419331861106,0.014414734015406662
5,447,0.026444772125926136,0.04431738298453546,0.04678381903326085,0.026444570935267073,0.02643927510216703
7,447,0.06299128603415241,0.11008512321238624,0.12670328841198014,0.06156959275295354,0.0644854545303503
1,448,0.01943834782525354,0.03060881669653447,0.03300565456196926,0.019433883284039315,0.019441005024537494
3,448,0.005713479629579436,0.00872597398628426,0.009321568134791972,0.005715818797664127,0.005718829410022256
5,448,0.0028492985824725803,0.004378391447658435,0.004850562873311596,0.0028507015288870576,0.002849778449290543
7,448,0.05640712716452422,0.10720787759632491,0.12977483239397558,0.04755013936732593,0.0605384335258347
1,449,0.03532131379501102,0.04982512105104156,0.05115889657405325,0.035313077767031444,0.035329457317310374
3,449,0.0046978026554131466,0.007195498571708984,0.007710309600826175,0.004694381256944859,0.004693931739130251
5,449,0.026488436800354797,0.0442114022232471,0.04750536122747952,0.026498486777364966,0.026495261406176404
7,449,0.05627029013163623,0.10517136781760718,0.13278658805416876,0.04331049084880138,0.06121748430362593
1,450,0.04532964196730408,0.058964741172515406,0.05989479921237261,0.04532553054539858,0.04533705938344578
3,450,0.013588238719309476,0.018344427231831523,0.018741309414440598,0.013585179222538202,0.013586154186557488
5,450,0.04735421330367537,0.068726013629297,0.07136085817710508,0.04735449758790279,0.04735569451710357
7,450,0.06258896621615871,0.10703670953566373,0.1336729170357333,0.053097303060472244,0.06581546086513974
1,451,0.04844677066093627,0.059714942798185164,0.06035110407086507,0.04845046138838538,0.04844681456170377
3,451,0.0197125020810596,0.0255417601050454,0.026232065697691084,0.019712036091045732,0.01971267197786689
5,451,0.0606096441501362,0.07958813061226096,0.08152048430483524,0.06060535750772944,0.060609453289697614
7,451,0.07111103054179305,0.1104849526960407,0.12412187652679814,0.06776443133264742,0.07169920710949998
1,452,0.0443809884182658,0.05812583976338191,0.05924202493735288,0.04438731392278826,0.04437666457783475
3,452,0.021877888180122828,0.027189335318708343,0.027287594023709838,0.021879378571404342,0.021878931727664495
5,452,0.06511071533136868,0.07834048429769108,0.0791284363767239,0.06510657971170081,0.06511355469810039
7,452,0.07764766496903949,0.11173021094667059,0.12662682058212926,0.07958256198678472,0.07604817662160354
1,453,0.03351152441810266,0.047871564749931955,0.0492959598061422,0.033513989932063226,0.033509902419204235
3,453,0.01973816827739534,0.025562366974191623,0.026277744728823174,0.01973906808024004,0.019739578144182566
5,453,0.060575525862279295,0.07871099033611682,0.07935959686305066,0.06057605104259024,0.06058051269273926
7,453,0.07980194811939804,0.11235278726715339,0.12707041336589855,0.08492120977908994,0.07719607107390354
1,454,0.016976309026185202,0.02705926897879885,0.02840973784568105,0.016975648817549444,0.016978540848440787
3,454,0.013635209334218973,0.018395427800704713,0.01880773308331174,0.013635381615316751,0.013638508813204466
5,454,0.0472821831973424,0.06790540269904649,0.06851311668111523,0.047286502261458425,0.04728557062785987
7,454,0.07689666258854036,0.11319506930194814,0.12604815448079426,0.08252564077068215,0.07475604478347037
1,455,0.0030304220453211445,0.004991638906849099,0.005386025517217352,0.0030291626985898086,0.003027447345418963
3,455,0.00475464231277184,0.007300329772615003,0.007792027774294762,0.004756848047955584,0.004759309557728005
5,455,0.02635054781668565,0.04351665278223202,0.04449545065204497,0.026353704746090372,0.026350735549535785
7,455,0.06985105363589089,0.11182218029335933,0.1285275254137113,0.07290772876336853,0.06952339822930928
1,456,0.022273008624968175,0.03465380119684813,0.03750076654563347,0.022265835006032478,0.022275049671717034
3,456,0.005657398079654125,0.008653778977832382,0.009243788027170569,0.005653468053587907,0.0056529487646655744
5,456,0.0016659292019140727,0.0026158115087659855,0.0031492315551275582,0.0016678760285500952,0.0016670704731318784
7,456,0.06147064716610786,0.10950167481017452,0.12671866026829734,0.05864651626048709,0.0639749240912655
1,457,0.03732886049125833,0.052000170517622436,0.0534876738031752,0.03731922847490056,0.03733605328061048
3,457,0.014362810512965967,0.01933141254168311,0.01998887957684763,0.014358726697383712,0.014359112119649192
5,457,0.02642737321731623,0.04348512013864354,0.04649600430965121,0.026433767917433744,0.02642917050605438
7,457,0.05625406209590954,0.10645095444836515,0.1294666776541426,0.04582802704142967,0.0613670853739801
1,458,0.04629230431316723,0.05952285960182934,0.06051387771794039,0.04628857950098312,0.04629735240609171
3,458,0.020124604225607235,0.02615172685493591,0.027042185070120593,0.02012274949509558,0.020122385924257365
5,458,0.04735249685344662,0.06821190395552233,0.07113050847479012,0.047349674044452346,0.04735017281149504
7,458,0.05768355518534208,0.10496462928143815,0.1305485367743187,0.04462967683409561,0.06287653842991239
1,459,0.04827625790630227,0.05972675009948928,0.06052731266992046,0.048280782960274445,0.048274211451174436
3,459,0.021858742198813428,0.027278486851616823,0.027626388558268933,0.02185849001454498,0.021856998934277613
5,459,0.06063159248908658,0.07942122921922175,0.08181481971967919,0.06062507065775975,0.06062934686071308
7,459,0.06459609478171766,0.10807030373935377,0.1320605472782445,0.05607625995722597,0.0673746016093671
1,460,0.043094525987006665,0.057139981857419045,0.058213960524498495,0.043101124047526015,0.04309026063383469
3,460,0.019289341916389403,0.02491473637022457,0.025374435531861084,0.019288402159367814,0.019288268865527355
5,460,0.06514604740519557,0.07911324445889999,0.07985789096586354,0.06514075213264056,0.0651489892143232
7,460,0.07268689428488978,0.11104390348808273,0.12445112964826756,0.07047639568902632,0.0724708353546683
1,461,0.031234028274909682,0.04574164810333776,0.046780012748497,0.03123715152565011,0.03123380711377411
3,461,0.01282802598541503,0.017483663245986446,0.01760151807005467,0.012826862859018653,0.012829475673340857
5,461,0.06061403601670274,0.07930058900942552,0.08090646788476753,0.0606140541092676,0.060621561290014156
7,461,0.07824158517288267,0.11160698334049414,0.12496869157458355,0.081114089586991,0.07582043960658277
1,462,0.013990564112934688,0.02251593175758327,0.022801230947918475,0.013991720108836243,0.01399496063734986
3,462,0.003763792568356779,0.005763181512544917,0.0061996957812550935,0.00376554265157697,0.0037671305330881652
5,462,0.04731536631010439,0.06793754920917233,0.06965846765205204,0.047320270671132855,0.04732307240571983
7,462,0.07926613995831663,0.11235628207032655,0.1284833092878285,0.08492930830802443,0.07611959105511473
1,463,0.006257906858594518,0.010213429161409937,0.010769708709958062,0.006255298109526169,0.006252069316366008
3,463,0.006589681380255634,0.010016451184364164,0.010648516577957845,0.006585680815104258,0.006585523950885144
5,463,0.026358435359691214,0.04301582610396493,0.04433288210561474,0.026363201833339404,0.02636422857200416
7,463,0.07542071082294677,0.1128325779122235,0.12779965726069767,0.08103340312209852,0.07324426987161746
1,464,0.02499228507123797,0.038247175658481763,0.04097997744714672,0.024983763012915834,0.024991569180454386
3,464,0.015101946529910707,0.020291837816828993,0.021071024576141476,0.015097470613150558,0.015097593341192986
5,464,0.00033744887537239226,0.0005464396652484854,0.0006507852815415203,0.0003371550405127132,0.0003375625875094786
7,464,0.06798178085711612,0.11152321737631593,0.12890986542604144,0.07029663107080471,0.06824829809666814
1,465,0.039175889450931416,0.05384741384919434,0.054902443932233216,0.03916651179724734,0.03918060382282707
3,465,0.02049859403163801,0.026715512992004874,0.027641760171606206,0.020495999998057502,0.02049486814696604
5,465,0.02634193711394882,0.04281876535378161,0.04309440533228247,0.02634605549442686,0.026337823509230654
7,465,0.060173104602104996,0.10923757690871691,0.126886755335627,0.05583974672928164,0.06375199988455345
1,466,0.047076721875257174,0.05969933750764262,0.06090640686385713,0.04707476305175126,0.047079169186428564
3,466,0.02180254598298845,0.027623250289601792,0.02787364081286821,0.021801160350862797,0.021798777841230937
5,466,0.0473026571254672,0.06785738558049276,0.06879053595121237,0.04729895530211587,0.047294283014573106
7,466,0.05641646956434394,0.10589905792982283,0.12965048752861003,0.044657614602488495,0.06238312333174241
1,467,0.047926704991414965,0.0600359267252743,0.06056193401172538,0.04793290097147707,0.04792384652104583
3,467,0.01880763360867552,0.02433534054211454,0.02456477769425696,0.01880540676611893,0.018804623279497407
5,467,0.060602834557352304,0.07921104054263585,0.08031020285032399,0.060595746693124036,0.06059410527382172
7,467,0.05924470551707967,0.10573106688905375,0.12775649549523246,0.0464381569158045,0.06451511119921545
1,468,0.04164519832182505,0.056022863469726465,0.056841655012832754,0.041652435786165155,0.04164305110518677
3,468,0.011994533620456905,0.016504099938039443,0.01693602481814785,0.011992400587604375,0.01199428140017364
5,468,0.06513742814965792,0.07891878047321547,0.07979890688950814,0.06513154850787271,0.06513365866109529
7,468,0.06653029350417378,0.10919662811448225,0.13040674801141935,0.05907129841595093,0.06876993752238796
1,469,0.028829273186242926,0.04306748768349988,0.044612728397287436,0.028832882756800175,0.02883248804772688
3,469,0.00274008688756713,0.004200035107155648,0.004536866018253828,0.002741251389951614,0.0027418651721010504
5,469,0.06062796979633828,0.07949861732862391,0.08193815999707284,0.06062670839833636,0.06062949948184365
7,469,0.07407680808646523,0.11154537263113266,0.125693243232191,0.07297202391420271,0.07304183871949524
1,470,0.01094474052779972,0.01749385136657174,0.017959659608916156,0.010946999460509114,0.010952363220798482
3,470,0.007500562207310636,0.011288171917670675,0.011998359531355925,0.007496958439107558,0.007497613949640703
5,470,0.04735752271018713,0.06837763217751372,0.07146741654648009,0.04736021296974585,0.047359921207703375
7,470,0.07862283398132823,0.11146023139652148,0.1260956538050539,0.08234486298737442,0.0754267826373449
1,471,0.009404653999368769,0.015092276421709523,0.01560210846250172,0.009401082497572797,0.009397245895696956
3,471,0.015803169816870872,0.021216126771751154,0.022048241109042774,0.015799133336370504,0.015799531315244836
5,471,0.02645631659375426,0.0437225144379921,0.04711682686534565,0.02645795761597752,0.02645727016679423
7,471,0.07854461375390084,0.11251775405995387,0.1279726158995656,0.0846305823308135,0.07494459785222035
1,472,0.027583638285697848,0.04156637546231742,0.04353704213163295,0.027574858224915098,0.027582208803974155
3,472,0.020831159793151144,0.02710944435122525,0.028098082101307677,0.020828809103331434,0.020827499777680756
5,472,0.002169907834946445,0.003364952649145578,0.003986885699882241,0.0021688474792691662,0.002168765554801647
7,472,0.07384565369555184,0.11253003802663239,0.1284286103373232,0.07929221089624408,0.07175541111199471
1,473,0.04086136187920149,0.05540522407445787,0.05608317750473472,0.04085327050988754,0.04086559134188544
3,473,0.021707516788261976,0.02782871112051615,0.028149032777814144,0.02170602038507061,0.021703286410903678
5,473,0.0263777336080593,0.043872025653863264,0.0453282306630588,0.026385347064632622,0.026377607904339222
7,473,0.06617577064877848,0.11137672965934964,0.12994371583029266,0.06758194490731398,0.06716149736821472
1,474,0.0476860718161936,0.05998077292034475,0.06062448497365096,0.04768638141897749,0.04768805895488581
3,474,0.01829452518831275,0.023761006121928618,0.02436088234067629,0.01829199477816321,0.018290866192713456
5,474,0.04728922140059561,0.0682153395976656,0.06909010292268422,0.04728846670002252,0.04728351689957461
7,474,0.059131573773063106,0.10924560490974722,0.12788234076002877,0.0532187535414165,0.0638005613909749
1,475,0.047403144473489166,0.059874040878709095,0.06086014917334,0.047410969318802045,0.0474011149904188
3,475,0.011141524443483588,0.015629444631815783,0.016198573833731713,0.01113915103051572,0.011140331925111003
5,475,0.060572155066912804,0.07903097415467968,0.0793288540769009,0.06056706449270255,0.060564205756929425
7,475,0.05688063889383529,0.105538956378005,0.13178308410251693,0.04409735866695412,0.0635371642192292
1,476,0.04003801475532917,0.054640940227398335,0.05548313495553159,0.04004533859317139,0.04003838443636266
3,476,0.0016870491424764453,0.002567464461596149,0.002805433579035248,0.001687709241249966,0.0016874797599517796
5,476,0.06509953003609119,0.07805810436831152,0.07863568620418857,0.06509439374033703,0.06509437104239928
7,476,0.060904237790566945,0.10690048773464962,0.1288256554287501,0.048632891190751135,0.06609160929259768
1,477,0.026300341427046566,0.039936922878511354,0.04232280029862894,0.026303344066718838,0.026306170496419333
3,477,0.008396263647912412,0.012488911334835238,0.013177889470811102,0.008393406103740153,0.008395184742927206
5,477,0.060593834505417526,0.079607262755949,0.08108606283562302,0.06059249556069092,0.06059167821021266
7,477,0.06835888265521466,0.11029399730783285,0.129800453301654,0.0620202217712763,0.06998560856888762
1,478,0.007834540036613984,0.012676168191414379,0.01325259498714224,0.007836711101017779,0.007843310422606298
3,478,0.016465431681254476,0.021986140745627936,0.022830974734655375,0.01646255304917272,0.01646387309059799
5,478,0.0473373258028791,0.0688176554136829,0.07102104574880372,0.04733866886837845,0.0473344180130306
7,478,0.0752630884711265,0.11190805438381758,0.12706223823751348,0.07522428681639591,0.0734094932848597
1,479,0.012480600873084896,0.01992863516145462,0.02029643280595213,0.012476617501038779,0.012475053794374365
3,479,0.0211189494085635,0.027411937195390222,0.028362333510332786,0.021117740846598666,0.02111714303720988
5,479,0.026478015770766916,0.04433027489295348,0.04733624231428533,0.02647722107204323,0.026472433894631456
7,479,0.07878397434885667,0.11177707528605059,0.1278106770270226,0.08326009981306187,0.07487537714505044
1,480,0.030049490401754003,0.044533266853860706,0.04566943776954913,0.030040809652639413,0.030050831063928245
3,480,0.02157054691345671,0.027845817923705884,0.028380515176043185,0.021569902426237946,0.021567728994525876
5,480,0.0029532540311795067,0.0045547463991334105,0.004923602677318646,0.0029539383288155517,0.0029523679200140936
7,480,0.07764385518721664,0.11240314729788498,0.1266193379529203,0.08401865759771421,0.0736970057614977
1,481,0.04238927382027815,0.05659696709181957,0.057519765939440116,0.04238233475437041,0.042395684305800506
3,481,0.017749636027105872,0.023304413651980025,0.024027266050907686,0.017747769822042785,0.017746955127209203
5,481,0.026472667057458342,0.04435580676723751,0.04721461107895687,0.02648335423702132,0.026479032461385995
7,481,0.07219518216090198,0.11194329527521701,0.12803627494620556,0.0773090398018756,0.07033139510313584
1,482,0.04812292996311871,0.05988665169230279,0.06051207514630083,0.0481244549149741,0.04812627329833399
3,482,0.010275354306518046,0.01469346761907017,0.015362281596980724,0.010273490975478283,0.010274364502466427
5,482,0.047334126394526735,0.06878766310835793,0.0708487530193948,0.04733502664353303,0.0473347693345754
7,482,0.06447748705338242,0.11140084396211013,0.1320201474514782,0.06479661092900793,0.06630803123955849
1,483,0.046706559787463124,0.05958293451015625,0.06079810104655072,0.0467141433383813,0.046705914728966486
3,483,0.0006132528642424377,0.0009360954892604423,0.0010411716646357933,0.0006136843947766493,0.0006128493227317303
5,483,0.06059078141910299,0.07958032831791571,0.08088111894854037,0.06058674947088064,0.060589103903287304
7,483,0.05837283261177099,0.10865502234955911,0.13076314586404297,0.050857245683806125,0.06410872874703435
1,484,0.03827165513897834,0.05293689490035092,0.0543375294935305,0.03827700540904322,0.03827356930257058
3,484,0.00928175136953122,0.013561123503113011,0.014288204642760673,0.009279804776863068,0.009282661436021461
5,484,0.06509595882026933,0.07797194837112499,0.07841923442169739,0.06509160454885342,0.06509667584867038
7,484,0.05762090723632951,0.10451638013481059,0.1334815419659475,0.044158962172837685,0.06479247139760591
1,485,0.02364424712211162,0.036431900574153915,0.03936879094725097,0.023644819193222644,0.023650613537462308
3,485,0.017089055379339625,0.02268385361863898,0.023487402341828542,0.01708774535207948,0.01709033690181242
5,485,0.06056913056324586,0.07917609323708355,0.07946270679587142,0.060568984422930086,0.060571594496176606
7,485,0.06261978148637518,0.10745557463217068,0.13176032374609548,0.05110754316759129,0.06758159822677606
1,486,0.004647643157469342,0.00765435789788619,0.008129186878032298,0.004648525629786433,0.004654881027176538
3,486,0.021359437166742556,0.0276239287206625,0.028466265401467596,0.021359905900317395,0.02136068080247039
5,486,0.04728914991749994,0.06832354788315341,0.06935121656753784,0.04729211556559139,0.04728970679561476
7,486,0.07005920082069592,0.11098848026766162,0.13081341115414183,0.06487267088757039,0.07101357252555497
1,487,0.015496077617635665,0.0249069550684894,0.02552914808691159,0.015492319181925677,0.015494375026536923
3,487,0.021388166002656063,0.027663323598055775,0.02846806248131602,0.02138894241325525,0.021388130412757087
5,487,0.026388480110811758,0.0440070734895728,0.045647651304998337,0.026389601379271974,0.026385574905971005
7,487,0.0762386253746217,0.11219517796243363,0.12886063698433992,0.07721866401608425,0.0735761876761671
1,488,0.03239103618423487,0.046816928871599606,0.048092386804850035,0.03238276120045518,0.03239622367279027
3,488,0.01717093610528037,0.02274763328918478,0.023560638229482078,0.017170309545951966,0.01717054548687569
5,488,0.0023434214151324185,0.0036029048971097707,0.004240836968770876,0.0023452693138188573,0.002344307137295085
7,488,0.07872803592633368,0.11192928078010968,0.1278323531334244,0.08386685265058502,0.0741714866105128
1,489,0.043758259984149,0.05766063693726821,0.05872056443859398,0.04375253862914953,0.043766507146788536
3,489,0.009400468534149515,0.013726939326224059,0.014423070751865547,0.0093995649238618,0.009400793047556696
5,489,0.026468413131925345,0.04382686758723885,0.0472843120761599,0.02647723832839755,0.026473180600201353
7,489,0.07658301008119665,0.11204747285255834,0.12465906484779041,0.08312091715233916,0.07239603849972552
1,490,0.048384096631918054,0.0595324182136431,0.060471493881952255,0.04838642851045122,0.04838727100917229
3,490,0.00046880252223655347,0.0007116603200694751,0.0008018817214063185,0.0004682096233784,0.00046933814839728196
5,490,0.04736233274248023,0.06845256916481546,0.07152870425255967,0.04736130735546521,0.04736248611185592
7,490,0.07050667537692346,0.11194025116647283,0.12891552239943663,0.07513549733976621,0.06900084772413091
1,491,0.04583354399430283,0.05926249326048684,0.06019049139578021,0.04584022224561706,0.045831954239028354
3,491,0.010159196880098621,0.014585536888036352,0.015242199196598052,0.01015809455245554,0.010161548121971724
5,491,0.0606276982039335,0.0795035880254403,0.0819251126926735,0.06062243823099016,0.06062733775938423
7,491,0.06293851292098634,0.11124052638432062,0.13346973018722783,0.06202244645860607,0.06570805824814488
1,492,0.036343755309010434,0.050953239680910374,0.05238291439999906,0.03634686976970099,0.036344359347036836
3,492,0.017675433699604535,0.023217752523326154,0.0239723523763201,0.017675744736472078,0.01767926297225982
5,492,0.06513283091250867,0.07882740725590848,0.0797239387744446,0.06512826361704303,0.06513693758765607
7,492,0.05791871476383669,0.10811803709647705,0.1331307271182155,0.04886710531197563,0.06464251085421815
1,493,0.0208648119002768,0.03262505736341567,0.03542167451369525,0.0208632198139422,0.020869007671080162
3,493,0.021551766467591233,0.027828190171462614,0.028402826760605755,0.021554039032052167,0.021555999426290322
5,493,0.060595328332253076,0.0791458528937062,0.0800795364276827,0.060595938255887986,0.06060300705294007
7,493,0.0586015480036831,0.10425359030026528,0.13320716261495302,0.04482896390752666,0.06610485991242462
1,494,0.0013858167394095577,0.0022960263996544008,0.0025325334679955455,0.0013856596456515438,0.0013897438123119488
3,494,0.021157851658961672,0.027410707024117898,0.028385868773781634,0.021160182417795225,0.021160785409954974
5,494,0.04729365304696487,0.06774874950483824,0.06851578036113345,0.0472988431187465,0.047300703312312765
7,494,0.06435211797220043,0.10789438754560793,0.1336097428459853,0.05376779640089602,0.0689667490068474
1,495,0.018446761830439775,0.02920626431336927,0.031187458630942244,0.018442420413772583,0.01844884228214604
3,495,0.016555606673454657,0.022116231875781486,0.022926198127901413,0.016556339324161506,0.01655793537559959
5,495,0.026336868887751566,0.042826892522473486,0.04296184902601427,0.0263415608578453,0.02634137625162311
7,495,0.07161294832620109,0.11140448395312631,0.13264535170796785,0.06758731576260195,0.07185710474578044
1,496,0.03459906366510581,0.048961269378996766,0.05043636012881289,0.03459075860355484,0.034606891315049106
3,496,0.0085181426114269,0.012629714799001235,0.013330314465897788,0.00851833211787802,0.008520426569792981
5,496,0.0006081405696548797,0.000976926119916791,0.001171797402670918,0.0006083754060023976,0.0006087242428019525
7,496,0.07700149310090552,0.1124105625422283,0.13194983820176587,0.078943327172551,0.07355900780383937
1,497,0.04495901155887335,0.05868781513653976,0.059642504641688916,0.044954595537553904,0.04496683989278378
3,497,0.00154374034485843,0.00235150104202365,0.002570630804323304,0.001542642008433258,0.0015436791477584386
5,497,0.02637091530412656,0.043082345208361204,0.04481017945643197,0.026375528944544726,0.026368384992718725
7,497,0.07846069506104171,0.11214014780731993,0.12793832589902732,0.08417129803751043,0.07332860433878455
1,498,0.0484624348514733,0.05978863210839301,0.060144785391557265,0.04846610700334492,0.048463069993017686
3,498,0.011027184834520183,0.01550146184120351,0.01609494783373528,0.011026538943281686,0.011029894524673454
5,498,0.04732587047420798,0.06798013758927596,0.06999908789832919,0.047322000812949176,0.04731941921848117
7,498,0.07537958998366845,0.11161987813348805,0.12571722390130277,0.08195906999442815,0.07105975164578507
1,499,0.04478138283938221,0.058517867200856506,0.05952534955393559,0.04478823090504225,0.04477715585441782
3,499,0.018226366379565134,0.02371852441030715,0.0243255398737039,0.01822789054970105,0.018231489150984975
5,499,0.06062045459358856,0.07934168722291869,0.08113150381365147,0.06061309278017532,0.06061427107517786
7,499,0.06881213776756591,0.11161301969123359,0.12913172309662496,0.07281330572473466,0.06777864408529018
1,500,0.03425868978995297,0.04861793574284271,0.05009968717298021,0.03426163820620177,0.03425686792445946
3,500,0.021696989875438687,0.02783596739193985,0.028187908882685103,0.02170067827857128,0.02170295250800958
5,500,0.06514798964361711,0.07916056570829207,0.07983276408225379,0.0651419785586727,0.06514743592016031
7,500,0.06159355962629521,0.11068148260385766,0.1327731219356094,0.059326709089220137,0.06534902455385322
1,501,0.0179816781756993,0.0285289033499908,0.030332443410836397,0.017980912857632387,0.01798354145821355
3,501,0.020878948371511368,0.027192372602600247,0.028142592657462703,0.0208824552646743,0.020883856635776236
5,501,0.06062847402097686,0.07938815834960823,0.08170246858100233,0.06062753141043423,0.060633535649873525
7,501,0.05777281448467962,0.10718441896313237,0.13363982387678675,0.04733932090680164,0.06535376185571155
1,502,0.0019105821669377922,0.0031645279765210835,0.003454436248168457,0.0019094976113318196,0.0019083970843351014
3,502,0.015901095186227707,0.02131695492885258,0.02216251492580293,0.015902862386245765,0.015905584184061843
5,502,0.04734373353234523,0.06812054409478312,0.07091998995527743,0.04734737158379938,0.04734970375088875
7,502,0.059778674715017945,0.10445237549850893,0.1319258983095101,0.046046028673793475,0.06743075948786091
1,503,0.021315182385549452,0.033178427824149294,0.036088353031883895,0.021308399256070327,0.02131824476756247
3,503,0.007625980845607314,0.011458236786145928,0.012165401655054515,0.007627213583241564,0.007630171761659103
5,503,0.02641175703040626,0.043365321411492054,0.04616116385871885,0.02641485425408206,0.02641628841538957
7,503,0.06606623765687113,0.10889927770064521,0.13333347570624685,0.05653426535485858,0.07023128367088242
1,504,0.03665972754451755,0.051309385791864996,0.05275033617908703,0.03665008788609395,0.03666795746682881
3,504,0.002598770680238325,0.003969355728090246,0.004308936781058582,0.002596962395372356,0.0025974910131782263
5,504,0.001435712392687919,0.0022777780607341146,0.0027318636336620093,0.001434427197374451,0.0014346202374017698
7,504,0.0730057260460281,0.111742251545479,0.13357943985266402,0.0701380215696598,0.07252052407502868
1,505,0.04598287949966094,0.05939460753568504,0.06030386423497069,0.045978868687911775,0.04598908219882784
3,505,0.01188130351960351,0.01638027125395908,0.016843919561833804,0.011880437490392746,0.011883130878333136
5,505,0.026345262968240454,0.04335427948239195,0.04414515624865708,0.026351372136980515,0.026341970013439586
7,505,0.077550516194218,0.11210092048891461,0.13326740840809817,0.0803918711162261,0.07337704667753006
1,506,0.04835474454687824,0.059591099245896756,0.06048353104074616,0.04835928907506472,0.048353202906478
3,506,0.018743394246268252,0.02423506231208228,0.024544102383088115,0.018745232711840292,0.018748134527817855
5,506,0.04728649550911889,0.06778506588294513,0.06841448737596874,0.04728461581449044,0.04727813472440645
7,506,0.07798745181860642,0.1120509012645573,0.12708692839461033,0.08417396336617981,0.07236750048693569
1,507,0.043553066668254994,0.0574687973035732,0.05857376104083627,0.043560146085392375,0.043548204215149315
3,507,0.02179767695634661,0.027654851090869834,0.027893144599177713,0.021801809155974513,0.02180353609623313
5,507,0.06058144304894194,0.07876590508418309,0.07949396794827376,0.06057566940708679,0.06057163547910535
7,507,0.07404798094034273,0.11115201384552359,0.12714102198705957,0.08053753888369454,0.06971076120053696
1,508,0.03202764071367164,0.04647118989486077,0.04769668835873151,0.03203115188827294,0.032026270167956866
3,508,0.020552926869866237,0.02677005927757151,0.027713036643708753,0.020556680391513097,0.02055818252116862
5,508,0.06511592226618965,0.07846874305872258,0.07930305967255488,0.06511067910282425,0.06510994707110289
7,508,0.06714134794797062,0.1116201580426096,0.1292545889552403,0.07035813847027665,0.06668989079179255
1,509,0.015018734579647109,0.02415952882828055,0.02462687161041576,0.015019939558662187,0.015021761808797421
3,509,0.015206118977252103,0.020449505397994523,0.021207479574632232,0.015208197712738677,0.01521156887793542
5,509,0.06061259008501288,0.07956620089817201,0.08166056267049651,0.060611464092444195,0.0606109312203755
7,509,0.06046832815602516,0.11045642665810655,0.13044523216394113,0.056746787829267245,0.06522138314752424
1,510,0.00516307112450731,0.008469771792338151,0.008959586395212486,0.005160193968980925,0.0051587434396487605
3,510,0.006718718165151948,0.010206532453772257,0.010830040176197295,0.006720759350790958,0.006724153006861361
5,510,0.047354649599688554,0.06867707946844667,0.07145501554104691,0.04735662499153979,0.047353210638007556
7,510,0.05792695241586914,0.1069161142283458,0.13197668643216,0.04631539880208027,0.0662091720734395
1,511,0.024076329496344338,0.03710885076326369,0.03991169751372395,0.024067465591007812,0.024077065555532223
3,511,0.003624983914566762,0.005556999562055134,0.005979739164554491,0.003622344526763656,0.0036222077978546987
5,511,0.02648559173706185,0.04413885273605109,0.04751780150021326,0.02648568982548548,0.026482187055214147
7,511,0.061108069895394766,0.10582846414185965,0.12898557295890803,0.04770450014525096,0.06874346127966055
1,512,0.038562311764492804,0.05326127403778659,0.05452665863745413,0.03855219441680712,0.038568382924446205
3,512,0.012715606527065394,0.017344159984581727,0.017511370428619506,0.012713830058875268,0.01271561863702937
5,512,0.0027671173470355044,0.0042694618199626885,0.004757522750362084,0.002766743087760462,0.002765823343494957
7,512,0.06773147623992427,0.10973077729764576,0.1310971585238764,0.059320761073873136,0.07136897036317058
1,513,0.04682812252558528,0.05962433117172172,0.060842939869223886,0.04682531501377503,0.04683170321107584
3,513,0.01922725110412176,0.024814107993688116,0.025241098718422148,0.01922834053577879,0.019230164603494502
5,513,0.026434093621378208,0.044304925547277496,0.04655598399124406,0.026443903604292465,0.026437980689612315
7,513,0.0742248802486925,0.11190633808512127,0.13151809929858246,0.07248842929611723,0.07300736085631954
1,514,0.04806581976824399,0.05996786597370418,0.0605123329499491,0.048071666624245814,0.04806315268261998
3,514,0.021857027586127623,0.0273310496665074,0.027666830073982893,0.021860371682280937,0.021861116335082975
5,514,0.047310223492672845,0.06864775728748587,0.07014254986846606,0.047310653647202515,0.04730817976639163
7,514,0.07788434729542505,0.11215787020497028,0.13374461433897095,0.08155188233122536,0.07304020791765678
1,515,0.042158581945554295,0.0564016672099313,0.05732009462035022,0.0421661614823993,0.04215548973311478
3,515,0.020182961114264406,0.026260241632137922,0.02713266868456155,0.020185792416709602,0.02018698730661405
5,515,0.06057615651933806,0.07946397171084842,0.08009767329133878,0.060571710280254855,0.060571495936850066
7,515,0.07731806911175401,0.11200296906422129,0.12782831489141788,0.0838773771181007,0.07130839801519709
1,516,0.02966550721527979,0.04407513986823274,0.04533970215267934,0.029669668574672695,0.02966732930873886
3,516,0.014471308455387856,0.019466463163103884,0.020143320838561463,0.01447281624521477,0.014476402553100362
5,516,0.06509050222001429,0.07773381538955454,0.07795656916315231,0.06508567202717995,0.06508811087747526
7,516,0.07260853689514796,0.110893686790787,0.12820868522655005,0.07887282659014451,0.06837713287881737
1,517,0.011993103173041066,0.019149648525501127,0.01955830984552648,0.011995763900005054,0.011999485168062938
3,517,0.005789896498333974,0.008841742082401743,0.009439214860022986,0.005792303222145914,0.005795619852104613
5,517,0.06057438536308611,0.07946281047060597,0.08014921125676987,0.060573589463009385,0.06057401603573111
7,517,0.06552952232410704,0.11123079511443378,0.13000526057674316,0.06780391229147573,0.06576536027214096
1,518,0.008337237674079434,0.013463771735436378,0.013993999486580108,0.008333376681088517,0.008330364486693805
3,518,0.004618705817879172,0.0070784267663530215,0.007583312861543885,0.00461524894233028,0.004614639141375266
5,518,0.0473081113323363,0.06864132824230589,0.07019170685848392,0.047310131262492214,0.047306078452691455
7,518,0.05958109616891792,0.11011822925048845,0.127689418345517,0.054342866205745605,0.06530223873171982
1,519,0.026711739866233746,0.04055575284483769,0.042726080942465966,0.026702467285075183,0.026710565139710006
3,519,0.013524031403391793,0.018268883779681642,0.018637915511943527,0.01352097990468711,0.01352192720767444
5,519,0.026434848969261276,0.04430344737506543,0.046608173453175694,0.026434731444447267,0.02642947983704637
7,519,0.05835462614974793,0.10597601398728798,0.13039346665265053,0.04582406845892209,0.06715947645489417
1,520,0.040302768028540825,0.05492308474005212,0.05566623505215919,0.04029395032418082,0.040307221601259595
3,520,0.019677515499167183,0.025478910972831396,0.02616177701359301,0.019677142940053773,0.019677842440249668
5,520,0.0027862513921468116,0.0042986213726471986,0.00478093516293401,0.0027877798287019077,0.0027869031290400957
7,520,0.0625418737536248,0.1071022475769917,0.12685743778074743,0.049707202968684416,0.07000108359368802
1,521,0.0474970332512726,0.0598821917387428,0.06079003055247546,0.04749683217941401,0.047499076245329994
3,521,0.021877814862872998,0.027185391827048353,0.027319378585424058,0.021879470592901715,0.021879131923088834
5,521,0.02648802329650064,0.04412035536292583,0.047518086360611604,0.02649833913035879,0.026494870882934684
7,521,0.06932172247479441,0.11087440685984414,0.12984601989825356,0.06207229397698195,0.07235983840850921
1,522,0.047601516012580336,0.059955176851017054,0.06070500877847085,0.04760957764283954,0.04759897508266022
3,522,0.019773012162526502,0.0256207826728613,0.026348020206468235,0.01977406918426649,0.019774757508735502
5,522,0.04735737970364718,0.0687151589922847,0.07143696131406876,0.047357581329557044,0.047358850195649026
7,522,0.07526797754822613,0.11243761807669178,0.12877214468184778,0.07462348242908153,0.07331956603347001
1,523,0.040605344959280934,0.05517393998510993,0.05589963367960205,0.040613675363277965,0.04060471771595009
3,523,0.013699286783120945,0.018470703404054056,0.018908785688296976,0.013699561358840179,0.013702995059262937
5,523,0.060613746283741006,0.07956792804987445,0.08163205498974856,0.06060925541755411,0.06061368836350048
7,523,0.07801602905182431,0.11232528859675092,0.1320584559732547,0.08243116855188048,0.07256171723468673
1,524,0.027179340932411623,0.04111959462034423,0.043177125795310266,0.02718358475159139,0.027184276676087797
3,524,0.00483349646104912,0.007420772873649287,0.007916352826734342,0.004835777864233924,0.004838573141172417
5,524,0.06511474876419696,0.0784377450874878,0.0792664681155666,0.06511044112177447,0.06511802280567622
7,524,0.07648118101100161,0.11183388161548037,0.12639488641844576,0.08330645270030919,0.07018355973848697
1,525,0.008906244093133302,0.014364011322833867,0.014877318263648041,0.00890940134695424,0.008914712317053052
3,525,0.005580726876513682,0.008539555933140094,0.009122557163755336,0.005576711403164913,0.005575994282670804
5,525,0.06057836322135795,0.07873785400136916,0.07946240160405064,0.060578963009191314,0.06058408227874254
7,525,0.07110108243601845,0.11073543961482978,0.1277495371357865,0.07700893162889394,0.06710168686615067
1,526,0.011435794763330445,0.018272550017187392,0.01868757004582261,0.01143120170332163,0.011429653742422538
3,526,0.014301306441386677,0.019250968942673,0.01989264197707077,0.014297140832634688,0.014297457452944093
5,526,0.04728259171886515,0.0678107242335433,0.06842985303084646,0.0472872346458948,0.047286785885250905
7,526,0.06402287545667165,0.11119032567787149,0.13194516040321494,0.06521850097472481,0.06504337000155988
1,527,0.029220072340467432,0.04360238177195522,0.04493417270549578,0.029210785531562637,0.02922065880842805
3,527,0.02009255346053855,0.026104831698185626,0.026984899974321068,0.020090685830157475,0.020090345293747383
5,527,0.026344740602083343,0.043397526094315776,0.044222062542788605,0.026348307643863943,0.026345729568158498
7,527,0.05894612973819501,0.10950396101010279,0.1295493391073158,0.05220560237741993,0.06557003955313467
1,528,0.04188437911342387,0.056199713339539575,0.0570462252036233,0.04187685049427235,0.04189041677384856
3,528,0.021861616346935724,0.027245791603297938,0.027601399430171137,0.02186141180427752,0.021859997630556915
5,528,0.0014863452650757726,0.0023506423731811054,0.00282617022172257,0.0014881587571482697,0.0014875288957742884
7,528,0.05901862369091924,0.10570902990974541,0.1297875979985863,0.045880678669880236,0.0681605846782591
1,529,0.047993039752414354,0.060004145953467404,0.06054262889301947,0.04799453075285554,0.04799627743304991
3,529,0.01932693825658507,0.024963771553995606,0.025452867928189443,0.01932603812608216,0.01932608087971467
5,529,0.02641669002089576,0.04339012776245875,0.04623810055081355,0.02642295621656255,0.02641776265732771
7,529,0.06403449788641899,0.10785507378412627,0.12717044458334567,0.05196394511282921,0.07117131164201267
1,530,0.04696449093504728,0.05961634972308331,0.06088004690160401,0.046973038668640874,0.046963667877709524
3,530,0.012894491856063204,0.01758474254564031,0.017655318544996808,0.012893342081825718,0.012896281896372591
5,530,0.0473485677567337,0.06814378898561407,0.07096948026714649,0.0473454600101515,0.04734547211739743
7,530,0.07081556680119787,0.11132796045950077,0.129511208965258,0.06473869285018716,0.07319056846610189
1,531,0.03889395886290747,0.053594171006475844,0.05473243803325825,0.03890103314831874,0.03889565972954245
3,531,0.003845303642340325,0.005890489737713311,0.006330305825680178,0.0038471048706710457,0.003849032459768787
5,531,0.060630871805074524,0.07942973929591168,0.08172984753559757,0.06062398900884739,0.06062793242612308
7,531,0.0761365226625334,0.1125082424533308,0.12694349385718007,0.07652110415857305,0.07346621131226906
1,532,0.0245670437330166,0.03773946027986068,0.04053253143917288,0.024569431114869544,0.024573492083221182
3,532,0.006515023838871263,0.009902335477705764,0.010536989337656903,0.006510904274580625,0.006510522293926109
5,532,0.06514775572405003,0.07914189972970169,0.07984051278256843,0.06514215466012466,0.06515027392443233
7,532,0.0779577114574119,0.1124670082449758,0.13039511624496133,0.0830250204502262,0.0719573919839958
1,533,0.005746685221823706,0.00938047041703034,0.009949036380551982,0.005748921630725446,0.005754512696850132
3,533,0.01504342192093159,0.020209889532066906,0.020987159719547194,0.015038781134049231,0.015038794018138058
5,533,0.060617728057951493,0.07932754921458356,0.08108393162660692,0.06061760851255483,0.06062523991759501
7,533,0.07549997212049232,0.11130956650293487,0.12489519537226376,0.08247293056163613,0.06902153949652816
1,534,0.014471585092759096,0.0233405730906752,0.02361574441549466,0.014467091904637316,0.014468934491237987
3,534,0.020469740759511162,0.026668444849279497,0.027597697104308733,0.020467022211010207,0.020465863354448607
5,534,0.04732090601405339,0.06795402115713248,0.06992656871443897,0.04732580785200665,0.04732875907640009
7,534,0.06955704235051287,0.11032832582529808,0.12773828022984246,0.07497906991065587,0.06591626363629961
1,535,0.03160466880295934,0.04614232934466702,0.047200817221565765,0.031595786140713206,0.03160925925262919
3,535,0.021808454569785127,0.027599639524596764,0.027860241441127944,0.021806984351224572,0.021804634510112598
5,535,0.026366733942672478,0.043067467522414866,0.04470783482583349,0.02637147389144901,0.02637274125766384
7,535,0.06265137798489642,0.11072874001146456,0.13365176708900195,0.06266299138487887,0.06453509295673887
1,536,0.04330853278670866,0.057305301471632555,0.05837972437174403,0.043302300541817204,0.04331707518394999
3,536,0.018847801094867344,0.024393904723636974,0.02457643994310361,0.018845477406903066,0.018844851904786613
5,536,0.0005497438179323423,0.0008839497148773925,0.0010590121074082852,0.0005491747479504472,0.0005497943238986731
7,536,0.05856414238201358,0.10892249921199447,0.1317620548861846,0.050424430779218044,0.06599463624146251
1,537,0.04831510484804503,0.05965675090509775,0.060515508022756154,0.048317585987072524,0.048319137447889814
3,537,0.01206286405091862,0.01657462069536358,0.01699027041397155,0.01206063441627303,0.012062841467847297
5,537,0.026339134706197823,0.04279542883931162,0.04287973602877737,0.026343616222703654,0.026334783513663994
7,537,0.05987664800303544,0.1052058716721161,0.13136776233889455,0.04647383434383142,0.06917496268226515
1,538,0.04615234647754291,0.05948508879984668,0.06041811262675545,0.04616014789962536,0.046151646185271046
3,538,0.0028241751442341905,0.004331826295264493,0.004672379889714376,0.002825343989197871,0.002826278813919915
5,538,0.04729836306081723,0.06778572221027952,0.0685639083733021,0.047294839060088356,0.047289488830167856
7,538,0.06554731373941529,0.10870247077430867,0.129360658369964,0.05440313564468544,0.07223666389902615
1,539,0.037021301232787074,0.051707353169972985,0.05317282593917431,0.037026038787311207,0.03702279870818122
3,539,0.007427415624919934,0.011186710892841532,0.011894527959682466,0.007423690123681717,0.007424110153018014
5,539,0.06059858015999698,0.07916488529798098,0.08012795215712855,0.060591515405025324,0.06058913207358585
7,539,0.07219667348215855,0.11174409765199939,0.12904854216863898,0.06728954692949565,0.0738631285132352
1,540,0.02182841064086719,0.03391622547048873,0.03687737630305939,0.02182827888949949,0.0218335950321314
3,540,0.015747786366631763,0.02114273281164084,0.021976452454745218,0.015743544558074356,0.01574379252128127
5,540,0.0651339152083208,0.07885214463543441,0.07974274763598271,0.06512799304238158,0.06512935704059883
7,540,0.07683141255235294,0.11238824205016548,0.12663723713990613,0.07816632728599177,0.07346853737715003
1,541,0.002508232405685267,0.004129867285592047,0.004502008375366626,0.0025091547231982287,0.0025130961454298537
3,541,0.020805802366283006,0.027080177747339854,0.028069277691161704,0.02080326116432247,0.02080186128341427
5,541,0.0606262575756421,0.07951844870561939,0.08193083820908831,0.060625049340545925,0.06062705921797864
7,541,0.07771661140262777,0.11243206342651135,0.1298227238478935,0.08332155545637313,0.07125193514186667
1,542,0.01744590215331256,0.02775482166552541,0.029293589173395782,0.01744131531326595,0.017447323454250714
3,542,0.021716682634607774,0.027816854470713626,0.028123791837411326,0.02171501370327525,0.02171224841067761
5,542,0.047358759275573696,0.06844553451500986,0.07151903440166453,0.0473614790027184,0.04736038265825343
7,542,0.07438832441849488,0.11115146549615633,0.12610348647130307,0.08136804184579244,0.06785260104464506
1,543,0.03385998675574714,0.04821053298362975,0.04966260800987817,0.03385143945656547,0.033867751316361674
3,543,0.018337228903862482,0.02380224112259433,0.024381218909463,0.018334501364431315,0.018333491037384263
5,543,0.026464486210269932,0.04380647937283511,0.04725189711500191,0.026465983523636133,0.0264645797436869
7,543,0.06799839170251393,0.11019428077634949,0.1281787902562046,0.07278544987006262,0.06485067734360438
1,544,0.04456817288709344,0.05830348605594899,0.05937356480347534,0.044563454386602065,0.04457698046540842
3,544,0.011211178595520902,0.01570054465046632,0.01625997028075968,0.011208620160140213,0.011210099209740055
5,544,0.0023075718150694104,0.0035493413289482433,0.00418995985800046,0.0023065696111786264,0.0023065138228550892
7,544,0.0614283194482292,0.11040674756222417,0.1328945912604736,0.060158152188034615,0.06423343773169074
1,545,0.04845684822680105,0.059769436657694776,0.06025993151710868,0.04846065433128304,0.04845889651902368
3,545,0.0017732476936921406,0.002701267790964123,0.0029451053792186846,0.0017738556673355386,0.001773917862366769
5,545,0.026387481151741506,0.04397955607375438,0.04557926385830958,0.02639566386834928,0.026388138830322105
7,545,0.05841902843039861,0.10826161851138805,0.13369131096541656,0.049031828617818886,0.0665399919682675
1,546,0.045161636016930476,0.05884683064543393,0.05979882191492996,0.0451692649656607,0.04515848669762361
3,546,0.00832415287539958,0.012392503579076767,0.013084485956296205,0.008321202959927845,0.008322765236641041
5,546,0.04729182662557955,0.06830575622726545,0.06929459829177553,0.04729123282438572,0.04728662428113362
7,546,0.06088029625081119,0.10607100798456465,0.1329589114934476,0.047524183935762854,0.0701669578481854
1,547,0.034989126893034905,0.04946223020625294,0.05084716934437721,0.03499289396555601,0.03498806987070506
3,547,0.016413232995842773,0.02193631242856278,0.0227721351788934,0.016410168390121938,0.01641132300002619
5,547,0.06057156815861108,0.07915147183644604,0.07943091116030825,0.060566397274784654,0.060563892963511085
7,547,0.06704419002842774,0.10908943418370116,0.13239715305977615,0.05693438308956423,0.07318056064068781
1,548,0.01897792077586732,0.02995517739187521,0.03218595713962663,0.018977435935242554,0.01898023891636516
3,548,0.021097357521142876,0.027378086167909918,0.028346787516303887,0.02109596625732636,0.021095233818450014
5,548,0.06509669171227843,0.07798313831256277,0.0784668133064552,0.0650913579705156,0.06509167246259982
7,548,0.07345269524616072,0.11194000923028476,0.1295033542177772,0.0696891266940489,0.0743772537974949
1,549,0.0007852041242415831,0.001299112746415916,0.0014616613117151259,0.0007839973866274147,0.0007832246061117385
3,549,0.02158327039466093,0.02784848665200886,0.028365818635726563,0.021582445197432725,0.02158018844533349
5,549,0.06058959756161881,0.0795902076897238,0.08092698517391814,0.0605882390989335,0.06058743266245222
7,549,0.07735986910287959,0.11241711467322572,0.1270873556119802,0.07955391283691149,0.07334125697161506
1,550,0.020345006773229153,0.031907306688181966,0.03455603725054349,0.020338429749618914,0.02034888531170404
3,550,0.01779499319265886,0.023343633880247086,0.024059559779221702,0.0177929053647149,0.01779216692989614
5,550,0.047332161911833384,0.06881551796585639,0.07088782041823857,0.04733357466744432,0.04732898572421428
7,550,0.07731520517082227,0.11258926910888796,0.12870210002599863,0.08333595848339083,0.07047060723484336
1,551,0.035972552152626076,0.05058675035882337,0.05192007343762189,0.03596288524755683,0.03598187293792255
3,551,0.010345881954976047,0.014770774388679983,0.015433518601581512,0.010343802373894841,0.01034492624729388
5,551,0.02647238978369189,0.04434123850179303,0.047243725163059136,0.026471591635002366,0.02646629092048025
7,551,0.07318045276252944,0.11089999990221769,0.1271399806810275,0.08002176627800513,0.06671174594207428
1,552,0.04565318534282924,0.059168144787645746,0.06004090096597777,0.045648985057671065,0.04566087504229782
3,552,0.0007006804995980894,0.0010690268323706408,0.0011839009712152225,0.0007010090516377547,0.0007004359623848878
5,552,0.0029551411098119045,0.0045567567335232165,0.004918564055365568,0.002956097661936327,0.002954589131893767
7,552,0.06646973281943198,0.11022487029754491,0.12739068435495732,0.07047106027274652,0.06394422753268035
1,553,0.04841273816752813,0.059485829612424816,0.060445438289509164,0.048417454108917075,0.048412283102555756
3,553,0.009210358531248415,0.013483934854552295,0.014204136652803153,0.009208371483252471,0.009211063859179065
5,553,0.026478627442271477,0.04432912957501299,0.047312209845044084,0.026489698208283483,0.026485654380930736
7,553,0.06038057129654894,0.10975529206724793,0.1314722837909883,0.05776183183516723,0.0641341720008018
1,554,0.04399286483805578,0.05780563604451623,0.05891928715845536,0.044000652630427274,0.043988116506794885
3,554,0.017039972028648993,0.02263717059091848,0.02344113061232545,0.01703854428864254,0.01704101024045714
5,554,0.047339371579757865,0.0687714735203392,0.0709849631487847,0.04734026104769144,0.047340516359631914
7,554,0.05849690346107379,0.10740918430367025,0.13271544354679374,0.0480725056697581,0.06718039801133198
1,555,0.0328065205393261,0.047184100032685056,0.04853773658182211,0.03281071833368359,0.03280470845605431
3,555,0.0213417684048867,0.027598274851655818,0.02846398351687151,0.021342125154370867,0.021342790313400854
5,555,0.06059496390508225,0.07957667294139328,0.08104249142019865,0.06059076870441501,0.060593773689241
7,555,0.061986231420357626,0.10659280898119919,0.13344930810346595,0.04896451328015443,0.0711129605268999
1,556,0.016040001113403604,0.025708263291870172,0.026608623519437644,0.016041547255068147,0.016042206893930353
3,556,0.021404718815157917,0.02768559229363062,0.02846792500611867,0.021405376526502578,0.021404492452618617
5,556,0.0650986211374228,0.0780409402852126,0.07858884434396356,0.06509411435291249,0.06509992683357527
7,556,0.06849167753237578,0.11039660523885861,0.13331681188392588,0.05949883355226421,0.0739908343306446
1,557,0.004058576025795986,0.006732940035678624,0.007174289358098803,0.004055171620526335,0.0040555006921303115
3,557,0.017219164841602307,0.022795124454395806,0.023603260798415644,0.017218365601749684,0.017218672639253578
5,557,0.06056955109745094,0.07906986114981696,0.07935495671974961,0.0605695198885813,0.06057267263360079
7,557,0.07456960499487714,0.11201404072148356,0.13146153717361636,0.07191906445945973,0.07472991656988692
1,558,0.02314571589872625,0.03573290205893803,0.038740880205341964,0.02313639596457984,0.023147859668323185
3,558,0.009471623807138986,0.013804599634908246,0.014502677690236084,0.009470532565095145,0.009471973508406754
5,558,0.0472862904454327,0.0682268185822839,0.06914745415687193,0.047289613691705555,0.047287393440706496
7,558,0.07772430601872367,0.11277081900787836,0.1285331609429356,0.08068752161301773,0.0730862480251871
1,559,0.03793014513599198,0.0526379918302552,0.05403325096020819,0.03791928042688144,0.03793761440986547
3,559,0.00038124999572079803,0.0005766333308205083,0.0006543941226240303,0.00038078766640788796,0.0003816838295279727
5,559,0.026378488668581973,0.04390703288880724,0.04539917460657305,0.02638003183692105,0.026375993216187426
7,559,0.07677512672374658,0.1125176287334254,0.12716531244294732,0.08308769538413611,0.06963046353078674
1,560,0.046559466309877263,0.059597450844795834,0.06070776333638448,0.046555920050424186,0.04656431654647333
3,560,0.010088469850593595,0.014508034808306874,0.015167963076029228,0.010087391504084529,0.010090747726556245
5,560,0.002208989511215914,0.0034220502470035507,0.004046818139410706,0.002211019215028829,0.0022099822027824073
7,560,0.07191474942453921,0.11069848544096011,0.12769994835357987,0.0784690496301005,0.06563225705520404
1,561,0.04818507321940581,0.05980271120581299,0.0605284844781005,0.04819079157963932,0.04818274519095021
3,561,0.017629320269565648,0.023181447372690112,0.02393794349028076,0.01762960999999396,0.01763308997774636
5,561,0.026460624832928364,0.04377482516841087,0.0471574740504536,0.026469344466776526,0.02646510860492419
7,561,0.06502104765500935,0.1103353822937369,0.12693451369592867,0.06808974537414812,0.06323665408974084
1,562,0.042654053551609866,0.05680921017029579,0.05780054718711249,0.04266222195056745,0.0426501332429092
3,562,0.021538010562684926,0.027821322598805563,0.028414929798809625,0.021540277163429416,0.021542223945702155
5,562,0.04736144880569236,0.06838897374601526,0.0714843959171184,0.04736005405980955,0.04736128992692896
7,562,0.05953652129919506,0.10916428308603097,0.12848405231754934,0.05554833459637191,0.06423370927538734
1,563,0.030487804809347735,0.04496754810521111,0.046078492293234456,0.030492751434878375,0.030488336117173012
3,563,0.021178371356352525,0.027421896651478733,0.02839878700194721,0.0211806842571884,0.02118130082262372
5,563,0.06062966028578304,0.07946013367418267,0.0819383395398312,0.06062396834053221,0.06062911712941996
7,563,0.05878121937839021,0.10650782013452006,0.13051090888473937,0.04757389663720213,0.06789740775247607
1,564,0.013034715732069704,0.02085768710560355,0.021207573039856726,0.013038045341170656,0.013039903633672275
3,564,0.016606937808956595,0.022174421343570748,0.02298298934754018,0.016607588253062452,0.016609310402360484
5,564,0.06513649774283793,0.07891399461559949,0.07978509915494555,0.06513160045855328,0.06514073693675616
7,564,0.06315925063941458,0.10783716051838699,0.13125122144440973,0.050716295255860556,0.07200117775297991
1,565,0.007260742689043331,0.011797963099638438,0.012378285128102197,0.007256203421775662,0.007254485879681195
3,565,0.008589962374048365,0.012724375093029521,0.013421916408725703,0.00859002342567444,0.008592342244145672
5,565,0.060599691542854196,0.07920238103974316,0.08025809256048243,0.06060024038058571,0.06060788353613057
7,565,0.06986540195632325,0.11110950372358949,0.13363704815376498,0.06203866150142886,0.07466463752991295
1,566,0.02582502244899013,0.039345903662510805,0.041848796147054154,0.025814838313137398,0.025824272694046184
3,566,0.0014572543599898448,0.002217858091329876,0.002425932523859814,0.0014562846336199523,0.0014571169676961219
5,566,0.0472978695748577,0.06782908856680787,0.06872082816816917,0.047303265446552833,0.047305561320384576
7,566,0.07553793722419763,0.11228904365652886,0.13344461484877088,0.07395330815229315,0.07492416046090444
1,567,0.03972587209943984,0.054368128674741154,0.055241808450046836,0.03971588273490927,0.03973072803286486
3,567,0.010957353330548788,0.015428304281276891,0.01603054432037011,0.01095679533905063,0.010960100101674804
5,567,0.026339264124897246,0.042798544457920966,0.042997203518232545,0.026344267455130924,0.02634445046039851
7,567,0.07792497029774653,0.11278558043876344,0.1313917444470655,0.08156051461282826,0.07270243628379378
1,568,0.04728819821484754,0.05980529861080823,0.060903652042097356,0.04728704241520372,0.047290461573358374
3,568,0.0181830627002628,0.02367667519075914,0.024302891529324855,0.01818467154543417,0.018188309695924696
5,568,0.00039680755507134067,0.000641495151568489,0.0007654076122241974,0.0003968168397568128,0.0003971760432749827
7,568,0.07611091381295247,0.11254898769773979,0.1255224138540368,0.08258784489631492,0.0687418877849417
1,569,0.047780203446213226,0.06002813256786359,0.06058252822077166,0.047788115869223394,0.04777722022634301
3,569,0.021686979095615785,0.027843961749843917,0.028209844277855486,0.02169078227733854,0.02169313988966974
5,569,0.026362340172995324,0.04303470106206848,0.04443889852360529,0.026366899099478872,0.026359173436147403
7,569,0.07062005884459845,0.11062737405605812,0.12679381642610588,0.07674252501400887,0.06463742285316249
1,570,0.04115471318132,0.055640040017743864,0.056362397140454774,0.041163789515859334,0.041153057820237766
3,570,0.02090339264489987,0.027206581552416464,0.028167895662859835,0.020906998123794488,0.020908512014048225
5,570,0.047320367520748606,0.06797276121978194,0.06973443831939873,0.04731632944739123,0.04731313638386418
7,570,0.06368886306461613,0.11020626594065587,0.12801873401392777,0.0656993844988026,0.06274685837942724
1,571,0.028044035640249602,0.042145973291963866,0.0439790468869714,0.028049444643322347,0.02804801908095596
3,571,0.01595568944964665,0.0213842138466308,0.022229398494512775,0.01595747775639598,0.015960409345958212
5,571,0.06061693271480825,0.07930789736212776,0.08095704177414723,0.0606093022834051,0.06060989343962185
7,571,0.05891447304474281,0.1084659252341492,0.1270176870828238,0.0535961412382873,0.06451552801856743
1,572,0.009969753712261858,0.01599824586296658,0.016495499767944687,0.009974046854807182,0.009977872131361833
3,572,0.0076987804210832435,0.01156018468565237,0.012263911903037345,0.007699951116460855,0.007703191115956424
5,572,0.06514647595426343,0.07912809544489516,0.07985452650493235,0.06514019573317305,0.06514516971941993
7,572,0.05925112982097992,0.10603686491884044,0.12949620206177484,0.047547650324463266,0.06866627397669117
1,573,0.01038344724285064,0.016625289135169828,0.01709832624313243,0.010377898527072695,0.01037656945292408
3,573,0.002514288104751087,0.003841055293148461,0.004168291928630091,0.002512578513794818,0.0025129122343026875
5,573,0.06062944521077311,0.07940168005981013,0.08179330960583092,0.06062835521647176,0.06063401242182813
7,573,0.06436918742809948,0.10860396752394168,0.12852553079158088,0.05270137916105391,0.07281746902891259
1,574,0.028376139918279003,0.04253383972142081,0.04424904377858502,0.028365736631440732,0.028375743723589742
3,574,0.011812790727154085,0.016308957019678612,0.016786456734395442,0.011812050072421353,0.011814701122678095
5,574,0.047347934558768366,0.06818126769217901,0.07108801681792365,0.04735146649076891,0.04735347526422096
7,574,0.07114580842263007,0.11184787900504503,0.13187106563727527,0.06449947439520703,0.07519521679759507
1,575,0.04136116974471328,0.05581092679106119,0.0565449955434505,0.041352467366135556,0.041366464041257024
3,575,0.018702781445241942,0.024182870286048447,0.024530616082709972,0.0187047880383458,0.018707757225216858
5,575,0.026422586206335186,0.04345489013110776,0.04642675750252401,0.026425460484395577,0.026426669403893308
7,575,0.07634756154855221,0.11240087505603011,0.13321007043088295,0.07575602671345469,0.07495724963873288
1,576,0.04784299529907405,0.06003278862154478,0.06058137724532942,0.04784388758372149,0.04784559632826286
3,576,0.02179114512334049,0.027676356554686997,0.02790349188764189,0.021795493646257005,0.021797347735656034
5,576,0.0016175976118352488,0.0025498566592877213,0.003061508599121506,0.0016163109856135098,0.0016163062043287456
7,576,0.07795671555295111,0.11293824355625094,0.13361591964032782,0.08215007310197982,0.07218262497467608
1,577,0.047202192130749464,0.05972784608372042,0.060910302514024385,0.04721124868454633,0.04720055934429362
3,577,0.020581083659092253,0.026813442365627153,0.027755153574721306,0.02058503304420843,0.02058670953851594
5,577,0.026350587371377767,0.043483337494784245,0.044419509075813865,0.026357290784725557,0.026347704425278413
7,577,0.07532599005038913,0.11209694345141932,0.12439898787332307,0.08182729665647236,0.06780167334023646
1,578,0.03949768231715503,0.05414289477643727,0.05511049232961762,0.0395062256479813,0.0394986006004282
3,578,0.015263997817754277,0.02053016492847793,0.021289608692154856,0.015266181753816015,0.015269837504774671
5,578,0.04728578322484688,0.06789039988831524,0.0684845768423332,0.047284152828765885,0.04727755827287883
7,578,0.06931157963265683,0.11047853756600322,0.12750861160727087,0.07485416083958155,0.06372671051004486
1,579,0.02547530312253378,0.038915582839455,0.041502275355161614,0.025479507653361946,0.0254814971157943
3,579,0.006792982735217209,0.010311353623033617,0.010938998801110801,0.006795025578837646,0.0067987677691723385
5,579,0.06057847497408842,0.07871270403033795,0.07938636075726138,0.06057268218004966,0.06056855948660963
7,579,0.06249056415612664,0.10967856906579208,0.12659742746392458,0.0633365788144953,0.062454454828951386
1,580,0.006836577529523322,0.011155585715680795,0.01171855543244207,0.0068403949265283225,0.006845008649374265
3,580,0.003543025565034105,0.005426057441196265,0.0058440227483623425,0.0035404409237240943,0.003540086177052202
5,580,0.0651117987412229,0.07837922205891383,0.07916808383292867,0.06510635261057075,0.06510558889947034
7,580,0.05851646623600301,0.10755385430671056,0.1282606258411074,0.051964389833836507,0.06494976746174029
1,581,0.013439651743820311,0.02154824617661529,0.021879651366143456,0.013433897943112309,0.013435577840790474
3,581,0.012648906507234216,0.017259645320819084,0.017456043732346993,0.012647242384968546,0.012648962743053572
5,581,0.06060854698170158,0.07960177802238448,0.08155311235728117,0.06060729058514561,0.060606563736725176
7,581,0.05988018170221345,0.10577140887076784,0.12920321115005154,0.0479840539337303,0.06947471877726757
1,582,0.030802981906445488,0.045339743275936456,0.04634426727801083,0.030792803700760506,0.030806167521840906
3,582,0.019189297188671135,0.02476543199589248,0.025158235220787216,0.019190574665648105,0.01919244806381674
5,582,0.047351713338042445,0.06870042098283144,0.07138377893569331,0.0473535289699951,0.04734974958593355
7,582,0.06558998989497311,0.10906928748768602,0.12673839412972776,0.05486312718154547,0.0735759765874213
1,583,0.04283943640336661,0.05696395780266719,0.05796541826167998,0.042831961868777614,0.04284725377754467
3,583,0.02185370265144808,0.027359736969211845,0.027690907436671717,0.02185729712764769,0.021858161884526415
5,583,0.02648646949511842,0.04418976767002089,0.047510936482353563,0.026486234760599414,0.026482313591361342
7,583,0.07231974426963772,0.11198688992447031,0.13027893071096164,0.06686186554025789,0.07561124219062569
1,584,0.048224981269966195,0.05976052989974629,0.06053842320689779,0.04822696853148706,0.04822878960461997
3,584,0.020214514687908254,0.0263108511059615,0.02718527230501889,0.020217573428937246,0.02021896581674886
5,584,0.0028341763080034143,0.00436106215891441,0.00483323209147355,0.002834052180691004,0.00283277132567245
7,584,0.07699519745883936,0.11227112499556081,0.13233752941792187,0.07732599802854254,0.07486406877409058
1,585,0.046450323192771134,0.05958740397374024,0.06063473635595005,0.04645879581815802,0.04644952594928739
3,585,0.01453233032157414,0.019548359863188532,0.02023427486642583,0.014533974684878659,0.014537898247196646
5,585,0.026444112298069672,0.04432445816273983,0.04673660080177329,0.026454660796383242,0.026448776115193442
7,585,0.07782464869925901,0.11277670031453206,0.13337876983762273,0.08246533828144122,0.07155666691587736
1,586,0.037680341709083916,0.052364395164645285,0.053816649435794284,0.0376865381117652,0.03768196295499152
3,586,0.0058661418210325484,0.008955430830102303,0.009555246649952784,0.005868596747351246,0.005872310232050033
5,586,0.047315459089245324,0.06869786757629932,0.07031563705819209,0.04731613193784874,0.047314029940483844
7,586,0.07443379522482055,0.11204697795251158,0.12688210309187284,0.08082097718701207,0.06683318265719586
1,587,0.022779136094274996,0.035336992463481876,0.038241524275004934,0.022780644642944207,0.022784916749485323
3,587,0.004539391489706709,0.006950251716534671,0.007454478041987305,0.00453593255493793,0.004535067646394349
5,587,0.06057872195878518,0.07950890004107597,0.08028139426471337,0.06057424862853033,0.06057461556274887
7,587,0.06801253257141464,0.11033113885292334,0.12732585617493727,0.07282881936069674,0.06291403212177056
1,588,0.0036243552354842303,0.006044158932673464,0.006461878760571578,0.0036267391087445706,0.0036303602075234407
3,588,0.01345961464903354,0.018195021089072543,0.018533051121274107,0.013456608074003505,0.013457447700160816
5,588,0.06509065856337606,0.077775869887855,0.07798256212747974,0.06508568570092092,0.0650888574809541
7,588,0.061442698433963064,0.10876776690623419,0.1251728159945002,0.06104142935562113,0.06233258306122647
1,589,0.01643588298794447,0.026240745129395594,0.027368888538756162,0.01643029769651966,0.016436023383548107
3,589,0.01964229766301591,0.025424520257744183,0.026091047024392088,0.019642053790031838,0.01964276624498327
5,589,0.060572125387285645,0.07941360394845261,0.07996419747826841,0.060571363388822734,0.06057233357425479
7,589,0.058336412118618314,0.10623824725031544,0.12645625140139657,0.050684316076911096,0.0654894884561766
1,590,0.033103803567129685,0.047491074809030476,0.048862067708970454,0.03309405633700628,0.03311067632409514
3,590,0.021877503096482565,0.02717769619566615,0.02735145035471542,0.02187935241484216,0.021879107503456504
5,590,0.04730299501286803,0.06858540877132782,0.07001312956170948,0.047305166943440745,0.047301364070032596
7,590,0.06064062708250776,0.10614717084315087,0.1292419309310327,0.04882707910865083,0.07028498509903677
1,591,0.04415652381026421,0.057927543873423006,0.0590504337411201,0.04415044772291239,0.04416540978598872
3,591,0.01980762667731637,0.02567845369880307,0.02641829205054481,0.01980885464141641,0.019809747985218243
5,591,0.026424453252002017,0.04424866921166049,0.04641533824974687,0.026424423845477593,0.02641929636048628
7,591,0.06679941871284936,0.110125109765776,0.12692866486668156,0.05712815075094147,0.0742636567963997
1,592,0.04842922013507338,0.05958721592923671,0.06042454409531493,0.048432218046421296,0.04843179885678057
3,592,0.01376315887545166,0.01854907912537962,0.019008828916049467,0.01376353269486471,0.01376734120500081
5,592,0.0027091516449748334,0.004193639747639704,0.0046897603388414,0.002710818947562981,0.0027099333371230897
7,592,0.07337790424593968,0.11195152201234244,0.12973110515103323,0.06909811466403432,0.07591935669415885
1,593,0.04552089865790379,0.05906658700506397,0.05998930300263374,0.045528644966077246,0.04551812042888297
3,593,0.004912151238678257,0.007539269776010191,0.00803895301687302,0.004914492197587034,0.004917713649007067
5,593,0.026486096235518397,0.044087969047439675,0.04750843297588657,0.02649669237144205,0.026492888819794155
7,593,0.07748112963467112,0.1126511323457076,0.12941494372485224,0.07866292005908339,0.07466706430993203
1,594,0.03570198980384915,0.050254638356686615,0.05159056719361099,0.03570628914884649,0.035701297087955525
3,594,0.005503863705894318,0.008427413788381665,0.00899949882407815,0.005499787920795437,0.0054987824243763715
5,594,0.04735987045094814,0.06866946103885076,0.07149467664558264,0.047359982777732346,0.04736126687625071
7,594,0.07754113037515992,0.1128413729003358,0.13126227869594173,0.08252439009597422,0.07086187325877664
1,595,0.01996423009606042,0.0312945078570725,0.03393091291093894,0.019964158384736332,0.01996703270256647
3,595,0.014239564325613168,0.01916260743739415,0.019794359146641315,0.014235344298266239,0.014235515342829564
5,595,0.06061760407284412,0.07957047305588916,0.08172840621434799,0.06061289053570838,0.06061763872982134
7,595,0.07345837125041313,0.11201806982338677,0.1275882878618173,0.07959955577001902,0.06588444965785305
1,596,0.00034554100516221716,0.0005628739431085439,0.0006918389862878825,0.0003473661358964073,0.00034798546746596983
3,596,0.020060251261893213,0.026061084946339765,0.026925769690391947,0.020058396708841596,0.020058030719521783
5,596,0.06511889388730205,0.07853421557289259,0.07939322479951526,0.06511439265465607,0.06512260185232707
7,596,0.06675811261271004,0.1101802326859853,0.12657204774446593,0.07070794275484037,0.06224495717347083
1,597,0.01936292786914029,0.030467129185245405,0.03288237502553894,0.01935608913585756,0.019366630844140097
3,597,0.02186424932514417,0.02721687394165919,0.027575870910948205,0.021864112145395326,0.021862761369196966
5,597,0.060581639262483944,0.07884625161402803,0.07958009266165411,0.06058229674826212,0.06058814013492122
7,597,0.060567355254175656,0.10784680365719712,0.12271380691065391,0.058864968503287866,0.06237321366261298
1,598,0.03526673894779196,0.049774418628436345,0.05111138239624641,0.035256444040894376,0.035275934289189355
3,598,0.019364323240312953,0.02501913079942798,0.025529799040889832,0.019363469631328876,0.01936371593049395
5,598,0.04728378618110442,0.06771109826957812,0.06838763532130834,0.047288740564467344,0.04728886287502978
7,598,0.05836634970660639,0.10517722507529713,0.12763188805048523,0.049779930234822974,0.06610746641339069
1,599,0.04530205502583515,0.05894459424695107,0.05988069579341447,0.045296961598944,0.04531006046162032
3,599,0.012960790136839925,0.017677301681359853,0.017717545226651258,0.012959646933949034,0.012962982705172151
5,599,0.026340305859579402,0.04327019483943029,0.04394509827640935,0.026344267461489237,0.026342187183295483
7,599,0.061507736927801454,0.10726066053477959,0.12983882706832917,0.0500205463585899,0.07107014609584995
1,600,0.04844876887784241,0.059730389098985,0.060335886221573196,0.04845297400019093,0.04844844190983038
3,600,0.003926606467699353,0.006019545652252661,0.006459166409818627,0.003928442660963704,0.00393080296142558
5,600,0.0012987575416708891,0.0020625775335396095,0.002481025953009342,0.0013003498817348855,0.001299954005305075
7,600,0.06797968741661295,0.11093241070778496,0.12740409457134905,0.059440849207677914,0.07486534877130936
1,601,0.04441240975625736,0.05815770913158863,0.05926751098485795,0.04442039497507502,0.04440703347835932
3,601,0.006440212253600808,0.009792830558543054,0.010424269250299108,0.006435991975250873,0.0064352980196615605
5,601,0.026405895531948186,0.04333736704854737,0.04595334975803606,0.02641206901380239,0.02640615641038618
7,601,0.0743154081937272,0.11185237422695417,0.1289509712831037,0.07118922539288493,0.07611716955229499
1,602,0.03356933663307654,0.047938831042940555,0.04935929252181287,0.0335739027576665,0.033566572403640554
3,602,0.014984639901766406,0.020143586139837032,0.020902267507559226,0.014979851310060075,0.01497968080613519
5,602,0.04734411267659508,0.06811444703144065,0.07078450153192953,0.047340757736838046,0.047340152847506006
7,602,0.0778078248600823,0.11248996864615203,0.12703777610077904,0.07976709295930072,0.07437189004587895
1,603,0.017053545432908525,0.02716628138847761,0.028567982605384654,0.017055168889069564,0.01705472688545646
3,603,0.020440610913614893,0.026619842830332044,0.027552938796716313,0.020437782167353015,0.020436549736426855
5,603,0.060629533588608245,0.0793982607890986,0.08162452001828606,0.06062231074316019,0.060625800044505476
7,603,0.07711974256006926,0.11327806713640372,0.12990822985678438,0.08234118434174784,0.07012185226456828
1,604,0.002945127902945602,0.004832629402734235,0.005250802021561768,0.002941376810922854,0.0029432536486205634
3,604,0.021814107150806682,0.027573397618587563,0.027845529749648098,0.021812560122026876,0.021810229639354164
5,604,0.06514888284745035,0.07917158371659504,0.07980781074396184,0.06514297950492752,0.06515088042127203
7,604,0.07242511237894367,0.11199106282465159,0.12801007359579894,0.07819159199550928,0.0649914822964999
1,605,0.022200313255129375,0.03455947680930183,0.03740695903295052,0.022190658060876944,0.022203545789466476
3,605,0.01888776457707439,0.024461248500247827,0.024587545921359137,0.018885340593611216,0.01888489968268462
5,605,0.06062104198286563,0.07935876179510204,0.08124985751448188,0.06062077777186629,0.060628462997958606
7,605,0.06558012427286297,0.11041396266975026,0.12626810770870606,0.06853668984061538,0.06174628762404607
1,606,0.037278394994814036,0.0519370667194319,0.05344148679860585,0.037266704945415154,0.037286679117174766
3,606,0.012131069203384715,0.016643206792960778,0.017043538386226603,0.012128729316213161,0.012131329857888977
5,606,0.04732644663878094,0.06797326942006847,0.07018137484226196,0.047331315320301125,0.04733437476780702
7,606,0.059881623240134095,0.10732498140928579,0.1252683771893609,0.05687230376368339,0.06256201979789804
1,607,0.046269383255354235,0.0595075446929893,0.060499263850414806,0.04626481817118213,0.046274845234413636
3,607,0.0029080734236575823,0.004457291328741596,0.004806135179309177,0.0029092280458514683,0.002910574865915569
5,607,0.026375977301890282,0.043141593686844636,0.04506884835485373,0.026380623850334593,0.026382124013355424
7,607,0.058589811391872935,0.10389234554686848,0.1281744329818551,0.04927410503010495,0.06677389590927105
1,608,0.04828300554043286,0.05970876212122503,0.0605245208033792,0.0482882309099145,0.04828032790607194
3,608,0.007354156561565274,0.011093155108686956,0.011788880545137216,0.007350323524978937,0.007350424239728644
5,608,0.0007588738979338874,0.00122092992224263,0.0014595949284286135,0.0007579943072911921,0.0007587369885066993
7,608,0.062454786467426304,0.10831831548788882,0.13175771461679178,0.05150735045792463,0.07180468720647132
1,609,0.04313030691620037,0.05716870683139298,0.05824466965257632,0.04313869038020029,0.04312481301676931
3,609,0.015692136204992695,0.021069333414629677,0.021902903652753575,0.015687698086469023,0.0156877244315144
5,609,0.02633785979476261,0.042921297235672756,0.04317285001389162,0.026342815541444593,0.02633333979898299
7,609,0.06911223657593174,0.11160455073311355,0.12940250944177337,0.061749820419975864,0.07536600486310954
1,610,0.03129526914796492,0.045799372140749875,0.04685672259561137,0.03130059872598903,0.031293778572426406
3,610,0.02078014299637234,0.027065477284485,0.028038922920356372,0.020777415700982526,0.020775878264739388
5,610,0.04729458480436343,0.06768116268434508,0.0684302700120502,0.04729130930179506,0.04728526390622346
7,610,0.07512490291402663,0.11187007194317766,0.13030841132213675,0.07310523538746778,0.07620269351129633
1,611,0.014069436403827039,0.022645973737141216,0.022947321678953074,0.01407305283095833,0.014072742260533087
3,611,0.021725568663373284,0.027802357294942077,0.028097287429973916,0.021723724122264764,0.021720911758146444
5,611,0.060594374097462586,0.07909570518689557,0.07996078830569532,0.06058737085318079,0.06058424689726168
7,611,0.07797851485723968,0.11261352036847534,0.12820852265718596,0.08062467438889445,0.07398899266452143
1,612,0.006174630075574075,0.01007830670362549,0.010644151802442705,0.006169455787551898,0.0061697753196951095
3,612,0.018379723551741774,0.02384033806988452,0.02440088118023406,0.018376785384791306,0.018375916523983096
5,612,0.0651301017881786,0.0787695857781637,0.079669312363033,0.06512414588649956,0.06512478328227642
7,612,0.07657474893571092,0.11334132900690654,0.12988430332955017,0.08191652187944122,0.06936543390671797
1,613,0.024922821143386457,0.03818136883914286,0.040913421915987076,0.024911690998790145,0.024923072227753786
3,613,0.011280747470848734,0.015767490426356896,0.016320715040141303,0.011277982910380879,0.01127982311615877
5,613,0.060623982265041225,0.07954265117366893,0.08190249197573742,0.06062283527470982,0.060624066396179906
7,613,0.07135937821808956,0.11211051157974904,0.12763775844485373,0.07661923212968082,0.06419404763059491
1,614,0.039129633717592975,0.053800397102064336,0.05487657927038615,0.03911821590385071,0.0391351876253732
3,614,0.0018593071603999118,0.0028339991750072346,0.003083085233877106,0.0018598411663725254,0.00186028076673677
5,614,0.047359202101967805,0.06851489295052378,0.07154477250871803,0.04736194788930901,0.047360038911027684
7,614,0.06450371566797033,0.11024026403034805,0.12802942957702595,0.06636399923928565,0.06143467551085401
1,615,0.04705840135751541,0.05968989428963896,0.06090255793100229,0.04705578271622349,0.04706096497233976
3,615,0.008251964902599405,0.01229382415120331,0.01299034016322654,0.008248936394228029,0.008250201717678549
5,615,0.026471556346257683,0.04390286295451262,0.04735773802536316,0.026472883102888988,0.026470753006839588
7,615,0.059392544214290355,0.10701703285676853,0.12708439686035108,0.05512600080299132,0.06288208789616423
1,616,0.04793805378399128,0.06003676472318638,0.060557179890974075,0.047945178771753354,0.04793439918075286
3,616,0.016360769049969085,0.021865059183759906,0.02271223343680155,0.016357524749509262,0.01635844295680504
5,616,0.002433412751019555,0.003740765929939766,0.004360527654453291,0.002432470080863114,0.002432376134370161
7,616,0.05897882941415484,0.10337763552612152,0.12662758752064973,0.04917325296191229,0.06745476269164001
1,617,0.04168515448465788,0.056053581779537766,0.056878301219941245,0.041694362555419556,0.04168185305674158
3,617,0.021075445091027052,0.027367279252889773,0.02833016351253452,0.02107387179937737,0.021072954666690256
5,617,0.02639773746967581,0.04406172680006042,0.04582082459033713,0.0264065537744779,0.02639921166980959
7,617,0.06344774241805944,0.10846854239494648,0.13370935404226814,0.05321837551949636,0.07246146559828952
1,618,0.02889377648720456,0.04316122522631306,0.04467083903373186,0.028899785305359443,0.028895923437010602
3,618,0.0215956889272062,0.027853038728075496,0.028350416477053865,0.021594675417879003,0.021592314181344444
5,618,0.04729507580586761,0.06840122603531698,0.06949591350809818,0.04729466404012771,0.04729041377885477
7,618,0.07017350302121293,0.11205811231808463,0.13186624950700224,0.06399849739466533,0.07574948464554616
1,619,0.011025212343480993,0.0176334412693228,0.018089457636208256,0.011030165159479797,0.011031999506734651
3,619,0.017840126254582128,0.02337773094731081,0.024091139565662025,0.017837798477942923,0.017837153543093676
5,619,0.0605715761556568,0.0792409474866425,0.07954952744369377,0.060566329209465974,0.06056423159319364
7,619,0.07579508951849168,0.11178901285998441,0.13207446113423982,0.07480734884444294,0.076176238906234
1,620,0.009323347971836714,0.014975072739026018,0.015491647772707041,0.009317073388065224,0.00931664225098418
3,620,0.010416353311578216,0.014847364883116101,0.015503955227420362,0.010414032295435707,0.010415462506539035
5,620,0.06509430632799948,0.07792739305668105,0.07829721251020268,0.06508877736879917,0.06508950565371228
7,620,0.07799515509775647,0.11240790625810504,0.13118332361054102,0.0812138643277023,0.07353777774047729
1,621,0.02751744393649302,0.041482541074014105,0.043481997919325575,0.02750598997111999,0.02751670262039645
3,621,0.0007880521303424732,0.0012019516689096002,0.0013246206479654297,0.0007882535610946816,0.0007880212795634856
5,621,0.06058553680071008,0.07957034310503841,0.08076033784032231,0.06058418371695794,0.060583457863957135
7,621,0.07591931129581951,0.11327518883050955,0.132462237859378,0.08124553247982863,0.06863017937298686
1,622,0.040819221233349835,0.0553797849404422,0.056053785623426576,0.04080921271948401,0.040824034529925106
3,622,0.009138906803421396,0.013398352408175253,0.014118573370546873,0.009136895337911243,0.009139348183168501
5,622,0.047326737603205785,0.06878800062761176,0.07074469540917669,0.0473282635543357,0.04732338587911733
7,622,0.07028630079790055,0.1121160335857777,0.12956105423142036,0.074900676347493,0.06354213581094312
1,623,0.0476722587965703,0.05997523901385959,0.06063904528054154,0.04767220522049753,0.047674142352428166
3,623,0.016990634165438695,0.02257991428412112,0.023393226480144188,0.01698909807157392,0.01699136937607141
5,623,0.026465503635107315,0.044367016412743966,0.047132585369124215,0.026464745875592204,0.02645897611009643
7,623,0.06354798411831904,0.11009476284492474,0.12800406504865877,0.06423020188027397,0.06132796264425572
1,624,0.047419026988461045,0.05988189371083909,0.060849200687258284,0.047428116114471605,0.04741615168412925
3,624,0.02132377375576093,0.027571386443634688,0.028460737828556536,0.021324023209084424,0.021324525985687973
5,624,0.0029421322093776477,0.004526589531652122,0.0049274509767407056,0.0029433333288147886,0.0029419406460201645
7,624,0.05909723261453734,0.10552292615825654,0.12703657639858612,0.0536674547881799,0.06332456224503391
1,625,0.040082138162710994,0.05469232409887394,0.05551738613983489,0.04009168670453219,0.04008151335159813
3,625,0.021420949790234393,0.02770655643488851,0.02846673057637622,0.021421485325579828,0.02142050248072319
5,625,0.026483288663865873,0.04430526338236859,0.04739147158940196,0.026494727220185234,0.02649090419404765
7,625,0.05950642317934308,0.1039848398049985,0.12617657177847721,0.049465335504571425,0.06812877251534671
1,626,0.02636819170218234,0.04004018020166329,0.04239538923373279,0.026373802727628907,0.026373193935099657
3,626,0.017267150765556825,0.022842848137363436,0.02364467874291621,0.01726616389351926,0.017266552279962485
5,626,0.04734432393871454,0.06875358820918477,0.07111035211963904,0.04734517481175186,0.04734590125465159
7,626,0.06446167562714984,0.10939881892026349,0.13314155736807726,0.05510261489592042,0.07302223301292407
1,627,0.007916925800132098,0.012797987671249872,0.01338352076897072,0.007921996014989807,0.00792504682756649
3,627,0.009542732606081565,0.013884938823290793,0.014580791897802599,0.009541430980960993,0.009543131246751638
5,627,0.06059929172627703,0.07957662434503014,0.08119523557216807,0.06059490726875614,0.0605985418462774
7,627,0.07115089842880229,0.11234687775243918,0.13382368140741466,0.0661709652737031,0.07599985342093833
1,628,0.012400891852479895,0.019797141319810134,0.02017725776868277,0.01239406912339885,0.012396021167170987
3,628,0.00029364315980846974,0.0004426625724731889,0.0005056228747819567,0.0002933390188755542,0.00029393238644044405
5,628,0.06510171736510707,0.07812013777325605,0.07875488087822557,0.06509704403880759,0.06510360550464354
7,628,0.07632531771396067,0.11193290820165976,0.133482983509161,0.07630246300114224,0.07602936898249606
1,629,0.029986474938847617,0.044459398942201966,0.0456195540882313,0.029975111991577083,0.029988551746950833
3,629,0.01001767869336217,0.014419034710608163,0.015092634813790046,0.01001664317653417,0.01001983565591658
5,629,0.060570568724774454,0.07892255984422857,0.07927729175942222,0.06057066515291592,0.06057439025274577
7,629,0.07787049794606689,0.11256941744356444,0.1331408156020846,0.08155666118793985,0.07302425381250204
1,630,0.0423512159288639,0.05656713844515909,0.05748582394850275,0.042342528420220446,0.04235826954026189
3,630,0.017582967492713403,0.023141942028233616,0.02390252715372805,0.01758325097173068,0.01758663130726293
5,630,0.047284106540093185,0.06813221525426752,0.06894221078755147,0.047287829700731816,0.047285822527074785
7,630,0.07517702517090333,0.1132388913929108,0.13358448600754425,0.08035840649451487,0.06793885476791953
1,631,0.048113666826455445,0.059897779832272534,0.0605102768842229,0.04811510342333892,0.048116973635937005
3,631,0.02152393813775066,0.02780777244952897,0.028425959137604075,0.021526211203161224,0.021528096573242783
5,631,0.02636912670286298,0.04379608796449315,0.04514242427123514,0.026371154877756833,0.02636712170360543
7,631,0.06923964067588886,0.11188005122629474,0.13258657786262715,0.07307493927176208,0.06307123712363562
1,632,0.04672706163360434,0.05958805344945545,0.060807956963115944,0.04673614553954037,0.04672570825700129
3,632,0.02119856653161656,0.027440189977208103,0.02841063437179583,0.02120086662057322,0.021201471552766412
5,632,0.0020631267817720475,0.0032039750329395916,0.003821299531092527,0.0020653367537988754,0.0020642432479143747
7,632,0.06273616299879099,0.10923019504635936,0.12634844067756074,0.06218187013451757,0.06142996805255944
1,633,0.03832005948103429,0.052988729043513996,0.05437385554918566,0.038327748348118425,0.03832116747569497
3,633,0.016658010378607317,0.02222762257203401,0.023039283213238445,0.016658572135670305,0.01666042807007777
5,633,0.026451878345356675,0.04366218486582466,0.047001065040066896,0.026460451899394298,0.026455996219309153
7,633,0.058993692266538965,0.10409440611700908,0.1254851606198665,0.052514425497746015,0.06388300012156493
1,634,0.023715505569504806,0.03654896329537436,0.03946717999778859,0.023718736900608477,0.02372116789223266
3,634,0.00866172192381863,0.01282006550385176,0.013513481652305065,0.008661639305334522,0.008664220659064215
5,634,0.04735981850039428,0.06833090933172274,0.07141365904916872,0.047358018237633095,0.04735924979836861
7,634,0.06015232411480875,0.10465629364376369,0.1264481680545145,0.05010587641275034,0.06878196749196934
1,635,0.004732189285752777,0.0077866158249249055,0.00827759225666045,0.004736038809980089,0.004738712946876913
3,635,0.0013706356224645732,0.0020868199994821895,0.0022796359763917152,0.0013698195353757155,0.0013703856564719044
5,635,0.06063106559154948,0.07946574343018652,0.08192979491809603,0.06062490336464063,0.06063022986149856
7,635,0.06548001617730659,0.11018687811721742,0.13173444513666982,0.05709961204004773,0.07347838723725288
1,636,0.015417907350532058,0.024803570682540077,0.025387447006533795,0.015411311482546463,0.015417144519853978
3,636,0.010887431948887862,0.01535643656768186,0.015964943151174322,0.010886982867947073,0.010890181395132835
5,636,0.06513984532725953,0.07897669733616118,0.07982833701523785,0.06513458727908737,0.06514411140614483
7,636,0.07203834436342205,0.11238815199702597,0.13286933990912794,0.06824706575601608,0.07611182275335272
1,637,0.03233135233064682,0.04677341156561659,0.04803284524674513,0.03232050933794572,0.03233758917888347
3,637,0.01813953398945193,0.02363935314697326,0.024279108330186566,0.018141248206514003,0.018144876933143442
5,637,0.06060407023939586,0.07924039063701346,0.08044741245750263,0.0606045398280625,0.06061269966870062
7,637,0.07671662223960439,0.11216150245850322,0.13233331776928997,0.0775948136904196,0.07575872282350918
1,638,0.04372448578129925,0.05762590511151459,0.05869824265221044,0.04371726249273044,0.043733582209348566
3,638,0.021676672527664493,0.027852132740245627,0.028230675017856064,0.021680610946541185,0.02168301560615849
5,638,0.047302573886850406,0.06787973647097895,0.06898252900447141,0.047308161424603576,0.04731084046900641
7,638,0.07761327677067295,0.11265522182483609,0.13360370760923457,0.0816718314854839,0.07244933703807058
1,639,0.04837956271408291,0.059536909243584714,0.06047317571879652,0.04838207096204891,0.04838276728353845
3,639,0.02092752497249652,0.02722374547392209,0.02819206073098331,0.020931243464595163,0.020932852875637356
5,639,0.026343180974080112,0.04286812911806146,0.043382200822858645,0.02634847500865979,0.026348986292335935
7,639,0.0743630227551456,0.11305497388428559,0.13322848228149256,0.07928245374706155,0.06729709106007664
1,640,0.04585876014749444,0.059276991318197005,0.060212480679795156,0.045867084837170634,0.04585645621352562
3,640,0.01601001845236287,0.021451900361471092,0.022294881750020878,0.016011831588177726,0.01601498357668664
5,640,0.0001831507380597965,0.0002951667227991041,0.0003534654913627772,0.00018309208920135292,0.00018330958927429672
7,640,0.06823764775920678,0.11203040607792723,0.13376349906364937,0.07117433492797126,0.06277968884919066
1,641,0.03639640020361834,0.05100879703985611,0.05245075346313663,0.03640185159475809,0.036396133005614784
3,641,0.007771487038223565,0.01165625195927717,0.012360923794165493,0.007772589551332322,0.00777614590426787
5,641,0.02635483090975421,0.042970773890092163,0.0440556309652855,0.02635939079431558,0.026351078121362816
7,641,0.06207365256403589,0.10815408885381943,0.12504206843215926,0.060255122800334945,0.0617073433944631
1,642,0.020939126042549803,0.03274788673555205,0.03554281798117984,0.02094012561118493,0.020942448448840516
3,642,0.002429614379052294,0.0037077148202725573,0.004025943930537228,0.002428022936091034,0.0024281104951576374
5,642,0.047314952589830005,0.06794084208483568,0.06945912005179973,0.04731078154140466,0.047306948623123166
7,642,0.059064262323596795,0.10289377087468791,0.12741280957479742,0.051670962276905326,0.06452380138734008
1,643,0.0014720567031243235,0.0024339217236364597,0.002697492486665561,0.0014748089264880488,0.0014749389448096462
3,643,0.011744150721194394,0.016241078293885314,0.016727875153394595,0.011743557213397964,0.011746120473181392
5,643,0.060613106885598775,0.07929332670869398,0.08077309393165372,0.060605230302110694,0.060605173560989704
7,643,0.06089476292590238,0.10590909403868604,0.12800284697680447,0.05104955299861876,0.06939860679827399
1,644,0.01837050085661518,0.02910698777732433,0.031059567545234968,0.01836339567697942,0.018373907124289848
3,644,0.01866195200234644,0.024130973233183126,0.02451635348134575,0.018664152062760744,0.01866715121681123
5,644,0.06514442883517459,0.07908078177412603,0.07986010190009457,0.06513789533128876,0.06514229350191522
7,644,0.06648878477711803,0.11069058084932175,0.12875225284624142,0.0591559720261095,0.07383186952786149
1,645,0.03454309750259026,0.04890433351883,0.05038492276745591,0.03453240521700839,0.034552254740440436
3,645,0.02178434231115567,0.027696659936654038,0.027912803197087607,0.021788934786710443,0.021790890863582126
5,645,0.06062981028574698,0.07942274287608571,0.08186283604704886,0.06062860406469013,0.06063377780113773
7,645,0.07283091425770334,0.11209280184054918,0.13077491555003,0.07019853891238285,0.07609526700531824
1,646,0.04492981519012426,0.058663018016153826,0.05962438650178188,0.04492420158851257,0.04493850107176592
3,646,0.02060895244193474,0.026857305954422987,0.02779641448877083,0.020613120848885943,0.020614963543651336
5,646,0.04735158004314856,0.06825132565123657,0.07123081911631776,0.04735503642012529,0.04735656244654554
7,646,0.07697041471314778,0.11202034264295797,0.12997850377317255,0.07867223465512789,0.07537615967153731
1,647,0.0484627890599254,0.05979336941818807,0.06012828083253163,0.04846693549429765,0.04846323887036998
3,647,0.015321617304997035,0.020596627469727652,0.021371904160898455,0.01532391989519623,0.015327875779011107
5,647,0.02643316991357113,0.043521579730918254,0.04666431702263652,0.026435839365002222,0.026436657310250227
7,647,0.07723199245792974,0.11275293043602093,0.13191539310758138,0.08156060727415375,0.07182601778158453
1,648,0.04481129416385549,0.05855008415616472,0.059546767175314146,0.04481995347321983,0.04480605286493455
3,648,0.006867113283570796,0.01041706292182344,0.011048599679596295,0.006869160198749061,0.006873285816437649
5,648,0.0017907501387509697,0.002807597962001656,0.0033660956040302884,0.001789457845152076,0.001789335302381056
7,648,0.07349400774751287,0.1131792806034491,0.13048778311238057,0.07803581219455216,0.06671645723169649
1,649,0.03431530706555908,0.04869142758269543,0.05016122940746108,0.03432063844139221,0.03431225038345714
3,649,0.0034608503414112427,0.00530155630864506,0.005706827391735245,0.0034583325626867225,0.0034577167095058473
5,649,0.02635717292642896,0.04359682213022757,0.04469028892868718,0.02636448060933241,0.02635483545833599
7,649,0.06729842832171122,0.11190998636519302,0.1334049289011912,0.06923760421438707,0.06265978596457265
1,650,0.018058339674064304,0.02864845638796516,0.030488622352342405,0.018060192367607125,0.018058930608022963
3,650,0.012582039433749482,0.017170438579682368,0.017400294371172954,0.01258050718973322,0.01258212088238885
5,650,0.047285846176540657,0.06798776377481236,0.06861199036054483,0.04728443279351221,0.047277867928895365
7,650,0.061565683281729344,0.10763999156524956,0.12678892152303847,0.05850421392067437,0.06212816536579003
1,651,0.001824715545006637,0.0030198421311319504,0.0033124828538723867,0.0018207325364069128,0.0018239961761289851
3,651,0.019151125667124454,0.024720126100365745,0.025073772340600924,0.019152618199762345,0.019154510534494355
5,651,0.060575975658969904,0.0787341013216466,0.07930044862372929,0.06057011351559501,0.06056604306395348
7,651,0.059288633888501384,0.10271944177608044,0.12733398454279457,0.051153900203405475,0.06521517698550638
1,652,0.02124141869357341,0.0331003000438508,0.03598905319243527,0.021231817309952217,0.021246096236348003
3,652,0.02185012726281802,0.027391817923517848,0.027714461269917827,0.02185400408842282,0.02185496967618899
5,652,0.06510783621071867,0.07827936558467975,0.0790227658347316,0.06510213044676123,0.06510146364570751
7,652,0.061708659642175395,0.10698887264651086,0.12870158760345113,0.05225138361780447,0.06996950256040962
1,653,0.03660780786102219,0.05125554814805559,0.05269565771047245,0.036595826793891374,0.036617525225227716
3,653,0.020245808253652273,0.026346180891295024,0.027236287980466553,0.020249123659825924,0.020250709970751908
5,653,0.060604310167992094,0.07957147742963316,0.08143147124506053,0.06060289439993604,0.060602048630513834
7,653,0.06746664190594329,0.11124874995267604,0.1270201230948457,0.06121698237948747,0.07408780975467474
1,654,0.04595837776448162,0.05937963873946237,0.06028778961211717,0.04595334674890769,0.045965321131769536
3,654,0.014593110906913549,0.0196302837902486,0.02032353699704251,0.014594912531285288,0.014599191970156796
5,654,0.04734813121571457,0.06872166572916502,0.07129553832650684,0.0473497838972373,0.0473456499075674
7,654,0.07351750012729319,0.11200347551959605,0.12965864480892092,0.07198571172645388,0.07596644317881811
1,655,0.04835993705381038,0.05959357140265713,0.06048015717825946,0.048365163479380496,0.04835792720630749
3,655,0.00594221389532114,0.009065553883803536,0.009669290697133877,0.005944726993730296,0.005948872679479137
5,655,0.026485806636625153,0.04426167893321346,0.047483363957730465,0.026485246506745667,0.026480873549182663
7,655,0.07708617083726159,0.11225996005305797,0.12721685707637267,0.07950920959504379,0.07490380326736715
1,656,0.04358746764879962,0.0574781526236638,0.05860086963946148,0.043596485902122915,0.04358133258863577
3,656,0.0044598635240890045,0.006837478015476367,0.007324230665085761,0.004456406874897645,0.004455248529580975
5,656,0.0028868205306339123,0.004420472554978485,0.004887361457083537,0.002886953083002059,0.002885365452811624
7,656,0.07673709513260027,0.11271604155278613,0.13032992632253274,0.0812133208934604,0.07118361886123929
1,657,0.03208784476307944,0.046524551997300025,0.0477678889216823,0.03209382878610848,0.032085000357017425
3,657,0.013394994596310673,0.01812288364627842,0.01842661733636623,0.01339204651224803,0.013392743521642436
5,657,0.02645351888081294,0.044368965268475,0.04689914533553345,0.026464811235428248,0.026459017881338823
7,657,0.0725918184219578,0.11315037265556928,0.12808099782140808,0.07663167616192469,0.0662295823953591
1,658,0.015097178676792507,0.024284344461238897,0.024784567985661508,0.015101172244469718,0.015098766037071137
3,658,0.01960685117919882,0.02536445732213844,0.026019661472048438,0.01960675961241509,0.01960745695726743
5,658,0.047320893954500745,0.06875870766944933,0.07048094048917394,0.0473217947667663,0.04732012577945698
7,658,0.06643856787315178,0.11166058369822665,0.13113608799113283,0.06730137775499817,0.06271221842218962
1,659,0.005078968691743102,0.008335682575979872,0.008832757404638443,0.005073115607155311,0.005076102463565755
3,659,0.021876951533008452,0.027162522489006864,0.027383138807020393,0.02187902507061553,0.021878855427520407
5,659,0.0605817775410743,0.07954590751576918,0.0804621328217067,0.06057725744977347,0.0605782726249448
7,659,0.061208989573494306,0.10767502202334174,0.12738372345979201,0.05696232202472516,0.06267167141614849
1,660,0.024005681256108073,0.03697668273164309,0.03982892159181786,0.023993847591023867,0.024007882212764974
3,660,0.0198420069086731,0.025740524713073195,0.026488061988034307,0.019843435398256188,0.01984453072108591
5,660,0.06509143266755019,0.07785025038940023,0.0780530999227884,0.0650863031300372,0.06509027877449988
7,660,0.05963551716258729,0.1027341699094581,0.12597435532448592,0.05096315335981487,0.06592190505602982
1,661,0.03851460992748664,0.05320169033508726,0.0544995542464096,0.03850214285251865,0.03852195630179774
3,661,0.013826818379849868,0.01863047109596199,0.019108371098578734,0.01382731460323926,0.013831516941671144
5,661,0.060570438760198714,0.07936006766151728,0.07978420635042834,0.06056971704276477,0.06057129414145246
7,661,0.06256137072634667,0.1077664719486133,0.1290768286087011,0.053668530238723026,0.07046936973346604
1,662,0.04680827056868091,0.05962715430226649,0.060836903639771844,0.046804603733047824,0.04681227359422759
3,662,0.004990603922129079,0.007658839717472079,0.008160461409579435,0.0049930196712624645,0.00499670136322512
5,662,0.047298246868984276,0.0685056077014247,0.0698276100228221,0.04730059942753111,0.047297080947695816
7,662,0.06839049965824005,0.11154978537249985,0.12811276470828503,0.06325408643301418,0.07422462895218519
1,663,0.04807567418349872,0.059956724380857127,0.06050894564953205,0.04808241968779641,0.0480722938269944
3,663,0.0054268112283976195,0.008310286819699602,0.008874716819823682,0.005422671517254012,0.005421342713808826
5,663,0.026413792826720153,0.0441836903201073,0.04620712014564295,0.026413889374931797,0.026408902735090622
7,663,0.07409301609847896,0.11189967314598241,0.13049896839322933,0.0736046722139499,0.07571479978940561
1,664,0.04219721386576474,0.056436035070386144,0.057355778509358926,0.04220690785184673,0.04219281752976986
3,664,0.014177589921018224,0.019078085490801068,0.0196941374528244,0.014173319912340911,0.01417331235658161
5,664,0.0026183199171249715,0.0040547873416886615,0.0045785489166836795,0.0026201223969922814,0.0026191855440581596
7,664,0.0770794059978442,0.11215260652550735,0.12817074321856906,0.08012258797529319,0.07434815108909387
1,665,0.029729001413057933,0.04414906077727115,0.045399109605474545,0.029735819903486293,0.029729440715084352
3,665,0.020027701148676687,0.026021757877864874,0.026864791545446264,0.020025874817030425,0.02002545538753224
5,665,0.026482690453414608,0.04399667396502609,0.047474644993692715,0.02649354879825221,0.026489378173297624
7,665,0.0761606561219359,0.11298007715459103,0.1297381869006834,0.08066067360435815,0.0705478221716624
1,666,0.012073108590912544,0.019287639571036703,0.019688022003455815,0.012078791957808241,0.012078242700570412
3,666,0.021866641164732446,0.02718797329899061,0.02754957810408368,0.021866594509457073,0.021865286918399195
5,666,0.04736163751618986,0.06860914727805512,0.07153238477901563,0.047361628907424895,0.047362916145115806
7,666,0.07170118448640268,0.11312366669212706,0.12807069121105566,0.07511363241696015,0.06587732031094663
1,667,0.008255214983801513,0.013331043052270739,0.013876000726512648,0.008248286161539874,0.008249485697821902
3,667,0.019401493010921308,0.02506862918055591,0.025605079504127423,0.01940070974021527,0.01940115473329417
5,667,0.06062114461693976,0.07956652317244954,0.0818084418707344,0.060616172431738856,0.06062123951337735
7,667,0.06569296076008398,0.11102752442149096,0.12988194102130599,0.06541776051158037,0.06294936678972582
1,668,0.026644394396221592,0.040444029725125695,0.04266493798246337,0.026632089306081755,0.0266443131888352
3,668,0.013026913301423594,0.01774652204991707,0.017813000624860652,0.013025797197035392,0.01302954622806827
5,668,0.0651230742686435,0.07862172618636089,0.07950744323117094,0.06511835002714488,0.0651272114352004
7,668,0.061011491117975554,0.10683331486898374,0.12568622621835202,0.05565661021300036,0.06333638518773133
1,669,0.04025922868981504,0.05488421485028009,0.055638929160325444,0.04024818472596985,0.040264588286305844
3,669,0.004007696809925076,0.006145666864351491,0.006586597133652533,0.004009585109852378,0.00401240943698118
5,669,0.06058529752113209,0.07895575169584707,0.07971013834423749,0.06058599839334479,0.06059261610637533
7,669,0.060088332012171494,0.10360773576628012,0.12403840769684396,0.05108681696837262,0.06663233604114693
1,670,0.04748172010293251,0.05987334778110198,0.060801012429321795,0.04748096722268084,0.04748383557761743
3,670,0.006365248521190539,0.009690781302234788,0.010310603525346624,0.006360916994661766,0.0063598792582221205
5,670,0.047285753463481524,0.06762861506437326,0.06837483669499174,0.047291017282002794,0.04729176484234734
7,670,0.06343194198249497,0.10863312049466804,0.12816870367935626,0.055260695938820464,0.07089579575673728
1,671,0.04761591920002228,0.059966421894966704,0.06069247968691003,0.047625234389710676,0.04761250816327251
3,671,0.01492560548714423,0.020063096829929076,0.020816594908149445,0.014920663416235698,0.014920278019835663
5,671,0.026337349075804355,0.043141734983446,0.043663791250290476,0.026341704978713205,0.02634018271014899
7,671,0.06924532502532905,0.11157856892960845,0.12634789896817988,0.06525317175872278,0.07424374030298887
1,672,0.040648134380000686,0.05521506394417624,0.05593315680265864,0.04065885739925452,0.04064631255981201
3,672,0.02041120839716486,0.026578854716482296,0.027507541029117025,0.020408273381454737,0.02040693875794191
5,672,0.0011040690421475399,0.0017663852800375174,0.0021165356392954422,0.0011053419831784758,0.0011052203985228491
7,672,0.07455030863414436,0.11174689334645994,0.13314481692204752,0.07505797618171917,0.07534446399993672
1,673,0.027246145750227376,0.04119717128577889,0.043242915755968905,0.02725328886631621,0.0272499445208276
3,673,0.021819504880261225,0.02754747407295296,0.027829461349058133,0.021817892852655833,0.021815558699905375
5,673,0.026395211519015242,0.043251113583422554,0.04564441414825413,0.02640131262423657,0.026394605709626703
7,673,0.07695538280254763,0.11213428445431309,0.13106885682694167,0.08052569731956156,0.07371794729640023
1,674,0.00898804013906736,0.014497473199645007,0.015006727994632301,0.008994463535665602,0.008995511677242942
3,674,0.018927521409352437,0.024520682163657576,0.02459817323617191,0.01892501110433871,0.01892474632861516
5,674,0.04733922365138805,0.06805217317738997,0.07057806937480994,0.04733564295824731,0.047334334107135945
7,674,0.07551742196980857,0.11320772230536964,0.12853922224713094,0.07991922369746012,0.069927244245996
1,675,0.011355475365570399,0.0181471309924098,0.018577197165787013,0.011347658235116239,0.011350322855560367
3,675,0.012199141667833315,0.01671522604773784,0.01709585401857067,0.012196705682218187,0.01219971307768145
5,675,0.06062760656709332,0.07940448128251097,0.08150019882411517,0.060620051722828465,0.06062299822910281
7,675,0.07084409360648906,0.11279758139612368,0.12886451953229489,0.07350184644173352,0.0656598161192212
1,676,0.02915591613203445,0.043545761073516764,0.044884639774988265,0.029143568906209606,0.029157494437661174
3,676,0.0029917754932202315,0.004584515800595663,0.004938095324247995,0.0029929322509369967,0.0029947169660925594
5,676,0.06514940589449428,0.07918292877519645,0.07976175961324916,0.06514319510632567,0.06515079757768719
7,676,0.06507401340368035,0.11024600016598919,0.12956335208010952,0.06360946824799399,0.06333866786361743
1,677,0.04184490448829555,0.05617247232304974,0.057012909602951425,0.04183531657357396,0.04185177257082516
3,677,0.007280786687721414,0.01099305023956626,0.011681413517834449,0.007276831073052677,0.007276583650398962
5,677,0.060623909672276176,0.07936407626976276,0.08140199156878893,0.06062349369293423,0.06063116342450416
7,677,0.060964448606393475,0.10629560360986678,0.1266145541712349,0.054578640349261624,0.06408731901514554
1,678,0.04798223791181221,0.06001427383820226,0.060544909269450414,0.04798348431786427,0.047985507409908264
3,678,0.015636223197377144,0.02100098837853391,0.021827442238336252,0.015631575001298914,0.015631348548677284
5,678,0.04733187225397845,0.06800761797754702,0.07042035294554472,0.047336684565932444,0.04733979591561511
7,678,0.060629599922019176,0.10468430751061067,0.12354782708860483,0.05148201817979424,0.0673250697057401
1,679,0.04698347134116984,0.05962491636209529,0.06088419249454186,0.04699357237008892,0.04698185970779483
3,679,0.020754185070677424,0.027031022090219486,0.028006982159572546,0.020751265746572305,0.020749559300256803
5,679,0.026385964472195038,0.04320593526659343,0.04541312178615186,0.026390464489646943,0.02639215971452116
7,679,0.06430246644632294,0.10932474490407625,0.12621232267618088,0.05695870264721324,0.07124771504191102
1,680,0.03894099337369595,0.05364134698706271,0.054763392332377446,0.038950647773654555,0.03894169459864948
3,680,0.021734176278942887,0.02778775899531187,0.028069534770503883,0.02173215707416252,0.02172926939817817
5,680,0.0009636466321223269,0.001539430849124335,0.001849343812117409,0.000962478994067997,0.0009632163229354376
7,680,0.07001787527607355,0.11141930583610611,0.12761226842625878,0.06716514862873794,0.07415657695698469
1,681,0.02463726731941032,0.03780223439639403,0.04061357785429767,0.024642677210693586,0.024642756382126728
3,681,0.01842200732226688,0.023879905285577565,0.02441997602449819,0.018418862263888298,0.018418120577359177
5,681,0.026338132222358052,0.04304931052147458,0.043462308000894775,0.02634365602577034,0.02633353211362066
7,681,0.07487805190388296,0.11141691117155257,0.13375130607032357,0.07631133817819082,0.07486965345669337
1,682,0.005830604929561879,0.009517329802503586,0.010096578224276875,0.005836231217898743,0.005837457175328071
3,682,0.011350224182525754,0.015841911173530697,0.01638125841658666,0.011347259915576108,0.0113494686349176
5,682,0.04729139950796692,0.06760923645605504,0.06838259888751705,0.047288420225810944,0.04728170968360199
7,682,0.07670899668756073,0.11196699047451876,0.1332081119311159,0.08070157771070535,0.07302636227449903
1,683,0.014392767143061692,0.023226387951613164,0.02349151171797017,0.014385006168583897,0.014391283257600864
3,683,0.0019452194232149802,0.0029679540752927665,0.003219693684007848,0.001945693458269324,0.0019465279749078346
5,683,0.06059030334008805,0.07902296486230888,0.07980913138688561,0.06058337289208354,0.06057956506720179
7,683,0.0748090016816891,0.11322365435070467,0.12891935635476917,0.0789901315202684,0.0693263375689841
1,684,0.03154375147145614,0.046085881121544915,0.04713652065144622,0.03153189481435901,0.031549580241525356
3,684,0.008179701883116564,0.01219072148309915,0.012895838821988631,0.008176578729835519,0.008177522002695068
5,684,0.06512606515888963,0.0786857818321629,0.07957976516569809,0.06512005267753582,0.06512004711029597
7,684,0.07002475544095767,0.11285691068970681,0.1280524952107721,0.07181318984495391,0.0655567273459444
1,685,0.04327324655573707,0.05728196564854621,0.058355154836515814,0.043265197289988476,0.04328279763787122
3,685,0.016308042164896487,0.021814313705714898,0.022651479962952602,0.016304601420893246,0.016305251368222626
5,685,0.06062118937933908,0.07954950728401382,0.08185412220567256,0.06062008020771576,0.06062059943621181
7,685,0.06457707160000377,0.10965839562336399,0.12914590579401208,0.0619023194847403,0.06383091095503797
1,686,0.048308961691084125,0.05966341345143902,0.06051747090438335,0.048311486953817755,0.04831310848380865
3,686,0.021053213845394696,0.027334629318559026,0.028312489659861016,0.021051448522290867,0.021050310086879805
5,686,0.04735883995163869,0.0685774948626793,0.07154572090470414,0.04736158028354496,0.04735890611110732
7,686,0.06105000055248762,0.10536786641189885,0.1283060862880817,0.05373845300084346,0.06488029994719097
1,687,0.0461760172354343,0.05948618417270478,0.06043562430517521,0.046185554534592374,0.04617457694989463
3,687,0.021607802804474024,0.027856713034149428,0.028334356012718526,0.021606596881003227,0.021604095112014075
5,687,0.026477382503273354,0.04396752375287152,0.04743562678808116,0.026478486427790746,0.026475664640070378
7,687,0.061245770928972036,0.10603099502254365,0.12365958235511434,0.052136613844669354,0.06798510362348016
1,688,0.037072620517877755,0.05175574492994964,0.053231562375170585,0.03707996343454661,0.0370731346957252
3,688,0.017885033304497908,0.023411402220123487,0.02412201989213207,0.017882463699527822,0.017881889950627707
5,688,0.002546823211241677,0.00393578794811686,0.004499339142818697,0.0025459504822047964,0.0025457072870837963
7,688,0.06516345870232512,0.109849586603375,0.12482262517732909,0.058736211735930105,0.07153114072263221
1,689,0.02190187127155994,0.034027734582543025,0.036990023131224375,0.021904711340707705,0.021906009293320924
3,689,0.01048676231855815,0.014930519735146577,0.015573892630415715,0.010484201185304541,0.010485936955173475
5,689,0.02640830111550495,0.04415129660048051,0.04605161834540917,0.02641783503558837,0.02641061346961662
7,689,0.07070664557347296,0.11151495595330364,0.12812200647840502,0.06898101478417805,0.07398236239424329
1,690,0.002594105739222695,0.004269862041792723,0.004660628201651534,0.002598384670864992,0.00259771663336953
3,690,0.0008753594679199308,0.001334673496830949,0.0014639478383485871,0.0008754450991883399,0.0008755618730879751
5,690,0.04729891055938065,0.0684880059409303,0.06969247779338536,0.047298716070778325,0.04729482328157712
7,690,0.07508175660300438,0.11126267668989702,0.13252024640918353,0.0773694468631241,0.0743116587451422
1,691,0.017368832990736653,0.027671868090003635,0.029158546661563263,0.017361058374946555,0.01737179796548911
3,691,0.009067399659496371,0.013319856240111493,0.014031257941746754,0.009065349594937818,0.009067544013202334
5,691,0.060572185994127094,0.07931678063243987,0.07968045416115799,0.06056687341438178,0.06056523302742375
7,691,0.07635323320295002,0.11249913587817481,0.1338814728392098,0.08066489857399135,0.07229397422803785
1,692,0.03380265076080871,0.04816369329968047,0.049605063035395296,0.03379131762479284,0.03381196333503342
3,692,0.016941042694371303,0.022529686490364215,0.02334394482936232,0.01693938457546442,0.016941430200482225
5,692,0.06509242853272697,0.07788182239109902,0.07813846025669344,0.06508670401379991,0.06508793946247302
7,692,0.0740560888242762,0.11350485225083076,0.12998318038520598,0.07789954336543913,0.06876175934607077
1,693,0.044537377704254345,0.05826490627869852,0.05935474069108741,0.04453115195307619,0.0445472642716171
3,693,0.02130545265716756,0.02754287883559673,0.028456479616610773,0.021305588702381147,0.021305887945037932
5,693,0.06058174117677987,0.07955596672485166,0.08058734371139309,0.060580406121975794,0.060579866865402496
7,693,0.06926109654341008,0.11281926107997028,0.12791484281974605,0.07008843384525973,0.0655557247347966
1,694,0.048455561471792266,0.0597665668794558,0.06027445415797301,0.04845970553484079,0.04845757172429748
3,694,0.02143685707295569,0.02772558564720192,0.028464331637605752,0.021437270083410585,0.021436144611467013
5,694,0.04732116847174554,0.06875155270750877,0.07059294992385111,0.04732283038070352,0.0473177635427695
7,694,0.0642040280107833,0.10891509747703564,0.1281218089715228,0.060332123942088846,0.06439262955627417
1,695,0.045190033282096545,0.05887521542842273,0.05981677667662868,0.04519953920668128,0.04518588866874077
3,695,0.017314890910782733,0.022891392208721478,0.023685201902073013,0.01731371719107908,0.017314155687308576
5,695,0.026457501366314716,0.044349970285033874,0.0470024794050976,0.026456797987348606,0.026450663739699277
7,695,0.061252797155395944,0.10515957381762267,0.12765188026767443,0.05314609855372499,0.06568056718167394
1,696,0.03504453303564598,0.04953121235272761,0.05090429683798721,0.03505089746428076,0.03504215893269611
3,696,0.00961378989851484,0.013962527046480542,0.014657710122621176,0.009612280386886532,0.009614228986169994
5,696,0.002914294821217185,0.0044647376392322686,0.004912000548125373,0.0029156829140740905,0.002914424269164349
7,696,0.06192127697083673,0.10704664561073661,0.12558830960039968,0.05302312659331796,0.06859933553964896
1,697,0.019053976555266597,0.030075305894034593,0.032333707758270484,0.019056407672187685,0.01905484624322511
3,697,0.00020599402761880715,0.00030990526675214844,0.0003554221752012353,0.00020584067101374792,0.00020613214358537792
5,697,0.02648655169361031,0.04426710069383047,0.04745188817063967,0.026498370521438764,0.026494645357393126
7,697,0.06600091701694989,0.11052937486714308,0.12695150892878382,0.060554811890543805,0.07174475065367932
1,698,0.000698988983075115,0.0011501085523636387,0.0013189541990845934,0.0006944739748536893,0.0006987697062066315
3,698,0.009946828740825323,0.014344443378416814,0.015016426797368391,0.009945824896393628,0.009948844459878982
5,698,0.04734887883342709,0.06873936605999893,0.07122366539936309,0.04734968493082808,0.04735079397325166
7,698,0.07130717030458601,0.11140472597107517,0.12660584410844022,0.07068172765776122,0.07373582287582421
1,699,0.020270218928724215,0.031804163125407,0.03443993428423213,0.020260464373468567,0.020276028937178076
3,699,0.017536375680182674,0.023105546226095817,0.02386621644623907,0.017536645671957053,0.017539902002056518
5,699,0.060603673663256453,0.07957234262107084,0.08133787434373235,0.06059908645138973,0.060603303422036375
7,699,0.0751701355022456,0.11133810485393378,0.12961060785137515,0.0782356607367242,0.07369678237515685
1,700,0.03591917042417294,0.05053033574681447,0.05185838985192822,0.035906830367210034,0.03593025790336912
3,700,0.02150954678550026,0.027797748634322057,0.028435729327055796,0.021511828681958493,0.02151361437077229
5,700,0.06510518187095314,0.07821055560375728,0.0789146637758658,0.06510033052035416,0.06510764704237164
7,700,0.07590894416816672,0.11249682539037616,0.1327727637779307,0.0804372906650885,0.07155729719439645
1,701,0.045627071912194825,0.05915127669433496,0.060030948464843574,0.045621606910850036,0.04563572460058287
3,701,0.02121843316730439,0.02746171175439607,0.02842140818081107,0.021220729169749732,0.021221277737735914
5,701,0.06057216230286508,0.07879262411299684,0.0792645968957933,0.060572391847177554,0.060576742369951996
7,701,0.07328959605156588,0.11347474697799782,0.1320265200625117,0.07668624229012001,0.06827303667254911
1,702,0.048416331652242704,0.05950715802526491,0.06044182828965374,0.048421643529349204,0.048415489660858534
3,702,0.01670881994980038,0.02227405965267533,0.02309499251394005,0.016709302423924856,0.01671125617228739
5,702,0.047282643991729205,0.0680498457946681,0.06874108473288328,0.047286791586625174,0.04728506633643307
7,702,0.06857660740192201,0.11267492202121744,0.1308076056820903,0.06837975551245705,0.06566122027164056
1,703,0.0440258402177891,0.05783697031126786,0.05894746564975828,0.04403566239369343,0.04401971987519754
3,703,0.008733417242252036,0.012912118433853183,0.01360552866645639,0.008733200133199177,0.008736023919142022
5,703,0.026360587896659453,0.043677692869955695,0.0448791114715167,0.026363134451348646,0.026359186048891748
7,703,0.06395781017025591,0.10853060575320347,0.12674943431586735,0.05892870247440438,0.06500841389578849
1,704,0.032865650160295294,0.04724382387918846,0.04860783472884515,0.03287254402130529,0.03286213914949185
3,704,0.0012838977970089766,0.001951526403559728,0.002132142241303526,0.0012832264958887222,0.0012835363589352741
5,704,0.0019064979616578745,0.0029722383011434655,0.0035646082942308414,0.0019088215611844468,0.0019077220484198275
7,704,0.06155675708007861,0.10513235762530548,0.1257948179464008,0.0528084218439806,0.0664569438373409
1,705,0.01611800463992719,0.02580943682146383,0.02676965218917938,0.016122628433166513,0.016118440901229467
3,705,0.010817427787116996,0.01528234328957068,0.01589814603918575,0.010817079748308991,0.010820174443083365
5,705,0.0264423418961228,0.04360800986354808,0.04681434633506047,0.026450760925816243,0.026445977391363326
7,705,0.06263958933961644,0.10810684543201365,0.1272136273764816,0.05411316941073266,0.06914970500092368
1,706,0.003973640661875423,0.006597680026213933,0.007044223993729441,0.003966873290400896,0.003972452056884064
3,706,0.018095780983437535,0.02360064034798821,0.02425417274030538,0.018097600781770657,0.018101207250879135
5,706,0.04735746877356548,0.06829020529884804,0.07131592088589295,0.047355259595325515,0.04735636200626695
7,706,0.06680101139611892,0.11102114636906522,0.1268805674564907,0.06238485989923903,0.0718758147771402
1,707,0.023073863713197265,0.035639954684302776,0.038650368279541804,0.023061224269879964,0.023077893305436664
3,707,0.021666066989746113,0.027856138499268605,0.028250577087659108,0.021670152953437476,0.021672576154152697
5,707,0.060631879968675896,0.07945650793504812,0.08189864242228255,0.060625234583825224,0.060630614559073676
7,707,0.07181079453561526,0.11131012343226722,0.1272189461944448,0.07224818168066444,0.07341444117059377
1,708,0.03788094170872099,0.05258419520720689,0.053990339643875465,0.037867402671016556,0.03789002436720727
3,708,0.020951339857597263,0.02724962146481677,0.028215279120577433,0.020955191169199184,0.02095685745679081
5,708,0.06514279907047163,0.07903803781282569,0.07985330062544205,0.06513716504544667,0.06514696421298691
7,708,0.07514731574864342,0.11100714392866926,0.12766188549000093,0.07890857448919159,0.0730357226485553
1,709,0.04653801969505882,0.05959723230601737,0.060693903400392,0.04653337842843906,0.04654349949129864
3,709,0.016064076302677466,0.02151910381746095,0.02235898242626932,0.016065935008510012,0.016069272297101492
5,709,0.06060836958240358,0.07927469326739771,0.08063938173270407,0.06060874779075329,0.06061734622243916
7,709,0.07539063490012475,0.11299281270406354,0.13052322682958034,0.08002994531405024,0.07083477646110133
1,710,0.048193375317100454,0.059793372083191604,0.060530495050113264,0.04819991558410053,0.04819032271641241
3,710,0.007844097261149848,0.011754231991006822,0.01245624359592161,0.007845149651328242,0.007848997856187883
5,710,0.04730766591855719,0.06793075693379205,0.06926136777539438,0.047313424263896176,0.047316431235294276
7,710,0.07253393279670957,0.11370760530467922,0.13347164949216767,0.07537542498445764,0.0678783482892103
1,711,0.04269132066372062,0.05684366196853986,0.057835641467229935,0.04270169406397059,0.042685862874729634
3,711,0.002344760541000404,0.0035833556966360725,0.0038823249029924286,0.0023432748417254257,0.002343135287297727
5,711,0.02634853898654073,0.04292332819738022,0.04377929313458969,0.026354080674634916,0.02635489626917721
7,711,0.06798921757104885,0.11220963946690521,0.13313152730552552,0.06672161407910053,0.06586119608674415
1,712,0.030550280210846104,0.0450334363767107,0.04613580189093755,0.030558084170019654,0.030549054765972167
3,712,0.01167539185157112,0.01617303869054673,0.0166682327789011,0.01167494028068163,0.011677427975689632
5,712,3.161868145315933e-05,5.1186343524512975e-05,6.107823512033377e-05,3.1596174808808264e-05,3.1639405014348224e-05
7,712,0.06383860441895647,0.10854668434498832,0.12592127274669235,0.05770513180936255,0.06565709034804053
1,713,0.013114293654014635,0.02098506973923285,0.02135132342979098,0.013120920497432511,0.013117788846016535
3,713,0.018620907885559874,0.024082635390009627,0.024501265570565096,0.01862330889991475,0.018626335536720762
5,713,0.02634854936540276,0.04290761245261145,0.04366310291945212,0.02635320257148604,0.026344266222971157
7,713,0.0619525366971071,0.10602045866670497,0.12371198492955937,0.052719350249546104,0.06718880281611211
1,714,0.007177920348547149,0.011665065499524124,0.012256380693042863,0.007169957691812209,0.007173269423020629
3,714,0.02177726576573789,0.02771419949918806,0.02792570652239874,0.021782124493092272,0.02178416334596767
5,714,0.04730973942225609,0.06791359328822393,0.06917872513062628,0.047305499644848474,0.04730097259245724
7,714,0.06338893004143771,0.10876559827397116,0.12830833031138167,0.055373204626720234,0.06962717785984884
1,715,0.025756457797408972,0.03926063536586801,0.041785114080418025,0.025742866846443953,0.02575720919530081
3,715,0.020636527267571834,0.026896935352532965,0.027836550588952968,0.020640945817678624,0.020642922708196565
5,715,0.06060905671398143,0.0792541526856395,0.08058304720987834,0.060600980315403084,0.0606001933034035
7,715,0.06755387163687172,0.11102484737955337,0.12520368175485297,0.0641974745392778,0.07193071043436815
1,716,0.03968085706311741,0.05432318020540755,0.05521744393168669,0.03966827769856322,0.03968692323302199
3,716,0.015378970447588328,0.020675123006942766,0.02145403244352919,0.015381424078185085,0.015385647867626867
5,716,0.06514188995403468,0.0790290390785645,0.07984786429993755,0.06513513876298,0.06513885059705742
7,716,0.07220588228093229,0.11101761433356244,0.12735851464960227,0.07365711473051936,0.07303646766043105
1,717,0.047271314581315726,0.0597995587579823,0.06090549989768,0.047269331378957696,0.04727379461802457
3,717,0.0069411064297571195,0.010523631326044721,0.011160179028991779,0.006943184587921785,0.006947668543935485
5,717,0.06062956098264579,0.07945009907015137,0.08191015402451159,0.06062828934378256,0.060632824723053966
7,717,0.07500653148658731,0.11090717442269014,0.1268110623072803,0.07937429557603773,0.07235481459229069
1,718,0.047793071947347554,0.06003245761784462,0.0605800623563449,0.04780212463312569,0.04778914392739787
3,718,0.003378466879147378,0.005175190418926098,0.005568651340812488,0.003375998227510406,0.0033751467478210385
5,718,0.04735459380173268,0.06828842667935214,0.07134751517296632,0.04735802199941468,0.047358889509240096
7,718,0.07479502704289587,0.11328079535091529,0.12950058966689465,0.07943598060741898,0.07014765543544771
1,719,0.041196137387897805,0.05567211837544115,0.056399660942832844,0.04120767226504931,0.041193020802223625
3,719,0.01251501425894317,0.01708159336759268,0.017344544937070203,0.012513608546980075,0.0125151337439216
5,719,0.026443290144087448,0.04362748490670183,0.04687251823717792,0.02644578363404367,0.02644603422068025
7,719,0.07178678047167499,0.11358347715321085,0.13273206596271986,0.07396840283678262,0.06757740129990969
1,720,0.02810979124073806,0.04225584376373282,0.044037983952684386,0.028118297753779536,0.028112259992131457
3,720,0.019112740006625748,0.02467434330818993,0.024988022219768397,0.019114459592113147,0.019116373439884152
5,720,0.001954379816142675,0.003041617140433421,0.0036431573031084634,0.0019530797334101852,0.001952924463546104
7,720,0.06748682502118358,0.11123563234963514,0.13363563121703528,0.06511742571209948,0.0661229416867298
1,721,0.010051017837423688,0.01612589503707438,0.016625160721994516,0.01005887043105986,0.010057737275144417
3,721,0.021846299854524086,0.027420871193012376,0.027737153517352276,0.021850488726199817,0.021851539329246612
5,721,0.026364882614983508,0.04371706520836473,0.04495711321797618,0.02637280932338618,0.02636322326294073
7,721,0.06382366231342418,0.10841684574305242,0.12760758036106248,0.05664593765613152,0.06629928125931199
1,722,0.01030245745986015,0.016513309013043057,0.0169878853772993,0.01029331994877599,0.010296905697468215
3,722,0.020276836210160215,0.026382812774383018,0.027286002499996402,0.020280448241165223,0.020282198484867363
5,722,0.04728668315963448,0.06807228412900308,0.06879914265859949,0.04728545796628771,0.04727905626720722
7,722,0.06242246318285285,0.1069895547314502,0.1237727197170652,0.05285236791025706,0.06784855416417444
1,723,0.02831078989274427,0.04245953707085079,0.044199201928391295,0.028296922667660675,0.02831163767712391
3,723,0.01465364248091274,0.019710645297619886,0.020411458214675843,0.014655643081420698,0.014660246991362386
5,723,0.0605739959417811,0.0788240708915376,0.0792598235154564,0.060568022903949595,0.060564130581333
7,723,0.06415844205976684,0.10945751903812535,0.1269026734733702,0.05676287890532903,0.07001592291717187
1,724,0.04132022270972518,0.05578415471621188,0.056506249494151325,0.04130907967157044,0.041326496535519924
3,724,0.006018108913713834,0.009188017065945263,0.009782146483802536,0.006020716124265243,0.006025267788762681
5,724,0.065104114655252,0.07818386960419667,0.07886834889083605,0.06509811052727368,0.06509764507044727
7,724,0.06825911243728724,0.1110930570678319,0.1273897706323234,0.06596954469744244,0.07190578141328897
1,725,0.04783059962760425,0.06003598971519774,0.06058071514809563,0.0478309864733662,0.04783323080339799
3,725,0.004380128614120162,0.006714301573380932,0.007192852755155495,0.004376650466873834,0.004375226637693599
5,725,0.060599964761171334,0.07957551277324065,0.08129708831104486,0.06059839001275482,0.060597466803068746
7,725,0.07249880860154351,0.11035591167655884,0.12816778842291357,0.0749075425119917,0.07261004130373584
1,726,0.04721959968075742,0.05974638767679714,0.06090898012261852,0.04723014138685431,0.047217002906440125
3,726,0.01333018018711596,0.018050922617774846,0.018318882959060662,0.01332728102583158,0.013327855147239135
5,726,0.047343974388375204,0.06875729440135767,0.07119173807828465,0.04734549852846667,0.04734097974716052
7,726,0.07476103026545786,0.11059206186984064,0.12620819677581818,0.07964707648135834,0.07167852590683883
1,727,0.03954330522604354,0.05418780410843553,0.055139073083589306,0.03955455179309853,0.03954292852436461
3,727,0.019571180840801252,0.02530628787623529,0.025947674758379963,0.019571252523190825,0.0195719369358131
5,727,0.02648361386440359,0.04429057137985404,0.04743604581719746,0.026482777012449082,0.02647787730181524
7,727,0.07413832935131472,0.11342926816858162,0.1292188080027781,0.07867887408707987,0.06952990522817924
1,728,0.025544451563463074,0.039005610218439665,0.041575234009626705,0.025551940618526607,0.025549345962317473
3,728,0.02187616009942404,0.027145516449646825,0.027414245506531133,0.02187848875991102,0.021878376152060036
5,728,0.0029247811062138975,0.004485259409289296,0.004918926490717561,0.0029251703771856906,0.002923367393919786
7,728,0.07106045161561579,0.11345702135339344,0.13040133056282915,0.07249248720774486,0.06739448064167376
1,729,0.006919879044334073,0.011275015243203738,0.01185910033364716,0.0069274367675421335,0.006927027094173102
3,729,0.019876148147361914,0.025786028749167855,0.026557044712039537,0.01987781977705503,0.019879084572727336
5,729,0.026462125903135084,0.04437592926814341,0.0470427853070407,0.02647413671349281,0.026468519730296604
7,729,0.06706603484075682,0.11083757919061785,0.13196977125773715,0.06357962004109823,0.06645324910443766
1,730,0.013360183185543632,0.02140947629373799,0.021755244313452198,0.013350740323530699,0.013357498024849711
3,730,0.013890257161386747,0.01871336642827432,0.019209180979372752,0.013890921814160176,0.013895484358984217
5,730,0.04732642129605933,0.06877188733788862,0.07063843251662688,0.04732751190220254,0.04732635429114699
7,730,0.06389729100055822,0.10802643080228547,0.12796208894355884,0.05574963293911906,0.06693691663597741
1,731,0.030740813821206053,0.04528736681080369,0.04629499742105527,0.030727210546194674,0.030745374584019877
3,731,0.0050688498870965805,0.007769918925487104,0.008281893383249798,0.005071383351384362,0.005075495157988929
5,731,0.060585264763046896,0.0795654048776734,0.08063877232023003,0.06058066475351055,0.060582397124908545
7,731,0.06295510850927638,0.10748881428924596,0.12382888547144597,0.05319641872743366,0.06844811385795907
1,732,0.04280260163122004,0.05693233225482901,0.057933625704760267,0.04279290312895762,0.04281149791985091
3,732,0.0053495746519618545,0.00818900378865794,0.008748612069962036,0.005345340369241813,0.005343717436582949
5,732,0.06509281057462538,0.07789915459067003,0.07818242534711617,0.06508750905852057,0.06509234647336434
7,732,0.06493975142706786,0.1098780319952698,0.12666131832056168,0.05825924782315071,0.07032390498815817
1,733,0.04821717620910005,0.05976375676553273,0.060536634867002316,0.04821895607868713,0.048221070087422435
3,733,0.014115391684073076,0.018996324011333988,0.01959243673524297,0.0141110541468181,0.014110887116479334
5,733,0.06056935974699859,0.07929635810543795,0.07964045039713806,0.060568698329837696,0.06057091702210631
7,733,0.0689169759355019,0.11109267879094754,0.12727752978205434,0.06769027009519293,0.07180835999106358
1,734,0.04647238401291365,0.0595916021718318,0.06065051483158839,0.04648255971012592,0.046470700994075784
3,734,0.019994908880988253,0.025964976976743735,0.026802061995666697,0.019993114823875134,0.019992640905576845
5,734,0.047293960634609805,0.06844173977237229,0.06963517808706572,0.047296550100674836,0.04729330569070156
7,734,0.07269939579618304,0.10994875863988993,0.12886258732861072,0.0760068578423986,0.07213692731630618
1,735,0.037730260535035344,0.05242963086438781,0.05386204616659751,0.037739224866194715,0.03773067689292006
3,735,0.021868793345675836,0.027163070274195268,0.027522447615287562,0.021868862404801025,0.021867574375263064
5,735,0.026403075828412233,0.04410632791869244,0.04598503110161606,0.026403375928056545,0.026398488101289384
7,735,0.07442959301350387,0.11095876001723651,0.1253133800251756,0.07974551359901488,0.07101334219922265
1,736,0.0228516420333475,0.035415468778037335,0.03835075188406374,0.02285642412775139,0.022856125495618246
3,736,0.019438444163880075,0.025118495184196066,0.025679268432063165,0.019437769630343632,0.01943837574585975
5,736,0.0025141389977716587,0.0038854743227071283,0.004461631023046214,0.002516074264606312,0.0025150522614965035
7,736,0.07344531063996021,0.11331047587725418,0.1300050332750614,0.07778541585747317,0.06899714686402567
1,737,0.0037097787901514715,0.006181436343335966,0.006613127444182321,0.003715913204639421,0.00371430542919797
3,737,0.013092853208155026,0.017811488909560046,0.01791273441515167,0.01309180892831373,0.013095933177568207
5,737,0.026477873397663807,0.04394178621093577,0.04741546065630324,0.026488937997986534,0.026484424549496264
7,737,0.07037262135641764,0.11309654715523652,0.127793521445733,0.07098151374716528,0.06733238480200954
1,738,0.016358031968567176,0.02612521223104156,0.027227258694337248,0.016348818338198894,0.016359905551673038
3,738,0.004088568863766286,0.006268965200779794,0.0067130286082305625,0.004090555984718216,0.004093808101911534
5,738,0.047362648981687794,0.06854272777699177,0.07154800539640131,0.04736245665453426,0.04736377442065456
7,738,0.06672723433193893,0.11034998814425945,0.13038630645584454,0.06212843723609797,0.0668551640911248
1,739,0.033045075526740214,0.04743479957236238,0.04880276471529596,0.03303207819522306,0.033053650003128765
3,739,0.006290136823657709,0.009576835964561471,0.010196564447822517,0.006285656938529426,0.006284306168719622
5,739,0.060624301454804345,0.07952786105662991,0.08187042549628272,0.06061901097445643,0.060624421318263115
7,739,0.06404592398854765,0.10833284025327708,0.1288514657129422,0.05502521602671448,0.06756991761562724
1,740,0.04412406791272985,0.05789461734061016,0.05902614830156279,0.04411607056935062,0.04413416605329615
3,740,0.01486632632488795,0.019983696262333508,0.020730484158493146,0.014861203776481516,0.01486062148569809
5,740,0.0651272114377525,0.07871055733451689,0.07960770758302468,0.06512222189253433,0.06513175937035413
7,740,0.06353593873214854,0.10808665561626743,0.12497293768135631,0.053739911441301594,0.06899373098906057
1,741,0.04842620572448835,0.05956778057175739,0.060429935196404105,0.048429289837310645,0.048428797508466584
3,741,0.0203815394958817,0.026527191016219472,0.027461522674700818,0.020378492005319687,0.020377050066247338
5,741,0.06058927114540607,0.07904933623237266,0.07985225698176605,0.06059000047893992,0.06059742225903733
7,741,0.06571668412482262,0.11032415547167196,0.12723095955322744,0.059832316773841945,0.07054929621676352
1,742,0.04554768355328637,0.05909153306775771,0.060000175072249154,0.04555727202053245,0.045543842537572855
3,742,0.02182465065491195,0.027520770241723978,0.02781202922610883,0.021822988536406556,0.021820620578945422
5,742,0.04728846133252756,0.06762425673582116,0.06839108773495922,0.04729404197562657,0.04729543049369198
7,742,0.06951552867940339,0.11084076628675166,0.12658426796924588,0.06933168702305381,0.07163777089084569
1,743,0.03575608324267695,0.05033531959879205,0.05165995475066461,0.03576312250193986,0.03575393085414621
3,743,0.018967069779460114,0.024565992504144544,0.024670242618598143,0.018964502582533863,0.018964369669636223
5,743,0.026335942359692662,0.04300891108858858,0.043377634375159416,0.02634070973454888,0.0263397535117478
7,743,0.07281054769164744,0.10995511293565853,0.12922922070680065,0.07694379020465389,0.07162091517309187
1,744,0.020039580995656957,0.03142139576957587,0.03406396858976995,0.020042685023354,0.020040740641547736
3,744,0.012267073822794792,0.01678812131632392,0.01714756567145715,0.012264580856006504,0.012267950707781743
5,744,0.0009032293744835942,0.0014441481514719417,0.0017359910487388327,0.0009040983566305463,0.00090425041216947
7,744,0.07402812479067962,0.11125611227429318,0.12581466491957025,0.07967387697364378,0.07037171058165685
1,745,0.00043222525482265186,0.0007055445269668768,0.0008566600795235958,0.00043760361497539223,0.00043276691713784376
3,745,0.0030752740050446676,0.0047112975230380934,0.005068962106088605,0.0030764805026226466,0.003078658002988948
5,745,0.026384864111315902,0.043186783262262794,0.04531379883619371,0.026390894264376807,0.026383369781862637
7,745,0.0727431079079419,0.11327376545431636,0.1321135351711366,0.07677828763561614,0.06857115414840292
1,746,0.019287159931121893,0.030382820395867087,0.032754754575350695,0.01927677551923383,0.019293023976637617
3,746,0.007207309669275806,0.010891978479394469,0.011572374715953192,0.007203189716663398,0.007202627281563589
5,746,0.04733400596358675,0.0680241395542973,0.07035177623260633,0.04733019896705746,0.04732814533500698
7,746,0.06974671979621098,0.1128529597119316,0.12983036776662174,0.06947760289241638,0.06739619256245089
1,747,0.03521185023464253,0.0497106724895817,0.05106332638786746,0.035198503187717965,0.03522299850587358
3,747,0.01558005377933657,0.020922133973072944,0.02175041024928466,0.015575160581517982,0.01557469754317592
5,747,0.060625134776147414,0.07937570960102874,0.08135888498928,0.06061723709443292,0.06061958508522889
7,747,0.06647967427654611,0.11000769272281395,0.12978196334373066,0.06079201398453989,0.06733341695810462
1,748,0.04527423631979302,0.05892821830370552,0.05986606651647844,0.04526755306316173,0.0452833536523399
3,748,0.02072793455765676,0.027006179091621105,0.02797353974552544,0.020724807428390394,0.020722921215746908
5,748,0.06514931689627604,0.07918218147804211,0.07977660854037703,0.06514278009446142,0.06515002116394074
7,748,0.06426806084313799,0.10847077687057391,0.12776884677563946,0.05449257406355887,0.06820123764889453
1,749,0.0484506456098216,0.05974462353729449,0.060319940689158254,0.04845526515475084,0.04844997112998599
3,749,0.021742509050864663,0.027772755171749357,0.028040610342519017,0.021740319509134073,0.021737318159518935
5,749,0.06062627360037226,0.07937517427346066,0.08153870393853674,0.06062569645344559,0.0606332756936944
7,749,0.06415787094151654,0.10892593784838878,0.1266438020930194,0.05447167402424163,0.06949224338937202
1,750,0.044443836375140704,0.05819360514927213,0.0592911404553388,0.044453859122413446,0.0444369686678783
3,750,0.01846407977725402,0.023923448893997376,0.02443849232740067,0.018460747108328502,0.018460079977571788
5,750,0.04733706957560411,0.06804230426177117,0.07064096248671754,0.04734181031510941,0.047344892319939706
7,750,0.06647661630662167,0.11069423681139114,0.12551894527119634,0.06144136079612417,0.07070055081874528
1,751,0.03362727938281795,0.04799609385761883,0.049421231654092006,0.03363467853699456,0.03362258733721195
3,751,0.01141960216570367,0.01590107013847887,0.016442237384741265,0.011416469588800314,0.011418994624711673
5,751,0.026396478219260465,0.043262285814781413,0.04573766191882344,0.02640079683138802,0.026402606830368224
7,751,0.07003816744635945,0.11077390861002702,0.12664508346081885,0.07084902629115239,0.07139801535630765
1,752,0.017131030816686908,0.02728846821475854,0.028723597475549947,0.017135932403247938,0.01713012350064777
3,752,0.002030975705190646,0.003100883825162839,0.0033556235149632702,0.0020314361566267135,0.002032608797404895
5,752,0.0011629517144576729,0.0018592556464005672,0.0022255177567159514,0.0011615829570209301,0.0011621729110462874
7,752,0.07282496036139852,0.10980567678274736,0.12830335917181035,0.07768913089522199,0.07106467436857494
1,753,0.002859460147755424,0.0046970376416202685,0.005111159840990517,0.0028520229512487296,0.002859890828697576
3,753,0.008107367580927602,0.012097878853254631,0.012801734301216334,0.008104106489853496,0.0081047647954785
5,753,0.026339941504401616,0.04317578587035855,0.04374711038980806,0.026346103088660353,0.02633537737154353
7,753,0.07355637410727485,0.1115296910766357,0.12768936601359482,0.0794221364132345,0.0697501788349723
1,754,0.02212726453022626,0.03444026841698712,0.03730844123610719,0.02211398622345453,0.022132803242106477
3,754,0.016255057099902718,0.02175623323392271,0.02259004840984566,0.01625138178305816,0.016251777484426085
5,754,0.04728887448458689,0.0676447680077175,0.06837591585546415,0.04728620769300254,0.04727892013368133
7,754,0.07203752130699953,0.1133952257685736,0.1337380463162211,0.07566829498820919,0.06824162387855522
1,755,0.037227626772656855,0.05187984152453953,0.053392538766538475,0.03721293692225041,0.03723786901903747
3,755,0.021030668256621775,0.027315366822047684,0.028293666823272504,0.021028690782403624,0.02102731295866034
5,755,0.060586454224778326,0.07892661813466975,0.07967063430716755,0.06057957312757445,0.06057519892143385
7,755,0.06918310144797445,0.11238370130148254,0.13204142027491958,0.06800538897098812,0.06755913376211496
1,756,0.04624624903215508,0.05950561163040643,0.06048443094286589,0.04624030482785305,0.046252571143144836
3,756,0.021619614906317326,0.027858677980975615,0.028317683031855678,0.021618215398171384,0.021615524580805102
5,756,0.06512188906627817,0.07860075775843167,0.07947525032745657,0.06511576038459045,0.06511525794301669
7,756,0.06631441478577951,0.10981487850017121,0.13099338786728157,0.059588056343034754,0.06786687873872956
1,757,0.04828965466436152,0.05968833871057334,0.06052232170046105,0.04829554599363948,0.048286274865247523
3,757,0.017929714382401978,0.02345208450521758,0.024152066721356648,0.017926915923393044,0.01792635086932622
5,757,0.060617936590663134,0.0795510599313983,0.08178670160875705,0.06061680868724604,0.06061673952529821
7,757,0.06455586743735368,0.1088372841869906,0.12893864618467168,0.05416788941605196,0.06882908440736539
1,758,0.04316611680809393,0.05718932994803377,0.058274644073242815,0.04317670459470807,0.043158877973935486
3,758,0.010557103807480449,0.01501274366092076,0.015643560413880184,0.01055432801765891,0.010556308129514783
5,758,0.04735767913595001,0.06863053671735964,0.07152346704168377,0.04736035676142606,0.047357006770203824
7,758,0.06481396529471896,0.10986048255146452,0.12831122980921658,0.05538477819604905,0.06995563303041097
1,759,0.03135666019589167,0.045860905038292724,0.04692955772935962,0.03136494766598271,0.031353052963384434
3,759,0.00096259333531243,0.0014666722273241639,0.0016021440450247689,0.0009626069010377635,0.0009630043669412577
5,759,0.026481846182350985,0.04407256187784732,0.04748718899141682,0.026482657274874477,0.026479205688631012
7,759,0.06721609544021387,0.11110241428183036,0.12661834364685498,0.06306653175918028,0.07080110116232283
1,760,0.014148568740874522,0.02278383274519255,0.023090611763989063,0.014155652479949443,0.014149718988719558
3,760,0.008995841725374853,0.013234363434348672,0.013942628343575044,0.008993711209456625,0.008995691036327672
5,760,0.00264725847177508,0.004097866733364633,0.00461195510672297,0.00264650970963662,0.00264597669554141
7,760,0.07048129476126512,0.11055416932541966,0.12648154860860453,0.07222910868483091,0.0711011135435211
1,761,0.0060909793491496856,0.00992523870578191,0.010517375482843339,0.006082084980718065,0.006088272291447583
3,761,0.016891200669230607,0.02247072107334505,0.02329318926751422,0.016889385348579256,0.01689121877090719
5,761,0.02641896666101131,0.04424949212336584,0.04626983589956391,0.026429315427210807,0.026422141554751772
7,761,0.0727453335410966,0.10979402730155942,0.12646328763038756,0.0782411341183839,0.07046985300616887
1,762,0.024853007960949903,0.03807970660411542,0.04084462641701069,0.02483815048285141,0.024855265833887436
3,762,0.02128680723808387,0.0275129020143424,0.028451154963453188,0.021286813348769952,0.02128688443986139
5,762,0.04730326309933122,0.06854842633711128,0.06988287761146131,0.0473033268169133,0.047299789490630316
7,762,0.07301735169340194,0.11225672132053903,0.12808517958425436,0.07899665416951192,0.06913364606280803
1,763,0.03908308990313557,0.053763443038706095,0.054850040548090284,0.039068735516977815,0.03909025925268555
3,763,0.021452441567747615,0.027745143988413552,0.028460628879258106,0.021452734032274854,0.02145140762534627
5,763,0.060573395452364766,0.07938447201691873,0.07983381370022209,0.06056802589109102,0.06056690266293049
7,763,0.07132914461485106,0.11319526999447668,0.13271574990044133,0.07447225234996567,0.06797102298572338
1,764,0.04703988643853151,0.05967975856009755,0.06089821185922834,0.0470361365846771,0.04704291049705808
3,764,0.01736238462385223,0.02294464087609394,0.023724939924129357,0.01736103873456068,0.017361454580843257
5,764,0.06509110602187153,0.07782985056186996,0.07802693052132838,0.06508517657881556,0.06508703461902866
7,764,0.06867084938972698,0.11162799718561285,0.13380237985676802,0.06657632781497967,0.06776994075317977
1,765,0.047949324450042595,0.06003706742525593,0.06055319347223249,0.04795741282752072,0.04794472457828762
3,765,0.009684791964460903,0.014036999571556054,0.014733872680047633,0.009683099831124743,0.00968522532341954
5,765,0.060578297952177555,0.07951874432326404,0.08040936408719507,0.060576977625876244,0.06057676670665718
7,765,0.06621253204664995,0.10947432925696945,0.13261000357914646,0.05852185864570699,0.06841527972523358
1,766,0.04172515792435875,0.056086686610316454,0.05691369269659545,0.041736806835841286,0.041720154237579334
3,766,0.00011831638172231752,0.00017816285769867228,0.0002044977334680291,0.00011827281547354184,0.00011834090783363179
5,766,0.047315576690428816,0.06870622492443884,0.07043308679989718,0.04731737661221149,0.04731226358114112
7,766,0.06489709444120041,0.10909376286157667,0.13202215411870208,0.0540587707708713,0.06944100510402815
1,767,0.028958442070288182,0.04326196487792246,0.04472618851381033,0.028967640257776917,0.0289586749962377
3,767,0.009875925974381122,0.014257186071172746,0.014939758063206859,0.009874915110161213,0.009877815749615396
5,767,0.026448553538023344,0.044350705105889565,0.046853326601517,0.026447894627887412,0.026441548592652696
7,767,0.06549612475716102,0.1108103326448424,0.12829701000584828,0.05647753119135673,0.0703861480602742
1,768,0.011105944665680668,0.01776134770735727,0.018218923030310853,0.011114629175243135,0.011110863810177575
3,768,0.017489546795925164,0.02306520874121733,0.02382895802229996,0.01748977512787585,0.01749292620687516
5,768,0.002871775569358018,0.004403103945974355,0.0048737246995412264,0.0028733104158836734,0.002872161145658434
7,768,0.06793453095162025,0.11103185241106374,0.12827123776829566,0.06470716074099611,0.07086819225946794
1,769,0.009241685798432757,0.014856102929354072,0.015379330130978742,0.009231567769135234,0.009236764714531392
3,769,0.021494836436816853,0.027785608547953883,0.028444210617664924,0.021497119595257737,0.021498781778660526
5,769,0.02648834366384647,0.04422732728644425,0.04749356993960976,0.026500580984647068,0.02649677987365259
7,769,0.0708504527351978,0.10983528906835731,0.1267453314172058,0.0734850705208761,0.07075995232196446
1,770,0.027450912625199886,0.041407944482684506,0.04342626277305551,0.027435687514607426,0.027451802979202494
3,770,0.021237969864888646,0.027465653127730874,0.028431053334466504,0.021240273041673172,0.021240703920667976
5,770,0.04735293884055324,0.06873798011833232,0.07132322916900877,0.047353709672749364,0.04735508021450645
7,770,0.07258611365811404,0.10973607895213669,0.12532056780227352,0.07861960982040397,0.06985056257268438
1,771,0.04077680854879841,0.05533672056206516,0.05602502936713072,0.04076403991627448,0.04078288345719714
3,771,0.016759364514289332,0.022327827390277614,0.02314997853192118,0.016759790775581727,0.016761763250503273
5,771,0.06060801790392402,0.07959108399189697,0.08146860351803446,0.06060322075922095,0.060607958436003716
7,771,0.07242974844591397,0.11239762655768536,0.1277111512837618,0.07841809502508182,0.06853522707814508
1,772,0.047658269691663285,0.05996536092311161,0.060653145977889004,0.04765746259299907,0.047660303182780306
3,772,0.008805045914559998,0.012998972520851663,0.013697627815273993,0.008804725162211065,0.00880771081440705
5,772,0.0651089438894439,0.07830944976216084,0.07906646807416605,0.06510390080718895,0.06511198405407949
7,772,0.07063270967930857,0.1130054621595553,0.13127173414851764,0.07320983271821536,0.06775565241244924
1,773,0.047434850729658584,0.05987740124638727,0.06083747866747853,0.04744532343531422,0.047430925325213584
3,773,0.0011970547353797312,0.00182042518402231,0.001984206749451517,0.00119648787730007,0.001196628124823822
5,773,0.060574303375454046,0.07872153966534608,0.0793225544139553,0.060574661651939726,0.06057971702743355
7,773,0.06821065455156616,0.11094128323928254,0.13281029276553488,0.06518999259710476,0.06801464609202398
1,774,0.040126325376495596,0.05473039621137487,0.055549877977843234,0.04013863447554216,0.04012414821017387
3,774,0.010747348051132439,0.015219180074491086,0.01583027113522421,0.010747066659547898,0.010750123234882062
5,774,0.04728194008466095,0.06795135264560029,0.0685667407281582,0.04728651857009063,0.04728518732929729
7,774,0.06616411506757913,0.10958245010186521,0.13353346396781282,0.05757988615859132,0.06896089800568057
1,775,0.026436216610071138,0.04009766380839114,0.04246709279615185,0.026445276436469066,0.02643956344527076
3,775,0.018051805457576585,0.023558376118125206,0.02422804231649794,0.01805371170967828,0.01805732493475966
5,775,0.026353058304590386,0.04357083906256854,0.04461102416913493,0.02635612982207641,0.026352403275311798
7,775,0.06528096853218456,0.10972590152662759,0.13332697288795967,0.054142024504727056,0.07002684354500859
1,776,0.007999571269844907,0.012933101141241046,0.01350873702330756,0.008008616394507626,0.008006036591488092
3,776,0.0216551611151717,0.027857493564491496,0.02826964501914949,0.02165939860276578,0.021661824453514528
5,776,0.001739828507779911,0.002727940371685987,0.0032793035242776967,0.0017421594980798248,0.0017411296974565102
7,776,0.06619170038643674,0.11080516225147463,0.12797720309853247,0.05771415247707295,0.07077382215367486
1,777,0.012320835847831817,0.019687121749156183,0.020056342972260728,0.0123100307394945,0.012317681829812315
3,777,0.020974834099777597,0.027269772138071077,0.02823770424340401,0.020978841889810255,0.020980507918672432
5,777,0.02643219398896153,0.043498530599011646,0.0465973659115097,0.026440479724641877,0.026435200447140202
7,777,0.06862243642556888,0.11095518807040669,0.12759111916119206,0.06633133428932124,0.07090027854557929
1,778,0.02992312984451951,0.04439187163900339,0.04556802402808491,0.029908011691613043,0.029926845009965692
3,778,0.016117859478367556,0.021590097960122658,0.022422184097918695,0.016119798899212986,0.016123241777926622
5,778,0.04735443526077771,0.06824109872797243,0.07119146498417038,0.047351841421465944,0.047352635600281905
7,778,0.07114913058269977,0.10954000418928575,0.1258692215046456,0.07461010276072556,0.07038651005413234
1,779,0.04231289632855644,0.056539121492715304,0.057453855813785856,0.04230167567597615,0.04232122872619689
3,779,0.007916609436653017,0.011850086269931734,0.012550471825291202,0.007917650898863803,0.007921706032352083
5,779,0.0606320766031144,0.07944010422166632,0.08184468333298676,0.06062495534545133,0.06063022173186342
7,779,0.07236466537149962,0.10993844054353417,0.12647472869633147,0.07883469365567422,0.06923676950758709
1,780,0.04810424164610421,0.05991357862326737,0.060508631935763606,0.04810527920412111,0.04810772755150598
3,780,0.0022597367996806503,0.003452317479141325,0.0037376470717904713,0.0022583150850306135,0.0022580422160282027
5,780,0.0651452890731962,0.07908808241253608,0.0798602734915665,0.06513927466262599,0.06514920810862727
7,780,0.07182100265645844,0.11274260288916918,0.1277728629609715,0.0777063504552686,0.06799856084311676
1,781,0.0467475218159788,0.05959464694081355,0.060816078051101265,0.04675829969784208,0.0467452370671042
3,781,0.011606522080963364,0.016105534011144663,0.01660768390939269,0.011606182583654076,0.011608669557719702
5,781,0.060612494747716954,0.07929235113347906,0.08082804083706396,0.060612772444419136,0.060621718029444424
7,781,0.06997288355288757,0.11270435222256955,0.12918701603027294,0.07190469909831297,0.06762308123295464
1,782,0.0383685451789066,0.05302737202713825,0.054407654530891116,0.03837915787189264,0.0383682884122084
3,782,0.018579651535309813,0.0240375827491079,0.0244853401572632,0.01858224419840636,0.018585336052460644
5,782,0.04731303765614993,0.06793920701554595,0.06954099215724044,0.04731893852935564,0.04732221995572355
7,782,0.06781424984274462,0.11054280047614531,0.1306001723532001,0.06385282508160632,0.06830982289228796
1,783,0.023786957846893223,0.036651175487921676,0.03956212126878703,0.023793718223042583,0.023791088375828995
3,783,0.02176991403736015,0.027733014887216145,0.02795761192904615,0.021775055615516573,0.02177716867067715
5,783,0.026355227963227968,0.04298657944846478,0.04416933676679636,0.02636095393002225,0.0263620664223834
7,783,0.06616969213222822,0.11011301324287093,0.13137246663635502,0.056772022718370035,0.06950184589971357
1,784,0.0048170029684156184,0.007926948308472915,0.008424145661137517,0.004824911994845125,0.0048217864899093
3,784,0.020663804128617305,0.026940784339996547,0.027875508973676726,0.020668510102956488,0.020670568779795465
5,784,0.00024627109463442665,0.00039782091373565155,0.000475184865491947,0.0002460508116796244,0.0002464093259061086
7,784,0.06570244272745117,0.1100282588785226,0.13370335307373782,0.05442176346158642,0.07057906788952308
1,785,0.01533938797610456,0.02468086357809007,0.025245391494433386,0.015328831118007058,0.015340618095211075
3,785,0.015436052497208173,0.02074161520236718,0.021535623352033025,0.015438705551174957,0.015443118952616366
5,785,0.02634362233637398,0.04284909931018144,0.04326456527636016,0.026348491940411167,0.026338866221763065
7,785,0.06688939105918028,0.11094212367853665,0.12658819986740147,0.059076395103354426,0.07110840472750786
1,786,0.032271340825300886,0.04672295823685214,0.04797148448764375,0.032256906791029376,0.03227953869252539
3,786,0.007014960665276517,0.01063464746766039,0.01127245669961018,0.007017118522758443,0.007021875295040449
5,786,0.047304829429366334,0.06787103408454255,0.06890257977656332,0.04730060687879559,0.04729531264828276
7,786,0.06926317892041067,0.11080716011206106,0.1267921763088161,0.06791327011499138,0.07088783990794534
1,787,0.04369045787076552,0.05759605584770767,0.05867582099487396,0.043681026271641415,0.043701027618696306
3,787,0.003295882462561054,0.005044152108957778,0.005430099626402955,0.0032934179770590646,0.0032924284012407746
5,787,0.06060485934075408,0.07922220539361456,0.08039114205685759,0.06059664429268003,0.06059503611165885
7,787,0.07137218999534387,0.10920178935057373,0.12737440631548294,0.07559357221002795,0.0699819368620552
1,788,0.0483748808939497,0.059542815884290896,0.06047452166593603,0.04837733809171797,0.04837829858395191
3,788,0.012447839170108423,0.016998732057263356,0.017289388548065412,0.01244653217632886,0.012448047983091598
5,788,0.06513890466042531,0.0789502617378219,0.07981754330443759,0.06513197995364366,0.06513489578010973
7,788,0.0720862490955144,0.11015814863972738,0.12752422848342132,0.07888607754523819,0.068633815696575
1,789,0.045883953846848013,0.059289317393270334,0.060233463390186086,0.0458941784146692,0.045880674020750765
3,789,0.019074143745450314,0.024643215294952996,0.024901293067173143,0.01907608847548279,0.01907806429599775
5,789,0.060628696672267036,0.07947808094364138,0.08193461031674937,0.06062741761721762,0.06063116382774523
7,789,0.07120775347986026,0.11274954687346597,0.12844044087237208,0.07687174490810146,0.06753377402440718
1,790,0.036449149266964125,0.05105767154597578,0.052515640550600734,0.03645754814462742,0.036447411309361175
3,790,0.021842219816129434,0.02744771528164521,0.02775891377861322,0.021846747746357743,0.02184787566444775
5,790,0.04735690988570018,0.06834794406984546,0.07143736830038369,0.04736036144664459,0.04736040196191482
7,790,0.06936594031523187,0.11236018292339427,0.12872177522608372,0.07057399555673878,0.06756943695146148
1,791,0.021013663414731515,0.032837941423714594,0.035661828863208074,0.021018123581143872,0.021015238850126454
3,791,0.020307594670574424,0.026425395082850325,0.02733449113406463,0.020311552096864877,0.02031341364405524
5,791,0.02645274063197415,0.04368624890380322,0.04705034177868214,0.02645508608970268,0.026454605236678544
7,791,0.06749056535270358,0.10984254903519938,0.12958446528997886,0.06257751542600672,0.06864961213731445
1,792,0.001558573941615444,0.0025740708809202546,0.002858806531888332,0.0015652985270668937,0.0015593187822337345
3,792,0.014713919495271073,0.0197902616046989,0.020498303514809198,0.014716178664736408,0.01472102800584476
5,792,0.0021077764020805134,0.003263733888753974,0.0038908909058160547,0.002106491434589635,0.0021063681511609006
7,792,0.06623551758084781,0.11000575551823573,0.1286559440386594,0.05611367336816526,0.0700373767894229
1,793,0.01829388553245885,0.02898761941066522,0.030924602809512813,0.018282936317121627,0.01829970909521956
3,793,0.006093825030914486,0.00929429609304204,0.009893939549484634,0.006096584382017844,0.006101454819291824
5,793,0.026373557819481305,0.043836197018827246,0.045218807076180284,0.026382133512574246,0.02637269755199305
7,793,0.06616278788072386,0.11051220399169705,0.13196774326850036,0.05489660710521238,0.0710988908353288
1,794,0.0344868091129876,0.048845139380335065,0.050332562573416416,0.03447277776140371,0.03449821654489596
3,794,0.0043001917900612795,0.006591940917262333,0.007060772373204444,0.004296643083504581,0.004295050416189951
5,794,0.04728827417889732,0.0681711587689537,0.06900248161006711,0.047287218204315994,0.04728109135261095
7,794,0.0675824806268158,0.11132496718694046,0.12496818841499487,0.060531541541885475,0.07139757396385761
1,795,0.044900378933064235,0.058638516929667484,0.059606020482921296,0.04489295444333906,0.0449105057359907
3,795,0.013265179353395435,0.017979219581102573,0.018209982690727985,0.013262298914925386,0.013262828255686032
5,795,0.060572571417451676,0.07896858236863817,0.07929512220196572,0.06056645642338765,0.06056285034896821
7,795,0.06983846161204063,0.11068473960040218,0.12705531620373847,0.06941404986003619,0.07083155579236249
1,796,0.04846301506003499,0.05979050163972873,0.06011136974412776,0.048467494743453174,0.04846338387870015
3,796,0.019535291262795625,0.025248981346733014,0.02587539171859112,0.019535525599515303,0.019536234157860245
5,796,0.06510070382817974,0.07809608171098159,0.07870653242707785,0.06509437751353642,0.06509420195468374
7,796,0.07150354567486306,0.10932023020596152,0.1284538983093671,0.07640768389122106,0.06954617720121588
1,797,0.044841206282389835,0.0585822067530097,0.059567283871627116,0.04485198342598192,0.04483460039458684
3,797,0.021875129449212376,0.027133901257851385,0.02744469170235885,0.02187774392362518,0.02187767522455306
5,797,0.06059559319938982,0.07958275463202573,0.08115129380240882,0.060593882028218846,0.060592906920231275
7,797,0.07173489054774124,0.11077141074095935,0.1275257404504408,0.07875801050534237,0.06802803645295474
1,798,0.03437205316103175,0.0487590852552506,0.050218954751373404,0.03438039558029365,0.03436707024640977
3,798,0.01991004722771666,0.025846958405650055,0.026625050576072895,0.01991201554882114,0.019913392251853172
5,798,0.04733932206777342,0.06880312936055968,0.0710746518521129,0.04734077926101384,0.04733583042633738
7,798,0.07057721921674855,0.11288278100186938,0.12874843044436438,0.07591358686732723,0.06710984168290816
1,799,0.01813525082424864,0.028759126718444692,0.030636516137126125,0.01814058447317507,0.01813361428848268
3,799,0.013953469200613059,0.018785280252884822,0.01931264082165684,0.013954367757928215,0.01395920760281746
5,799,0.026479932457877355,0.04435096526910753,0.04737004190598007,0.026478897143052172,0.02647338558637083
7,799,0.06879669148533817,0.11160029128876009,0.12803728714241674,0.06922608033526863,0.06754617105339028
1,800,0.0017384659730145142,0.0028706560500897163,0.0031697668121841993,0.001730503318432864,0.0017403665632389378
3,800,0.005146886521060446,0.007890345078079158,0.00840564277382949,0.005149603990945471,0.005154053415634538
5,800,0.002947901222834476,0.004536615355694657,0.004927462498998389,0.0029485688724628523,0.002946671139212631
7,800,0.06722548776407769,0.10955195545393213,0.12929285233085008,0.06137521881652498,0.06898819044065768
1,801,0.021167295659897525,0.032989226984090535,0.03588648866852937,0.021153829049796083,0.021174699919501164
3,801,0.005272157370009424,0.008068230221385591,0.008621520691909669,0.005267773950953081,0.005265951524082221
5,801,0.026469764493457525,0.04436209500585907,0.047167253413693246,0.026482452783384042,0.0264770961782192
7,801,0.06635853849459133,0.11054562495299439,0.12712792612784016,0.05562421322262013,0.0705433941308264
1,802,0.03655557716320654,0.051202662164599705,0.052638649752699475,0.036540356479230596,0.036567684932253014
3,802,0.014052976928085777,0.018914420822003893,0.01948937740155723,0.014048534819335158,0.014048282880388188
5,802,0.047331930466331926,0.06880612309689982,0.0707877468947561,0.04733315741033036,0.04733258310124692
7,802,0.0666634316785618,0.11127424346144749,0.13037816222591242,0.05557124806977649,0.07157497136214626
1,803,0.04593365539163619,0.059355912146456434,0.060271156259140285,0.045927061464541265,0.045941851836435135
3,803,0.019961879892799288,0.025922868875603428,0.026737673499941144,0.019960112046741117,0.019959614349629496
5,803,0.06058911221456985,0.07957021370998946,0.08081005648303081,0.06058438898214163,0.06058689628329792
7,803,0.06827198309272382,0.11154290756857427,0.12578831915108896,0.062055310111084214,0.07164507359040492
1,804,0.04836502526165441,0.05958384175053441,0.06047760609524906,0.048370857887253066,0.04836255210514476
3,804,0.021870707911580634,0.02714292766360223,0.027494395413114634,0.021870919102964608,0.021869629205215964
5,804,0.06509476088169813,0.07794576845554067,0.07834679297471367,0.06508927017174605,0.06509501267215102
7,804,0.07034525588524557,0.11028701366969151,0.12649338288947667,0.07081361741967693,0.07073548412005039
1,805,0.04362189463216146,0.05751113159793625,0.0586263973108597,0.04363319625067178,0.04361404657937195
3,805,0.01947517468884411,0.025171080902370684,0.025752389305128708,0.019474659379126784,0.019475361947327095
5,805,0.06056890498713055,0.0792092935230464,0.07951334413149001,0.060568334160181515,0.06057120983999123
7,805,0.07154563054618489,0.10945019037841573,0.12702392974259638,0.07704621202190555,0.06909541263943532
1,806,0.032148199870655,0.04658895620663321,0.04783845554758115,0.03215729916141484,0.03214311222705135
3,806,0.013158603737250151,0.017872221824309285,0.018023100665344263,0.013157696375366575,0.013162107254812053
5,806,0.04729021626433334,0.06835893779200883,0.06943712424184313,0.047293121133881,0.0472901142497527
7,806,0.07131582009386714,0.11137793972584091,0.1278247137289661,0.07845730048570844,0.06743991900045762
1,807,0.015175887944273924,0.024406096753276284,0.02493616397298852,0.015183543234759976,0.01517503545430273
3,807,0.004169218853686697,0.0063947977994339026,0.006839621599214381,0.004171376254420148,0.004174955759620527
5,807,0.026392510214132466,0.04402667298139747,0.04575072039177488,0.026393125565273904,0.026388261680069323
7,807,0.06993740205840485,0.11268528704196802,0.12914433142760248,0.07485544585485122,0.06673836699173238
1,808,0.004994477096992162,0.008205427522276201,0.008704385938801318,0.004984609793494032,0.004994208310074406
3,808,0.006214879463915897,0.009469486746407714,0.010083449224390667,0.00621019089971831,0.006208620724420021
5,808,0.0023970823894494146,0.003677334879644604,0.004313565355271353,0.0023991811612964513,0.002398059928867086
7,808,0.06826726629984953,0.11046054155006242,0.1272420393382645,0.06788323799792263,0.06755486587740775
1,809,0.02393467411941934,0.0369056005622917,0.03974387576322664,0.02391883836763882,0.02393938927734646
3,809,0.014806808879155583,0.019911654737296003,0.020644440728616303,0.014801459908689451,0.014800751289309138
5,809,0.026471743846433974,0.0438559744799469,0.047329573363835795,0.02648293094448485,0.026478127252001722
7,809,0.06701538848806099,0.10964212283625538,0.12933677995307255,0.06026691726616527,0.06931829130167372
1,810,0.03846661067819251,0.05316334173267319,0.054470860955911124,0.038450932035953234,0.03847605096988525
3,810,0.02035161014183721,0.02648441049152963,0.027415035329707998,0.020348434505281926,0.02034690894463173
5,810,0.047362888062386664,0.06847813214781547,0.07153990122884084,0.047362424786143976,0.047363813811187434
7,810,0.06653819788569645,0.11091680415915289,0.12692921822732695,0.05532361722558573,0.071016916249453
1,811,0.04678821665331318,0.059624440694948426,0.060830776143667276,0.046783205699026296,0.046793048954346016
3,811,0.021829547891631693,0.027495506333460346,0.027793322624809894,0.021827852419531633,0.021825420204353123
5,811,0.060627014018490945,0.07951335141539188,0.0819130251968976,0.060621325948029436,0.06062710264609127
7,811,0.0672017511546749,0.11179115207397038,0.12981312678982274,0.05644461227835586,0.07200053015149487
1,812,0.048085445312809255,0.05994265437199572,0.0605075775563312,0.048093071517324136,0.04808126655571349
3,812,0.019006409207682887,0.02460308456106368,0.024753741137206613,0.019003827001800006,0.019003753115536117
5,812,0.06513122477964585,0.0787952182853827,0.0796926216253211,0.0651259165101234,0.06513613698071093
7,812,0.06895346493085315,0.1119131306965446,0.12794319064942222,0.06362589528916739,0.07185119333500223
1,813,0.04223589159166155,0.056472790371426766,0.05738910338036509,0.042248082420057315,0.04222970498674264
3,813,0.012334859998120673,0.016862162881516485,0.017199122225601375,0.01233236986505881,0.012336006546856683
5,813,0.06059348331973973,0.07911986729865629,0.08000827337116898,0.060594225683564214,0.06060245213928685
7,813,0.07078411997790139,0.10987527984249276,0.12495394368300466,0.07210685983717278,0.07060577571512935
1,814,0.02979266063002777,0.044222603099579635,0.04545724104329184,0.029802802279445074,0.02979093439621178
3,814,0.003158563662383959,0.004836245563726338,0.005199759846522419,0.0031598934834371492,0.003162352803411901
5,814,0.047291859153458904,0.06770622325061117,0.0684585082094602,0.04729777217259703,0.0472997765676208
7,814,0.07151070400149129,0.10946868862917919,0.12612818902315667,0.0775215482652571,0.06865378357848494
1,815,0.012153382228345706,0.019429303920862173,0.01981416206716825,0.01216298183271176,0.012156294160890558
3,815,0.007133727297912509,0.010791009870193699,0.011462087802670806,0.007129378187831896,0.007128595065360837
5,815,0.02633612446276528,0.042879794773909914,0.04308690998114396,0.02634133586736707,0.026340905216066895
7,815,0.07085181509828915,0.11189502306302884,0.12688877288751355,0.07800987504026705,0.06691013205516674
1,816,0.008172820322177825,0.013198953591031152,0.01375411751421603,0.008161810974196985,0.008169283551669938
3,816,0.015523633297402705,0.020849938599053673,0.021671888012223396,0.015518441301145061,0.01551780814738886
5,816,0.0006972639484999926,0.0011226856405750912,0.0013427776178188018,0.0006977140149241328,0.0006980809187793959
7,816,0.0693132518742602,0.11241347054368084,0.12834607472111245,0.07373277067160754,0.06645155498539136
1,817,0.026576700305645667,0.04031937875043472,0.04260274977617362,0.026560348394218652,0.0265786529402461
3,817,0.020701397235959488,0.026976232253372305,0.02793844624731862,0.02069803705495589,0.02069598694581451
5,817,0.026375076273945353,0.043118292424556,0.04496420962893881,0.02638102425399414,0.026372699494369215
7,817,0.06779298591015433,0.10971540113002262,0.12763459992216286,0.06656597110052323,0.06761772069121359
1,818,0.04021540667778162,0.05484462583375896,0.055610953217010206,0.04020131920211896,0.040222377788918406
3,818,0.02175057125826641,0.027760300194041472,0.02801060099163691,0.021748217400489114,0.021745061988108022
5,818,0.04732857277267727,0.06799155442622569,0.07010793921873337,0.0473245208414384,0.04732171406822073
7,818,0.06686205804245623,0.1097118477820381,0.12985821363891084,0.05926214223795794,0.06964156208512916
1,819,0.047466221879491774,0.05987569162431245,0.06081238461852504,0.04746450315085332,0.0474687091261
3,819,0.01850594196446001,0.0239598169612933,0.02445646826840171,0.01850245307789521,0.018501778576011044
5,819,0.0606221738109319,0.0793525231751219,0.08120223758347866,0.060613905916514645,0.060615617913380035
7,819,0.06676981286706611,0.11154551817804223,0.12741446158182876,0.055205927441190426,0.07145096591748462
1,820,0.047630257196458435,0.05997741700355282,0.060679967063613775,0.04764088216155457,0.04762582378698152
3,820,0.011488876862288909,0.01597459796590857,0.016503639560429915,0.01148562776460284,0.011488365728378157
5,820,0.06514862098327737,0.07916785639303095,0.07981878790385608,0.06514172774355587,0.06514854643516078
7,820,0.06776688027346343,0.11192618250761327,0.12858726239792673,0.05748872132937761,0.07236222473654255
1,821,0.04069098516571136,0.055250334952309695,0.05596463476481715,0.04070453826758022,0.04068747170211935
3,821,0.002116569191944102,0.0032304023594018276,0.00349311058247613,0.0021170893198433813,0.0021184760492477164
5,821,0.060628087340936505,0.07938850281699768,0.08165751075603409,0.06062733865687739,0.0606347329578845
7,821,0.0696107291541717,0.11162833872522449,0.12880184853871027,0.06520796043976147,0.07200127639893067
1,822,0.02731312644616404,0.0412644243252902,0.0433051601638985,0.027323877254202468,0.0273150314534979
3,822,0.008034963891654322,0.011997769912201202,0.012708604914362565,0.008031498294133653,0.00803196888023305
5,822,0.047341931241111614,0.06810294774229429,0.0708413363906996,0.04734659430966036,0.04734952908780208
7,822,0.07114894145258663,0.10966829561140151,0.12487517602535923,0.07328569198219902,0.070436800887944
1,823,0.009070103310558882,0.014619757293166799,0.015135172614322609,0.009080721690713044,0.009075648399534451
3,823,0.0162018177323183,0.02168958711846494,0.022528204677886462,0.01619785063587178,0.0161980544271854
5,823,0.026407293248063343,0.043322695192333525,0.04603965907035005,0.02641141438097499,0.026413208779358637
7,823,0.07140255669987985,0.10954001897758935,0.1271331795707924,0.07784429624090637,0.06822536201962259
1,824,0.011274796570343143,0.018016391314261155,0.01846425591263269,0.011262736075418042,0.011271613992923079
3,824,0.02100781297355118,0.02728329775184029,0.028273771922619647,0.021005593360735365,0.021003982896160307
5,824,0.0013557602014754666,0.0021496372990390247,0.0025847951857557046,0.00135429814704831,0.001354644612843198
7,824,0.07035433226805642,0.11232524038877438,0.12425760809391279,0.07743602602112155,0.06645177796986304
1,825,0.02909141875092565,0.04346057585136641,0.04483477889702423,0.029075008971621116,0.029094861550813977
3,825,0.021631129269849527,0.027862820712668282,0.028300380130070642,0.02162953603863345,0.021626604364094595
5,825,0.026343243833733796,0.04330095163582825,0.04402694654694387,0.026350088554866032,0.02633885949330301
7,825,0.06871368569058463,0.1121351078490088,0.1265312215852902,0.0725645610346263,0.06625128983066592
1,826,0.041805156716343904,0.05614690611135802,0.05698064816754066,0.04179273726914324,0.041813495823285696
3,826,0.01797417142580215,0.023484588476015787,0.024181099467928548,0.017971168264387924,0.017970519837029374
5,826,0.0472870616835748,0.06774200508578125,0.06839650932449724,0.0472846925591689,0.04727696697539508
7,826,0.06737431193471377,0.10934049938168686,0.12818111802738227,0.06527782490927558,0.06773051030567248
1,827,0.047971263166213744,0.06001941308048025,0.06054721265609921,0.047971920667729644,0.04797480898645587
3,827,0.010627374843962345,0.01508897495060394,0.01571311852275291,0.010624429269397091,0.010626542094875693
5,827,0.06058290680229317,0.07881110202353978,0.07954416445196728,0.06057601851012438,0.060571241273475275
7,827,0.0667634829942331,0.11019237183568656,0.1317961312061771,0.05836104886209188,0.06995069052105746
1,828,0.04700240101161097,0.05964070525749457,0.0608886886591475,0.04701418020101926,0.04699982371250206
3,828,0.0010497457558175784,0.0015979829648594109,0.0017397797468945027,0.0010497581211696765,0.0010503000345426473
5,828,0.0651176588431995,0.07850450494334077,0.07935719252019613,0.06511132143235317,0.06511050767996567
7,828,0.067049528613154,0.11155895192159135,0.1294478416781092,0.055263972005845555,0.07183134341261946
1,829,0.03898810336010705,0.053680500579518786,0.05479258484494217,0.0390008211320319,0.03898731405270015
3,829,0.00892423571803888,0.013154722414990477,0.01385265538021288,0.00892195944727546,0.008923827828079345
5,829,0.06061429009495339,0.07956568749174854,0.08170164803253183,0.06061305986151977,0.0606125544666331
7,829,0.06835340248395354,0.11201838868273058,0.12713628468823487,0.05867474686188816,0.07264560978677959
1,830,0.02470768137244889,0.03791454318765464,0.040694146367081935,0.02471685107984269,0.024711471463567197
3,830,0.01684111042458863,0.02241718985210865,0.02324106400426836,0.016839083575455067,0.01684076458502521
5,830,0.04735574228142613,0.0686893710235818,0.07147972979917988,0.04735828165313852,0.0473543570307485
7,830,0.07023170654093414,0.11138297694802488,0.12770274994640485,0.06676465723459081,0.07207810269199802
1,831,0.005914795195840531,0.009637071914567773,0.010240871553728806,0.0059247594109236405,0.0059197455743286945
3,831,0.021267840150107416,0.02748372077971011,0.028444741037107715,0.021267689567752764,0.021267530868573806
5,831,0.0264848573178901,0.04410772672482695,0.04751364763106985,0.026485296482442296,0.02648127615931358
7,831,0.0714365934468798,0.10944186752626563,0.12670941968249314,0.07433471169872025,0.07022194978558029
1,832,0.01431359083211729,0.02308438271202265,0.023365361855667212,0.014301549764862571,0.014314250566612032
3,832,0.021467705799812595,0.02776047537026721,0.028455685178612793,0.021467879962725856,0.021466289871115454
5,832,0.002734243698024562,0.00422164526558353,0.0047187186307373645,0.002733706869800705,0.002732778854524386
7,832,0.07122125342227743,0.10971670297094643,0.12702166185012326,0.07801352804782394,0.06780235400377545
1,833,0.03148249482739639,0.046025035966325574,0.047071715734506005,0.03146669530887835,0.031490432121584186
3,833,0.017409633634695422,0.02298294992886944,0.023764065750611116,0.017408140260182444,0.01740843111999063
5,833,0.026429526726773612,0.044296067921810296,0.04647372192087627,0.026440793162903996,0.026433611899861757
7,833,0.06982612055579088,0.11284354452739276,0.12558143154564735,0.07674441902044425,0.06605721214039742
1,834,0.04323769330337401,0.05727175294592718,0.05832955712928616,0.043227117178448106,0.04324887836901045
3,834,0.009755737646064116,0.014120777140705856,0.014809797685888186,0.00975390609170287,0.009756088028411106
5,834,0.04730805473308334,0.06862496666107226,0.0700665310645058,0.04730841810980606,0.047305247546030924
7,834,0.06813623261158161,0.11125643790531924,0.12741366577939237,0.07135557865453088,0.06611775009924045
1,835,0.048302657043121186,0.0596651003503552,0.06051905508183391,0.0483049535892105,0.04830713507151426
3,835,3.062392941401283e-05,4.6161091496921565e-05,5.296222164902285e-05,3.062074978678926e-05,3.0611409875343154e-05
5,835,0.060575190088409885,0.07943865409019063,0.08001875144540264,0.060569767894969595,0.06056923228361707
7,835,0.06700509854667248,0.10876680467481176,0.12793103347960919,0.06401893742473938,0.06787133310658341
1,836,0.04619965336376692,0.05949829269362137,0.060452424139886246,0.04621110246812254,0.046197270962572166
3,836,0.009804974347691486,0.014176876907314624,0.014863073312521676,0.009803894578678803,0.00980678869747114
5,836,0.06509037520909976,0.07775198807783143,0.07797006015234278,0.06508422307419771,0.06508682854109113
7,836,0.06672168141814339,0.1099374830723716,0.13371295048884324,0.05757864114611915,0.07023693283946895
1,837,0.03712403449975321,0.05179961487445738,0.05328679931262818,0.03713448295519178,0.03712305297252531
3,837,0.01744248208977258,0.023015920275461715,0.023790948274014657,0.01744262195889707,0.017445730761252342
5,837,0.06057528712551138,0.07948113613772673,0.08022764304709903,0.06057396685739681,0.060574236606947426
7,837,0.06738147121753686,0.11205294627875545,0.13186890502738474,0.055518045008821376,0.07214896591626377
1,838,0.021975547416942895,0.034157554745954125,0.03709964629692771,0.021982090296523437,0.02197787178197177
3,838,0.02147980771274307,0.02776922878009351,0.028451403266683484,0.02148207463154177,0.021483610367329913
5,838,0.04731008492477259,0.06866671241540132,0.07026547259663131,0.04731201244651876,0.04730700438283236
7,838,0.06896204694991269,0.11220593995640687,0.12532325167961267,0.05999801777872027,0.07284595858996029
1,839,0.0026802648970491944,0.0044068123019816345,0.004813750203704179,0.002688828598744269,0.0026816421473864053
3,839,0.021257177159117232,0.027472582884408108,0.02843951930256932,0.021259498926097613,0.021259744901951524
5,839,0.026438850628714865,0.0442950968081364,0.04668530258889159,0.026438215084481187,0.026431816954518576
7,839,0.07080841185624938,0.1113884061685052,0.12721973737188358,0.06828156190735676,0.07207036423822849
1,840,0.017291400774217886,0.027536058209744058,0.02902174572303833,0.017279464032353562,0.017296924626405488
3,840,0.01680964485918263,0.022385341006142007,0.023204046877872538,0.016810047378248018,0.016811929549181145
5,840,0.002814808279091374,0.004338551341527172,0.004813267957568793,0.002816494203228637,0.002815417285682922
7,840,0.0716464714949018,0.10929466899636278,0.1284681843426721,0.07524817341601095,0.06995976396994444
1,841,0.03374497801601992,0.048110613537653495,0.04954604839783111,0.03372995121539578,0.03375672696003272
3,841,0.008876608447721087,0.013101141396839155,0.013789185686089419,0.008876231535460778,0.008879250724584347
5,841,0.026488622895004674,0.044171399894941656,0.04751536135206669,0.02650133373374589,0.026497275589496824
7,841,0.07097060696080511,0.11029989940224758,0.1282954250243798,0.07802589137751967,0.06739273889560399
1,842,0.0445063248310935,0.05823921776704211,0.05933514528818307,0.04449796288620644,0.044517890353310496
3,842,0.0011101179506354472,0.0016872905734817637,0.0018376033945792115,0.001109589670673761,0.0011097120003139267
5,842,0.047356417784576756,0.0686994128029786,0.07140667794124443,0.04735717042372617,0.0473586812853058
7,842,0.0692746468804076,0.11293227186685795,0.12748389626908632,0.07593799021365695,0.0657412407683302
1,843,0.04845412800095322,0.05976388301815174,0.06028877870535056,0.048458409999847386,0.04845625496466885
3,843,0.010677197690800057,0.015137232572269985,0.015761523897018976,0.010676926299222286,0.010680067909400872
5,843,0.0606122348340579,0.07960270110278643,0.0815862217818942,0.06060722196969831,0.06061242322449152
7,843,0.06758343803743509,0.11055726555975615,0.12866132883606213,0.07010576384280938,0.06606201489258727
1,844,0.04521841473283115,0.058899540705112205,0.05983447863652842,0.04523001091507041,0.045212998361285575
3,844,0.01800760825006381,0.023512338549804165,0.024200817373875118,0.01800956452421695,0.018013255923518733
5,844,0.06511292885009011,0.0783939588262095,0.07920890138192258,0.06510767784060283,0.06511654813976521
7,844,0.06668158728099587,0.10801662654279882,0.12773122597250688,0.06279086364817006,0.06804265454679556
1,845,0.035100055554913266,0.049588405712018946,0.05095864095537627,0.03510951594224441,0.03509577192853542
3,845,0.02164395409764185,0.027859836852767442,0.02828795336217196,0.021648338312554426,0.02165077009588105
5,845,0.0605769554258675,0.07871500490299105,0.0794163258283641,0.06057743327275724,0.060583286407220896
7,845,0.06673552400456072,0.1103610467638663,0.13310197699808776,0.05691952690452999,0.07050477525894577
1,846,0.01913027498595471,0.03016921624812066,0.032478542811480694,0.01913632738981621,0.019128850862711405
3,846,0.020998006437299294,0.027279895502862243,0.028259312815321225,0.021002195272018787,0.02100379690342157
5,846,0.0472820205395381,0.06784758122882309,0.06845927599270678,0.04728702816059011,0.04728622022211196
7,846,0.06776137329689681,0.1124190142844258,0.13382108988587565,0.05595686205023521,0.0724019877281597
1,847,0.0006124094239315399,0.0010049580695474932,0.0011728376842898717,0.0006036077252370668,0.0006150017572311763
3,847,0.01617136741469655,0.021653388164446036,0.022484765897452918,0.01617343229700068,0.016176870859241896
5,847,0.026346709938289053,0.04345216472827982,0.04433913322340548,0.02635030071107274,0.02634695595792373
7,847,0.06958398174838105,0.11266517596180713,0.12414809232318526,0.06141253705698906,0.07296299506411529
1,848,0.020195064532937537,0.03170495021792238,0.0343213062585261,0.020181199156896826,0.020203859768098707
3,848,0.007989025061643522,0.011937877412089638,0.012643773272075198,0.007990110594347507,0.007994241225451431
5,848,0.0015639254608931159,0.0024662832852502276,0.0029670258741582712,0.0015661566207289502,0.0015652941570219354
7,848,0.07133033788180283,0.11110980689549839,0.12574631515518314,0.06971550236792921,0.0719747605514861
1,849,0.03586546134331382,0.050474357153430086,0.05179633351526946,0.035849599513805855,0.0358792024244617
3,849,0.002174550249426826,0.0033211498418958918,0.0035927685194923845,0.0021731271909633046,0.002172876917407652
5,849,0.026421625439326107,0.043449631609113006,0.04635133270550362,0.026429816888176513,0.026423849794385838
7,849,0.07177874719527391,0.1095670097238157,0.12843754619991665,0.07600307685350435,0.06965501524092986
1,850,0.045600717159262005,0.05914499225876918,0.060021185870167706,0.04559343340006981,0.04561087053063627
3,850,0.011537546822079865,0.016028775701416174,0.016546544502282236,0.011537268984332038,0.011539885917939838
5,850,0.04735076567567049,0.06816044097614773,0.07104097418941485,0.047347825341432906,0.04734811308395199
7,850,0.07066163359259053,0.11085304329375303,0.12776532354043266,0.0778786633712341,0.06701742549465588
1,851,0.04841979864769319,0.05952608562480352,0.06043837287801302,0.04842557193654703,0.048418624779019266
3,851,0.01853818411855754,0.02399500393895587,0.024468597900092835,0.018540943964898367,0.018544179225684243
5,851,0.06063163960597184,0.0794374655384148,0.08176876303313367,0.060624058677139735,0.060629032050151216
7,851,0.0687138373094102,0.11273471449233786,0.12792736565690724,0.07503272799830008,0.06553638167172912
1,852,0.04405882127848832,0.057855239801080365,0.05897478888596432,0.0440709244896063,0.04405095405084714
3,852,0.02176228593747741,0.027751788799414347,0.02798906340968669,0.02176772022348406,0.021769916457953307
5,852,0.06514725391367314,0.07913468977167369,0.07984988128345334,0.0651408577197377,0.06515078083095434
7,852,0.06706384742889533,0.10970024647612532,0.12776862834421054,0.06883469229889294,0.06612469685365238
1,853,0.03292491582598256,0.047302930610980516,0.04867427249413884,0.03293501064117635,0.0329190207696971
3,853,0.020690780760535595,0.026969388584698908,0.02791306092080282,0.020695813956158937,0.02069789408627788
5,853,0.06061635450869059,0.07931964348852745,0.0810095144101233,0.060616523036137106,0.06062572475849141
7,853,0.06640424428803696,0.10801125117151328,0.12718965109123928,0.06161170257077149,0.06828208664715925
1,854,0.01619626624667523,0.025927679476603346,0.026925425229913622,0.016204673301632052,0.0161940210158432
3,854,0.015492861620957449,0.0208102909940588,0.021616186714965183,0.01549577302705087,0.015500267491850081
5,854,0.04731857597872394,0.06795825582431862,0.06981362927983766,0.047324587329977796,0.04732809517165489
7,854,0.06680505605873284,0.11081380583743933,0.1316909709689771,0.05639979859127447,0.07079364925982917
1,855,0.0038883117868249374,0.006468400515690616,0.006907080773108927,0.0038772954270751654,0.0038900807985788985
3,855,0.007088677691073793,0.010732679062550552,0.011384365030626132,0.007090979183601865,0.007095878120162074
5,855,0.02636310961235176,0.0430544581708636,0.044549516704135796,0.02636894594102317,0.026370358685871318
7,855,0.06818722384916968,0.11289616008009948,0.1328626686549608,0.05657344394525608,0.07261972596735249
1,856,0.02300164387522682,0.03557576112875308,0.03855590633738257,0.022984766798558792,0.023008581174852657
3,856,0.0032131009227482727,0.0049152571474695384,0.005292856572281297,0.0032105740159430675,0.0032096025379869633
5,856,0.0004595517346194612,0.0007429318973596622,0.0008857808888612249,0.00045904816421836334,0.0004596982937080537
7,856,0.0702113682920395,0.11266057723832706,0.12623289479655744,0.0628766050956471,0.073015993263974
1,857,0.037831423997970515,0.0525269095648325,0.05394848213456519,0.03781439468542501,0.03784294764487243
3,857,0.01238051957148381,0.016918780167368606,0.017235598467915114,0.012379264914649886,0.012380903925698248
5,857,0.026340140296796172,0.04278556452706171,0.04292744247117121,0.02634536520581512,0.026334967018377408
7,857,0.07179574453093734,0.11049437295475698,0.12372375566564835,0.07104495387067766,0.07180069398945009
1,858,0.04651634997047807,0.05958697118934607,0.06068013147731013,0.046510110673370686,0.04652290359903404
3,858,0.019035338868312837,0.024623057826178962,0.024814131314159573,0.01903749414922633,0.01903961040401599
5,858,0.0473003114606708,0.06781934886197791,0.06865215719777903,0.04729619882422554,0.04729006233456018
7,858,0.07183849487307264,0.10954050984850054,0.12665385465019602,0.07660162158238337,0.06930707084236354
1,859,0.048201571547649945,0.059784961251903884,0.060532481524886314,0.04820884650797978,0.04819775682177378
3,859,0.02183788652225648,0.02747718259972379,0.02777961240929067,0.021842776198501914,0.021843989277774898
5,859,0.06060058941402506,0.07917986691104341,0.08020405102651011,0.060592294929767136,0.06058978963850894
7,859,0.07030508902544574,0.11129371878389895,0.12722564832152636,0.07759573043952334,0.06666203711873336
1,860,0.04272861295771176,0.05687474519473242,0.05786899264076322,0.04274146018216755,0.04272118561548809
3,860,0.020338081270081878,0.02646658607055457,0.027382188121549984,0.020342437346944554,0.020344348509506924
5,860,0.06513552220281506,0.0788820854215707,0.07976894526323988,0.06512845674322242,0.06513049986583067
7,860,0.0681515561174085,0.11251590993485702,0.1284184297780939,0.07406555465165547,0.06540711912469348
1,861,0.03061290524091153,0.045106209120741245,0.04618947367734074,0.030624075230402278,0.03060920663753502
3,861,0.014773939201034408,0.01986962534426208,0.020584459882956457,0.01477652832684632,0.014781513704949564
5,861,0.060627225185525685,0.07950023711315846,0.08193666808839083,0.06062598144266337,0.06062882978287817
7,861,0.06657674718761321,0.10916112540263716,0.12741593609380075,0.06757330194912861,0.0662693664562658
1,862,0.013194132993446506,0.02111555395588317,0.02148760486880839,0.013204768287298704,0.013195031821703248
3,862,0.00616936356325696,0.009407102532369371,0.0100053224558663,0.006172348783235514,0.006177406708511844
5,862,0.04735847403983411,0.06842806570278209,0.07150025910064342,0.04736198194225726,0.04736107311991185
7,862,0.06616767269367588,0.1076696810037386,0.12808917040271758,0.060510056362405425,0.06856903369374338
1,863,0.007094719603825788,0.01154313783164226,0.012131047961713473,0.007082481692147784,0.007092673787910963
3,863,0.004220054480005365,0.006471408005866663,0.006929417252376129,0.004216366330916251,0.0042147562082832215
5,863,0.026461329507205977,0.043807908723787904,0.047197787528486905,0.02646353167620329,0.02646220358087984
7,863,0.06692171626926882,0.11135244596257052,0.12870721994832474,0.05603850730022383,0.07110044556788665
1,864,0.025687534771488843,0.0391532392587998,0.04171887765398109,0.02566962927616446,0.025690708562685797
3,864,0.013199997110063224,0.017915617977830842,0.018100115241949835,0.013197088184113439,0.01319770143792124
5,864,0.002250282074650128,0.003478012730587571,0.004107181066888195,0.0022490437733245524,0.0022489677705083214
7,864,0.06864882512424121,0.11290347470531553,0.1306882722163228,0.05736069485768863,0.07281428677825233
1,865,0.03963554305061698,0.054279921011524006,0.05519272675062586,0.03961958877361832,0.03964353948114194
3,865,0.019499185309899924,0.025194555544083758,0.025803055702558506,0.019499570872825826,0.019500375927700493
5,865,0.026383021343342545,0.04394210185003041,0.04547327110742837,0.026392305060198257,0.026383057613170252
7,865,0.07082861417287926,0.11241508740597439,0.12758931393423248,0.0643579509143191,0.07302293376361647
1,866,0.047254225110673974,0.05976942309091075,0.06090675821214426,0.047250966144053684,0.0472572590799063
3,866,0.021873859976815003,0.027130662212257455,0.02747425777362138,0.02187678837461822,0.02187676390827217
5,866,0.047290581864265935,0.06826306704266681,0.06920766187300827,0.04728969631166819,0.04728391786666439
7,866,0.07220086063232038,0.11033837754374202,0.12367536666341784,0.07225947552480891,0.07157138065768617
1,867,0.04780585248375697,0.06003711777093584,0.060579676534174225,0.04781601469404587,0.047800875471964016
3,867,0.019943702251833298,0.025896112201970307,0.026691789005405944,0.019946026597921412,0.019947447616036458
5,867,0.0605717229393832,0.07910453257658279,0.07938468935935387,0.06056544824126776,0.060562214405190454
7,867,0.07183047158906834,0.10938617694849455,0.12648438169288906,0.07705226786542621,0.06892407061076365
1,868,0.041237601682336374,0.05571220412092226,0.056435338592796494,0.04125190158925473,0.04123258589949697
3,868,0.0140164510701739,0.018870115403052008,0.01941684336703702,0.014017661559716857,0.014022665586944367
5,868,0.06509766265449451,0.07801247923969609,0.07853918788526017,0.06509099862270228,0.06509119561013403
7,868,0.06991274505112027,0.11195565432195684,0.12497338363128015,0.07719926005524705,0.06632494041222865
1,869,0.028175705261096282,0.04234438310766479,0.04409261082748444,0.028187846192784777,0.02817597642170167
3,869,0.005224714203084395,0.008000461141844026,0.008532548391452602,0.005227698126790548,0.005232349214792366
5,869,0.06059127384644603,0.0795945799539874,0.08099583076966445,0.06058945442389591,0.06058846133978119
7,869,0.06759598921023917,0.11211254829000503,0.127161910028501,0.0730595482197181,0.06532789271970149
1,870,0.01013254045546148,0.016262951607284967,0.016748380244271357,0.01014469218825347,0.010137014655631337
3,870,0.005194559175735141,0.007949682137271825,0.008494140658523209,0.005189953613519974,0.005188077200509703
5,870,0.04733425961089715,0.06879597683276534,0.07094587168673926,0.0473357134870227,0.047330309538436637
7,870,0.06612328569104416,0.1084255351868276,0.12734115888831252,0.06633772706449823,0.06646123176961086
1,871,0.010221107775932645,0.016394921927548697,0.01687310954686784,0.010207523066141212,0.010217793835526814
3,871,0.013990350016463822,0.018829193481787472,0.019385485383130098,0.013985750072109438,0.013985535367971948
5,871,0.026474832065878983,0.04433451838817454,0.04728551072829873,0.026473673539537113,0.02646749651957249
7,871,0.06597580800210223,0.10794310136109815,0.12879097847378282,0.05951052672818921,0.06888430673870172
1,872,0.0282450927934325,0.042397507066191366,0.044148986504539876,0.02822685557532638,0.028248016807910867
3,872,0.019928617745227785,0.025873756309129123,0.026671847181457067,0.019926859927349844,0.019926401973728056
5,872,0.0029561276165506367,0.004563764084150959,0.004911104543073935,0.002957099719055208,0.00295522479546306
7,872,0.06708695718419265,0.11172470028294408,0.12701687927607733,0.05586267049781138,0.07141417725333297
1,873,0.04127899009966948,0.05575162420415057,0.056471512951784694,0.041264655041858146,0.04128688007491541
3,873,0.02187238642502559,0.027130037105958293,0.02746543119289879,0.021872764015381196,0.021871462767032085
5,873,0.026476288044432163,0.04433637051461986,0.04727276181071713,0.026489625625213523,0.026484570205844583
7,873,0.0691435692280867,0.11311908979207762,0.12965033427073783,0.05832173129946008,0.07298864724936265
1,874,0.04781801326074456,0.06003442017181322,0.06058003418663817,0.04781750799035146,0.04782094230487286
3,874,0.019511683553174126,0.02522359281749681,0.025824902865777336,0.019511383763845206,0.019512107949265944
5,874,0.047337309461903794,0.06880544349564927,0.07092810318017344,0.04733862523207557,0.04733867207721687
7,874,0.07142150980252296,0.11253639406982363,0.12855916821259486,0.06583511175978528,0.07298596959059572
1,875,0.047236935355496036,0.059751182746819856,0.06090783792219573,0.047248995413464785,0.04723324062023587
3,875,0.013224161057374171,0.017936680343694594,0.018133295837042384,0.013223468101800317,0.013228047671920996
5,875,0.060593236585224385,0.07957918327608052,0.08097467823808883,0.06058834818441706,0.06059166485849186
7,875,0.07253984551276718,0.10999897001835954,0.12535526884030535,0.07334998685355806,0.07129694908162405
1,876,0.03958898208408132,0.05423120995068276,0.055165703468516306,0.03960328055456254,0.03958688716548709
3,876,0.004249645712418838,0.0065229041463299815,0.006968811733615853,0.004252061318470886,0.004255824931150799
5,876,0.06509723367973895,0.07800943559709558,0.07851679257027931,0.06509153514567226,0.0650982163357977
7,876,0.07175584675892041,0.10961263917955216,0.12636002920679026,0.0773513401537225,0.06851910914243742
1,877,0.02561377000280812,0.03908635169837525,0.04164799587736912,0.025625108646420338,0.02561671763251324
3,877,0.00613947529284286,0.009360407415942145,0.009971658898261654,0.006134500198931522,0.00613285178703833
5,877,0.06056907032261467,0.07911976977797165,0.07939865901104341,0.060568620520565705,0.06057216990458291
7,877,0.06949279167755608,0.11249934314258722,0.12681815027808804,0.07669070181511509,0.06601962830725451
1,878,0.0070034380736350215,0.011414306095369257,0.01199440387045657,0.007015498214710771,0.007008485204927974
3,878,0.014747056761571738,0.019837408069141763,0.02055848384879571,0.014741419367299346,0.014740699847937152
5,878,0.04728707451002584,0.06826793257975143,0.06923469411869002,0.047290375270558384,0.04728757707119345
7,878,0.06705533869317502,0.11104396554310964,0.12571580220188572,0.07201452269381771,0.06529888461405794
1,879,0.01328036161931803,0.021272645690298148,0.021627601302140347,0.01326636586829761,0.013279951242847761
3,879,0.020321424394541446,0.026439369203488224,0.027367890128282075,0.0203180945936738,0.02031654005909381
5,879,0.026382294770019774,0.043933394590310336,0.04550622914994822,0.02638334164507186,0.026378437928153094
7,879,0.06570827084151407,0.1078284881782304,0.1273096187507293,0.06513354032278626,0.0666856150094388
1,880,0.030678304213115185,0.04522091042726461,0.04624505583742705,0.030660385855231648,0.03068505531713844
3,880,0.021834199398596134,0.027466360193931786,0.02777344377368639,0.021832484493921656,0.02182996888682728
5,880,0.0022677165120535254,0.0034897053479612085,0.00413358625935788,0.002270031910195021,0.00226881030091802
7,880,0.0658358412890879,0.1085726920872545,0.12917285454125266,0.05863725891418665,0.06921270407760496
1,881,0.04276548990743779,0.05690322693748106,0.05790226952836287,0.04275286269829338,0.04277608215747896
3,881,0.019045539942395516,0.0246296021386709,0.02484042896738543,0.019042989386416683,0.019042892400698466
5,881,0.026464435134800148,0.04377811667412519,0.04721530915461461,0.026475664120727556,0.02647060541796111
7,881,0.06730258653942812,0.1115408429759828,0.1268384029114226,0.05590090686680445,0.07171518838798935
1,882,0.048209193266193315,0.059764649289807556,0.060534619675258736,0.04821044060315416,0.04821342023693375
3,882,0.012402496466698582,0.01694018988654262,0.017251590759680996,0.012400080400692076,0.012403860692538132
5,882,0.04736235731788495,0.06842110055245394,0.07150666923570943,0.047361537821871594,0.047363016091237505
7,882,0.06966619708287888,0.11314756631329936,0.13024622864948562,0.059454203015372735,0.07313527229681414
1,883,0.04649438938306837,0.05958493138997567,0.06066544922483693,0.046506347868606523,0.046491680695476496
3,883,0.0032416414980003406,0.00496267971116733,0.005333942745021191,0.0032431846366007743,0.0032457729750297155
5,883,0.0606292309171415,0.07949841079953097,0.0819351371941935,0.06062306464898334,0.06062920672444074
7,883,0.07197523101957898,0.11269697124403577,0.12798503030182484,0.06728568282940485,0.07290687997168517
1,884,0.03778025113177383,0.052494452197663445,0.05390485081295601,0.037792346139918095,0.0377790458889824
3,884,0.007060038219151381,0.010687487780838683,0.01135075535957478,0.0070553782052989395,0.007054513618386634
5,884,0.06513503284453823,0.07886869614314664,0.07976109192884692,0.06512934971102866,0.0651402359605396
7,884,0.07280626799769993,0.11014627897720256,0.12725632660732952,0.07430257250722475,0.07099682143657407
1,885,0.022924339216173508,0.03551930946914769,0.03845304317218059,0.022932953517534646,0.02292687948260202
3,885,0.015466964592519242,0.02077132887599383,0.02159199092921847,0.015461403795534569,0.01546070973878972
5,885,0.060597846217287255,0.07917271728986415,0.08018019704365055,0.0605985842054473,0.060607594848098176
7,885,0.07161825257435961,0.1097686006410906,0.12802272140351592,0.07748849509027175,0.06812650582336587
1,886,0.0037954704582310894,0.006319168772095278,0.006761366042124855,0.0038061048921113503,0.0037976696128611646
3,886,0.02067457732628177,0.026953739600417054,0.02790189460877905,0.020670947749555357,0.02066877956765843
5,886,0.0472958742520365,0.0677995771374539,0.06862312125234388,0.04730213226080318,0.04730470806977219
7,886,0.06905546207352786,0.11285865074252226,0.12645930995083085,0.07606327852059906,0.06577843733671598
1,887,0.0162798250923272,0.026016498335135575,0.027082793214226658,0.016266147735223488,0.016284349849555412
3,887,0.02175836675993059,0.02774460034247069,0.02797961043236798,0.021755850483414288,0.021752512313490402
5,887,0.026337893189965045,0.04278466349642218,0.04290043554589917,0.02634357599711254,0.02634361492271297
7,887,0.06654131210470515,0.11035790669491624,0.12792303368337476,0.07091870043148606,0.06534137360448139
1,888,0.03298600819454562,0.047375161148240634,0.04874086626400466,0.03296891965851507,0.032997125933405945
3,888,0.01854759566177459,0.024000956894422786,0.02447374778937244,0.018543985041886233,0.018543213810988494
5,888,0.0004872886314225476,0.0007838613155368209,0.0009396839174733816,0.00048740426479589234,0.0004878608750735345
7,888,0.06533800642713791,0.10712582644577402,0.12791529135157456,0.063951294996135,0.06694440029572887
1,889,0.044091343398663836,0.057873630865962096,0.05900154804947623,0.04408078985844873,0.044103265037994874
3,889,0.011558045421767967,0.016048723566423225,0.016565037068246448,0.011554741430066523,0.011557564011575172
5,889,0.026366068520902584,0.04304890999001357,0.04459883604010148,0.02637193866640461,0.026362832943724143
7,889,0.0657525205429306,0.10866114066276598,0.1282781131890065,0.05788568497878305,0.06954925329028436
1,890,0.0484230273503911,0.05954808146192491,0.060434476039498385,0.04842593667034655,0.048425842997584775
3,890,0.0022019948210482395,0.0033648698489247885,0.0036363699858601712,0.0022026638751355917,0.0022041005292840307
5,890,0.047323048037260854,0.06798431727580685,0.06984873833028325,0.04731873922686987,0.04731517066842148
7,890,0.0675666288961309,0.11158494298294039,0.12540030635543448,0.0561400614542867,0.07199187140374472
1,891,0.04557443132413951,0.059113372532025366,0.06001086112665795,0.045585971296239855,0.0455693407165121
3,891,0.007962489990300215,0.011900231793525113,0.012615735325311364,0.007958736953440196,0.007959159472402857
5,891,0.06061879390054168,0.07931688671709924,0.08103275959612442,0.06061013235057862,0.06061116427788922
7,891,0.07020457151741202,0.11338087712387138,0.13278613573374615,0.06071813685806942,0.07324427262470244
1,892,0.03581027007094234,0.05037581398682022,0.05172823340873925,0.03582040105761925,0.035806188825137794
3,892,0.016148326030060035,0.021635419777401035,0.022465994856969974,0.01614399369269188,0.01614410856132491
5,892,0.06514733947801779,0.07914517803224648,0.07984720100946541,0.0651400632952948,0.06514638440535282
7,892,0.07247598167180305,0.11270157229757881,0.1306811014706958,0.06868110257978294,0.07278295862711534
1,893,0.020115151405669638,0.03153707579994265,0.0341930305713507,0.020121954687964388,0.02011396349039967
3,893,0.020984651754372422,0.02726127884238311,0.02825288678026586,0.020982148202111243,0.020980340934159698
5,893,0.06062931853838042,0.07940016801784759,0.08175695742304499,0.06062839722870376,0.06063548678125363
7,893,0.07299409391019647,0.11029708964617943,0.12807609627755734,0.07511295785136772,0.07067538121665322
1,894,0.0005191273983226678,0.0008532343501909274,0.0010132117990305307,0.0005287354348974592,0.000516802599195293
3,894,0.021642350118520358,0.027858837690887935,0.02828249168282011,0.02164055752199196,0.0216373454873949
5,894,0.04734635887772761,0.06816457105694988,0.07101941900849389,0.047350950917029795,0.04735358791314941
7,894,0.07142196454789261,0.11021266446890825,0.12877465490545295,0.07747291687927471,0.06776049037514362
1,895,0.019211032941698382,0.03026381623860977,0.03262126341601384,0.019196313864857647,0.019220025462548983
3,895,0.018018407505122392,0.02351931166835667,0.024209122671536052,0.018015225002396495,0.018014395892601193
5,895,0.026418181538661968,0.043407431595190685,0.04631680239613327,0.0264221029313001,0.026423716088000614
7,895,0.06860843137843632,0.11280364936523435,0.12801854303212945,0.07532964478179235,0.06560869583854859
1,896,0.035156630323578894,0.04963974952607257,0.05101272605989319,0.035139453809123464,0.03517058819875152
3,896,0.010697574247956317,0.015164647203459005,0.015782309031019234,0.010694511666002235,0.010696623854132205
5,896,0.00154110391472462,0.0024325320123815266,0.0029238070204473045,0.0015396142288545214,0.0015397002259317832
7,896,0.06606220532513774,0.10987739489146747,0.1287481781847842,0.06977264674304573,0.06545712933777202
1,897,0.04524616450268438,0.058916696224271314,0.0598510558148876,0.04523733624375341,0.045256959147221214
3,897,0.0011368093682163512,0.0017287093998366813,0.0018814464797583703,0.0011369067177848771,0.0011374189235281351
5,897,0.026347964353084796,0.04342989818296859,0.04430293170966175,0.026355525346055283,0.02634391998467939
7,897,0.06502092040870013,0.10654102591981551,0.12783654381257264,0.06278677706514448,0.06724119238400096
1,898,0.04845237825350094,0.05975738329174389,0.060304000578455134,0.04845721808302384,0.04845147887546955
3,898,0.008852582020325163,0.013065906073441843,0.01376163004059004,0.008850079067975353,0.008851978996900923
5,898,0.047285998451741126,0.0678364295275368,0.068449301170803,0.047283895728465995,0.047275895482475155
7,898,0.06573348714732027,0.10930142192930623,0.12725675593165744,0.05725241233994254,0.06989992035145676
1,899,0.04447524761270302,0.05822084540504639,0.059313491519991345,0.04448744552652916,0.04446660818746108
3,899,0.016790773030326625,0.022356276484936752,0.023187809192426682,0.016788464449463487,0.016790091108219964
5,899,0.06057973543484837,0.07872113135431351,0.07943028440254041,0.06057276843831717,0.060567767185252065
7,899,0.06788355409092377,0.11206212258123481,0.1275016148424229,0.05656764172914134,0.07225385281249913
1,900,0.033685336574299306,0.04805264801286712,0.04948164827574086,0.0336959139946469,0.033678153625323344
3,900,0.021248553989101394,0.027480617874586312,0.028437102505367882,0.021248207878647073,0.02124784566308178
5,900,0.06511346255063015,0.07841031654915988,0.07922694579971074,0.0651068138950888,0.0651058782552879
7,900,0.07074967389475773,0.11341654705457252,0.13381669712402766,0.062071482863473415,0.07331962390944041
1,901,0.017208754895903376,0.02741345981136201,0.028871597717841167,0.01721743904874675,0.017204975883819775
3,901,0.021482653379083554,0.027776677793266476,0.02844941273827329,0.021482704995041776,0.02148080115771064
5,901,0.06061032603595877,0.07957662615655633,0.08160071766857008,0.0606089094507545,0.060608110203585704
7,901,0.07291620493687091,0.11211834831621097,0.13285710859389352,0.07000427433128796,0.07261527129825837
1,902,0.0027734099206483988,0.004560318997795179,0.004969139093483854,0.00276159166270602,0.00277711061199127
3,902,0.017456641594239472,0.02303720499158252,0.023802471069293018,0.017455024984540074,0.017455085366147417
5,902,0.04735307014767868,0.06872581085296169,0.07141626371998758,0.04735540431863363,0.047350980915381494
7,902,0.07309745359119887,0.11002772376512501,0.1265907818461677,0.07578679959399293,0.07032194064869045
1,903,0.022053854348163777,0.034329262951755535,0.037209333118394965,0.02203618540637913,0.022062669297098252
3,903,0.009826627980584523,0.014193371880429123,0.014886172138168051,0.009824706128202625,0.009826805690384648
5,903,0.02648635618650816,0.04414626092011082,0.0475165851543616,0.026486358854622707,0.02648179616617113
7,903,0.07116385419863064,0.1108364419630865,0.12837557287517223,0.07732305510942576,0.06739926850181253
1,904,0.03717654064500423,0.05183463967235993,0.053342421630994646,0.03715810675542282,0.037189568987794824
3,904,5.706975021044376e-05,8.599310479633479e-05,9.867894746244107e-05,5.711655667019529e-05,5.7022650915102557e-05
5,904,0.0028073462889088843,0.004323943545760233,0.0048035625926662285,0.0028070969949033106,0.0028057180715844294
7,904,0.06814456099194148,0.11252655868704547,0.1283503769477533,0.074507286450431,0.06546613643439829
1,905,0.04622288128613617,0.059488769236659154,0.06046891310834192,0.04621504994913754,0.0462305528324006
3,905,0.00973397567106123,0.014088228594852262,0.014786921635249188,0.009732750662222114,0.009735787686525336
5,905,0.026439771767005224,0.04432427196463612,0.04666178769170385,0.026452044561965194,0.02644484221693602
7,905,0.06561060826146084,0.10926665033759247,0.12831064195834543,0.06858406424618309,0.06559772726333
1,906,0.048296182386463084,0.05968673106213612,0.060520604573058606,0.04830258458098946,0.0482921313436872
3,906,0.01739518196855303,0.02297963309535001,0.023752319507083668,0.017395171848953284,0.01739833671207756
5,906,0.04731319482143678,0.06867671810318178,0.07024266699078292,0.047313888262391406,0.047311123057487664
7,906,0.0647561282968082,0.1067091340953512,0.12613911579885975,0.06165344845455505,0.06754646876288292
1,907,0.04320193351241183,0.057210267399406434,0.05830230825284936,0.043214871300361744,0.04319260222274813
3,907,0.021464461811013528,0.02775620674868155,0.02845732529559628,0.0214666835780426,0.021468115904556034
5,907,0.06057754132326545,0.07948366480928189,0.08020336175382535,0.06057206286964845,0.06057219838751571
7,907,0.06578130150005897,0.10979749213077973,0.1286183862601638,0.056756616595766474,0.07025099108404931
1,908,0.031418182591033184,0.045937825162947685,0.047000330428893185,0.03142975859773264,0.0314118468141876
3,908,0.02127605743552408,0.027500688096993783,0.02844677345671083,0.02127840268543536,0.02127840883232915
5,908,0.06509025790459659,0.07774527658375538,0.07796534410246336,0.06508386138308901,0.06508733856638027
7,908,0.06825720242491454,0.11224272969117209,0.12802716780387927,0.05719142101597391,0.07250496245648237
1,909,0.014227947285702227,0.022927968195864623,0.023225608149989974,0.014238995186293834,0.014226145980888583
3,909,0.016859664492436418,0.02243292375696031,0.023256932649252764,0.016860074503726525,0.01686175553912872
5,909,0.06057277638545083,0.07942821318092136,0.0800432793204277,0.06057144396107855,0.06057233330041001
7,909,0.07129386110315991,0.11318326500455735,0.13263549595814628,0.06349133578069038,0.07337042412728131
1,910,0.006006953805603931,0.009801363405146032,0.010382807787616539,0.0059936835929147595,0.0060073145112608875
3,910,0.008948108169133327,0.013183186900608965,0.013879863456236608,0.008947726940397145,0.008950635891417586
5,910,0.047304809349785336,0.06859827119771778,0.07009022759347369,0.04730686269502317,0.04730208281852721
7,910,0.07329379237326893,0.11197614105910764,0.13392981643563473,0.07124868418019174,0.07242107409971511
1,911,0.02478284001867605,0.03799379209190951,0.04077135988739155,0.02476349112875655,0.024787991199213575
3,911,0.0010230960507309845,0.0015554105554446609,0.001698234803618479,0.0010225291012949677,0.0010228157710554147
5,911,0.026428591139605006,0.04425242561392945,0.04649963300755119,0.026427972154895448,0.02642164189295377
7,911,0.07311821520973344,0.10986899916667724,0.12609784221083023,0.07632617332483398,0.06995282238509093
1,912,0.039036244542801544,0.053720783197423586,0.054822804886158774,0.03901823052917548,0.039045762083601145
3,912,0.010606979417415162,0.015069305207675694,0.015692188791668855,0.010606648735785085,0.010610032410486235
5,912,0.0027436686528177472,0.00424115320649997,0.0047312990218083975,0.0027455351040585685,0.00274446685457184
7,912,0.07084928162972318,0.11137103346746549,0.1273662565895147,0.07704517334922403,0.06705681819454198
1,913,0.04702115727335168,0.05966576661545577,0.06089356225521445,0.047015811549878515,0.04702502764196084
3,913,0.01796318938423484,0.02347976542827728,0.024172450587672423,0.017965146539232778,0.017969019830706263
5,913,0.026487381540956333,0.04415554824315313,0.04751544845940573,0.02650061169682996,0.02649615222332536
7,913,0.06766635411413052,0.111957742495903,0.12843820755325186,0.07359845061048088,0.06534528862742732
1,914,0.047960493466796275,0.0600352708442761,0.060549941126853794,0.04796943271997284,0.047954910649332695
3,914,0.021632445909303705,0.027858926168216308,0.028305651758945293,0.021636962247019886,0.021639427222402422
5,914,0.04735924578417885,0.06866489275521004,0.07147232739676855,0.04735998572385762,0.04736155052033777
7,914,0.06518882052963683,0.10868137698837273,0.12765957559258825,0.06736211901210329,0.06574759707742212
1,915,0.04176518482669988,0.05611981519940598,0.05694692440476743,0.04177944203455993,0.04175812339670394
3,915,0.021020857831030557,0.027299756372419604,0.02827991317807498,0.02102524659885601,0.021026731569528483
5,915,0.06061624122413645,0.07959210611383892,0.08168924059283804,0.060610995571631444,0.0606166307214999
7,915,0.06455243345244932,0.10760804331677114,0.12586595976731943,0.06058201995347322,0.06785184103416347
1,916,0.029023248308299443,0.043334031325905645,0.044780331399374124,0.029035978271664223,0.029020986016098177
3,916,0.01622460278115439,0.021721781784353314,0.02254685501591615,0.01622683663092913,0.016230160399137866
5,916,0.06511705996447,0.0784976432712842,0.07934060805918408,0.06511157665248456,0.06512127196069843
7,916,0.06590510225113981,0.11035151872687228,0.12770649047069246,0.056441073737927665,0.07059579432988643
1,917,0.011186920186764739,0.017893487337141748,0.01833955621024729,0.011199850450260708,0.011189236210399429
3,917,0.008061348965489072,0.012037826960571254,0.01273662483626223,0.008062536877641873,0.008066598856337343
5,917,0.060580071708244185,0.07879304857258859,0.0795284303015204,0.06058065726871882,0.060587408408916923
7,917,0.06869526719002339,0.1123010420114958,0.12632748013028453,0.058030627308166084,0.07274775470982267
1,918,0.00915967139437106,0.01474050813555274,0.015260037496849056,0.009145060462972027,0.009157354677720022
3,918,0.0020892045396307497,0.003191219971898715,0.0034511631297980574,0.002087705308070676,0.002087659799479276
5,918,0.04728289298387812,0.06775619918797908,0.06840149256611644,0.04728832888886852,0.047288170165639756
7,918,0.0718314860599322,0.11333973896883051,0.12981386568236644,0.06495218913052968,0.07340287928032718
1,919,0.027384040640210567,0.041310806173060384,0.04336816789532831,0.02736428193129209,0.02738734179834168
3,919,0.011468468961959619,0.015958190010788777,0.01648509389174351,0.011468192001854978,0.011471099903755336
5,919,0.026341686885233983,0.043332473884900156,0.044063661326895195,0.026345793523797206,0.026342980256044077
7,919,0.073608505584529,0.11184642183269553,0.1328668116152873,0.07239595440517278,0.07221710152135519
1,920,0.04073411102427304,0.055292610152084636,0.05599574170436025,0.040717891065008366,0.04074207866430279
3,920,0.01849650574071481,0.023956213507212012,0.024451134843792,0.018499398130921958,0.018502884177945097
5,920,0.0013796473369778069,0.0021936837850536415,0.002630726973846836,0.0013816788418700916,0.0013810676343637657
7,920,0.07306199821378616,0.10982005352627425,0.12768696161290727,0.07671843467565581,0.06959324190624756
1,921,0.04764408425291346,0.059962701864750965,0.060666489407312674,0.047642120941770755,0.047646566672009526
3,921,0.021754380910966147,0.027762903651779615,0.02801974493965229,0.02176011012934776,0.02176242059101382
5,921,0.026410846316518848,0.04335117506143547,0.04607786848459348,0.026418984175297113,0.02641214926148529
7,921,0.07048704384230547,0.1119751695315686,0.1271054940381921,0.07663911529667179,0.06675362303043934
1,922,0.047450590906320936,0.05987856346783029,0.06082529936841927,0.04746239983316199,0.047445539178788444
3,922,0.020717457121099642,0.027002479202387273,0.027949229833292236,0.02072285312003618,0.02072490595346729
5,922,0.047346529678695265,0.06813463024748515,0.07086620155961093,0.047343279591895056,0.04734287819412883
7,922,0.06718352492775746,0.11113329729759748,0.1268269172363963,0.07261273129216513,0.06526313731497038
1,923,0.040170550554516814,0.05477035028579094,0.055580146053275346,0.04018582950779551,0.0401664857087313
3,923,0.015549399397088015,0.020875658149523524,0.02169564731843705,0.015552627445847272,0.01555709514656857
5,923,0.060630573204345235,0.07941192038254624,0.08167188151554074,0.06062254563129098,0.06062706275157461
7,923,0.06480290141816297,0.10813056305778311,0.12749751208862836,0.06613618402376485,0.0659114625878206
1,924,0.026504391923680246,0.04021048655344427,0.04253423207555727,0.026517270995348678,0.02650555437913454
3,924,0.007162262805556809,0.010833442083886292,0.011495471663816093,0.007164774503152263,0.007169675044930955
5,924,0.06514864799021379,0.07916376728645803,0.0798234842349819,0.0651418634831111,0.06515164855707117
7,924,0.0644180433822073,0.10814271937016182,0.12730319989554953,0.059616841807342474,0.06816278975507942
1,925,0.0080824560693105,0.013058914153596564,0.013630853052528542,0.008096015456690128,0.00808658451643207
3,925,0.003130122285143677,0.004789663887027089,0.0051602317526552085,0.0031274585378262337,0.003126683483228322
5,925,0.06061986549061322,0.07935015605960108,0.08118059718502328,0.06061991380096586,0.060629291051661545
7,925,0.0661078481597602,0.11049024694340213,0.1258629665003054,0.0563448820224596,0.07093460440168592
1,926,0.012240439594507574,0.01956147560925507,0.01993888372495376,0.01222498847639122,0.012239771929256259
3,926,0.012313058019537398,0.016840197759466772,0.017183533655946208,0.012311801176032625,0.012313722568946691
5,926,0.04732416343411604,0.06797563834615503,0.07007457381806421,0.04733025217479782,0.04733394314511687
7,926,0.06919084956825479,0.11211740828800834,0.12690321336243515,0.059074287586552,0.07298155864393854
1,927,0.029859452135247683,0.04432732436031799,0.045514068976014045,0.02983982010394327,0.029865547685074965
3,927,0.018996325985198032,0.024592561472925045,0.02472821569884975,0.018998669601978213,0.019001030684056598
5,927,0.02637201472858073,0.04311503261664819,0.04491681315582279,0.026377885060078796,0.026379600791165945
7,927,0.0723469682263654,0.1131658224609613,0.1291305626980603,0.06640997595668154,0.07341780209238971
1,928,0.04227430196209591,0.05650815155158848,0.057422450121601715,0.042259894384715536,0.042284513748736666
3,928,0.02183329972930587,0.027505877032935035,0.02779912826791808,0.021838568446802462,0.02183989458863173
5,928,0.0006701966215474079,0.0010844036900407637,0.0012900113933695858,0.0006693469096739036,0.0006702049630276242
7,928,0.07385070141862068,0.11179057247193637,0.1306326115973736,0.07341393858396147,0.07200727334689205
1,929,0.04809463320674814,0.05992841286211389,0.060507448638795966,0.04809492841289688,0.04809857717304904
3,929,0.02036829572331275,0.026510169232818296,0.027429104029084855,0.020373101030638597,0.02037501140601241
5,929,0.026338167042804752,0.04287000280431162,0.04304824901129488,0.026343889475520795,0.026332639219089158
7,929,0.07292871030886579,0.11037609480864799,0.12630940801282253,0.076945736637268,0.0692566559940339
1,930,0.0467679140561528,0.059609048834495554,0.060823727951741756,0.046780389257107056,0.04676462953645357
3,930,0.014833702262719775,0.019957184964899757,0.02067040517906992,0.014836692756368302,0.014841706920447426
5,930,0.0472962724934538,0.06772667014180209,0.06847409142651353,0.047292357180367554,0.04728532420725129
7,930,0.0700809852789339,0.11240098683979369,0.12547348063192368,0.07610279531032693,0.06649918297893044
1,931,0.038417084356749565,0.053091862441818405,0.054439826608954016,0.03843085001505228,0.038415159791366976
3,931,0.006244729504870011,0.009516369358724625,0.010117363989968703,0.006248016476164615,0.006253123571920957
5,931,0.060596329278398364,0.07912334147135446,0.08002996640978581,0.06058800099463369,0.060584561355910276
7,931,0.06670406006702519,0.11070175695167077,0.12604798335706704,0.07155716757331956,0.06523024309483222
1,932,0.02385857728873978,0.03674541221112001,0.039652243025338374,0.02386923752732255,0.0238606783675415
3,932,0.00413971405996732,0.006351821912121645,0.006801279311748302,0.004135811225801567,0.004134353062976702
5,932,0.0651318054257662,0.07880142284671376,0.07970268500886792,0.06512460914017909,0.0651257602659003
7,932,0.06446094971227465,0.10745762096351384,0.12770065783824874,0.06492478169310122,0.06609373384179638
1,933,0.0049020601024065006,0.00806289691438614,0.008562178052698122,0.0049145637927042645,0.0049044191360077
3,933,0.01313463538822741,0.01785294179562982,0.017989805065202483,0.013131644115369729,0.013132492974075252
5,933,0.06062517089745517,0.0795290486241104,0.08191724493042091,0.06062397909603017,0.06062588629517593
7,933,0.06436000100308889,0.10859628233858906,0.1284095554601373,0.05878295261619019,0.06847784640546412
1,934,0.01526052806134663,0.024558071734817135,0.025094815293416124,0.015245361461491348,0.015264540050125964
3,934,0.01946286421769458,0.02514067574408475,0.02573044728387476,0.019463383553492163,0.019464380453896073
5,934,0.04735924931799698,0.06850458732773408,0.0715368375202346,0.047362818758887905,0.04736090296930727
7,934,0.0663904782222111,0.11077106488695947,0.1251230280413825,0.056478041970127915,0.0712590890929723
1,935,0.03221099919519161,0.04666706280554028,0.04790729610857598,0.03219225088350949,0.03222192797757599
3,935,0.021872352206229958,0.027148177778843534,0.02750291695507818,0.021875618480754876,0.021875656961289687
5,935,0.02646888165636219,0.043852792145902736,0.04731600153153665,0.026470913806346013,0.02646868295310254
7,935,0.06972916415251838,0.11243956706591446,0.12804203434128067,0.06028742986344922,0.07318809212366924
1,936,0.04365616300346589,0.05757725648313669,0.05865240935938,0.043643930363022325,0.04366881537031487
3,936,0.019977113187790305,0.025951415868742413,0.026757261338169823,0.01997985082010775,0.019981259922161928
5,936,0.002381241899773097,0.003651576424982328,0.004291613759008928,0.002380068298126776,0.002379984453163302
7,936,0.07282264991643944,0.1131018107924287,0.1286910517806374,0.06783181398405734,0.07339530098572872
1,937,0.04837002917878108,0.05956501886566834,0.0604757745679441,0.048372153580829864,0.04837392635768544
3,937,0.014079202630617599,0.01895245591709493,0.01952061712494943,0.01408080305480007,0.014085862027849764
5,937,0.026393083206860974,0.044034535718149075,0.04571899263499669,0.026403164595704527,0.026394088645901263
7,937,0.0740054083416349,0.1120503530030256,0.1296126463765419,0.07428921745351823,0.0717618658612634
1,938,0.045909097470822925,0.05932711218267408,0.06025216146631384,0.04592125489518205,0.04590475704858455
3,938,0.005302336911235798,0.008120533589610937,0.00865995421223284,0.005305671336492193,0.005310383853095584
5,938,0.04729355982447976,0.06835847164346348,0.06941056139704851,0.047292867715514136,0.047287476239814455
7,938,0.07270824188585935,0.11091781737980347,0.12769007002405122,0.0770064400302774,0.06891095442516683
1,939,0.03650197269450659,0.051105853769990967,0.05257705090145496,0.03651353516463525,0.03649844238988671
3,939,0.005116775715501831,0.007835556473704524,0.008367963826258835,0.005111869764610354,0.005110099068224836
5,939,0.06057146637329017,0.0792061882122576,0.07949740991818306,0.06056502675697618,0.06056223866889156
7,939,0.0696188889669472,0.11244613457070868,0.12682473068154806,0.07543595799374357,0.06625411600495787
1,940,0.021088394919172,0.032944299178053374,0.03577215473647162,0.021096648799817933,0.021087695141785993
3,940,0.01392751210558589,0.018747856002628745,0.019281316572388935,0.013922694885734638,0.013922659454218668
5,940,0.06509504999527134,0.07794967505222114,0.07836923223646916,0.06508803668555,0.06508870018628184
7,940,0.06621898454100657,0.10968367667001469,0.12810623920115724,0.07042979469000266,0.06521972030673365
1,941,0.0016453376682587207,0.0027191320682876576,0.0030120262172027845,0.00165651742878925,0.0016431891561622047
3,941,0.019895124190442016,0.025822318293685347,0.026604655224848218,0.019893354329798916,0.01989302048614343
5,941,0.06058709179843511,0.07958232787990588,0.08083218747390956,0.06058518925476014,0.060584245122030124
7,941,0.06416078356721779,0.10736408170660344,0.12755878964455214,0.0637325732084403,0.06628795887232097
1,942,0.018216926233025746,0.028894024891742306,0.030787893831208116,0.018201527981579792,0.018226010309015477
3,942,0.021873830342169505,0.027136150739678275,0.027435583242230534,0.02187439402170504,0.021873089614458524
5,942,0.04732888743661718,0.06879119436688544,0.07080687961708353,0.04733039117695371,0.04732455572330257
7,942,0.06437996702553758,0.1093114200449215,0.12702193883246923,0.058087266821721495,0.06879716555041987
1,943,0.03443019681398315,0.0487876135998349,0.05027875421965196,0.034412162921815384,0.034444655807525884
3,943,0.019547971326208374,0.025277159570787536,0.02589721539000408,0.019547940320790814,0.01954862368330999
5,943,0.026468415320091695,0.04439383793211936,0.047182278441768775,0.026467188356534603,0.026460353015595232
7,943,0.06675435215869113,0.1113881447514332,0.12728074976677275,0.05683238898552423,0.07156816836560077
1,944,0.04487068952765631,0.058613700951938255,0.059587393515468406,0.04486093833801618,0.04488284267117992
3,944,0.013289524382331944,0.01800473699373928,0.018242965526465246,0.013289122109302685,0.01329375869866885
5,944,0.0029494497228720025,0.004541606863618161,0.004926649921152401,0.0029507226378040195,0.002948949413909064
7,944,0.07029799827043728,0.11250274178889279,0.12815899624627114,0.06161881373953905,0.07335434336079327
1,945,0.04846308995270083,0.05978725444566303,0.06009413795750403,0.04846768375263242,0.04846357732010058
3,945,0.004329851741361297,0.006649038521850867,0.007100575424128953,0.004332614070966807,0.004336417106315892
5,945,0.026481565855994302,0.044315430447122786,0.047359961870365334,0.02649554894087809,0.026490763205001884
7,945,0.07325459388937802,0.11273252941156736,0.12785688445240428,0.06918822923810557,0.0733261744464644
1,946,0.04487108982231205,0.058615565163627446,0.05958663801915941,0.04488403655154874,0.044862958536894024
3,946,0.006063919067916538,0.009249552360206876,0.00986026978313491,0.006058575208776981,0.0060570006032187535
5,946,0.04734244616266494,0.06877385017444518,0.07105831025881505,0.047343819242547006,0.047344473492238484
7,946,0.07407768159866533,0.11186614490582628,0.12932701359541313,0.0750159725846034,0.07147762578337
1,947,0.034428895834336865,0.0488222961998529,0.05027638620193123,0.03444044182362267,0.034421584039081
3,947,0.014687070388305563,0.019758674131828757,0.020472218592038134,0.014681076128200708,0.014680478665536525
5,947,0.060597548640951585,0.07959502287429736,0.08113123877621921,0.06059246045936879,0.06059659176854522
7,947,0.07241293079166197,0.11128661153847057,0.12854104789074614,0.07691099359818218,0.06856114747155856
1,948,0.0182123797482585,0.028851012199362584,0.03078173394057133,0.018221487141531774,0.01820791063242449
3,948,0.020290984426540475,0.0263885082780884,0.027319985002154764,0.020287467554570136,0.020285958406035167
5,948,0.06510017044751001,0.07808139727931286,0.07868470339184593,0.0650942446371779,0.06510189570538337
7,948,0.0691108275034755,0.11222106156234953,0.12752675670380825,0.0746501427747227,0.06602239849837216
1,949,0.0016518435834488154,0.0027258933177653744,0.003018909963321984,0.0016394221200938402,0.0016571661351147625
3,949,0.021838607686022537,0.02743892817017499,0.027752426315923874,0.021836880963969237,0.021834280942838624
5,949,0.0605698433822874,0.07898936110511696,0.07930471030650062,0.06056953973047231,0.06057380140975775
7,949,0.06573467085003737,0.10899600040948693,0.12911335724571774,0.06923785965991615,0.06523550333376527
1,950,0.021092826068731908,0.03290842120160466,0.03577693438688067,0.021074915066425465,0.02110383222744667
3,950,0.019084463546387015,0.024648641744303614,0.024927550201285963,0.019081986089087805,0.019081798369252216
5,950,0.04728458993367347,0.0681725533143224,0.06902967499821717,0.047288357038895286,0.04728577774967102
7,950,0.06390727298685772,0.10746490980594688,0.12582822280119588,0.0625677467082749,0.06650565675244888
1,951,0.03650303493437198,0.05112311123837629,0.05257978122237123,0.03648394491703791,0.03651833290497553
3,951,0.012469982196555152,0.017022184339690778,0.01730594339809159,0.012467708137091157,0.012471518170008944
5,951,0.026372628021161706,0.04383341579129917,0.04525288379572498,0.02637420678457672,0.02636925086000014
7,951,0.0644789975760578,0.10978944638397163,0.1278068414431589,0.05754389769907569,0.06912937497766755
1,952,0.04590869902089457,0.05933197593766192,0.06025285777983804,0.04590007261807188,0.04591867319747967
3,952,0.0033245074996484983,0.0050887736976227135,0.005471787521072872,0.0033263530155437744,0.0033289194628024093
5,952,0.002126649038289525,0.003300336971712353,0.003921119026533209,0.0021292121908259333,0.002127896375438804
7,952,0.06719785664553,0.11149385588335946,0.12718465194790185,0.057412389291319636,0.07187065319310144
1,953,0.048369984831160395,0.059566690381943725,0.060475824763773466,0.048376239694366094,0.048367156904701884
3,953,0.006986237201105225,0.010578945889898758,0.011238626740367524,0.0069811810813957854,0.006980382259656643
5,953,0.026456097388568526,0.04370523499298099,0.04707151431739593,0.026467310313516696,0.026461972019756495
7,953,0.07088558181688272,0.11233700260100611,0.12885455328918993,0.06303769742437054,0.07348460374691757
1,954,0.043656315668528414,0.057542983575372554,0.05865143042092181,0.0436699528662695,0.04364651739427706
3,954,0.01541004752335141,0.020690155436908626,0.02151110627898,0.0154040411608679,0.015403411190351287
5,954,0.047361070023977034,0.06837617492507188,0.0714471413983963,0.04735983062097057,0.04736135775481806
7,954,0.07364219863548917,0.11248379662166093,0.12647459308019052,0.07046970473670126,0.07322181489578329
1,955,0.03220867027336502,0.04665867433717252,0.047904707320057575,0.03222105350828789,0.03220087291286126
3,955,0.020647477310777155,0.026921094865172565,0.02786388330222043,0.02064353384121406,0.020641312812183628
5,955,0.060630907434472414,0.07945480863441072,0.08193609616376378,0.060624196568246434,0.06063065327376253
7,955,0.07407897323933878,0.11138628661663938,0.12939352602452667,0.07559882504415184,0.07117740392366803
1,956,0.015254826591482756,0.02453487240775319,0.02508794487795817,0.015266424239606726,0.015250895733951775
3,956,0.021765899130976683,0.02772465872403474,0.02794803351870159,0.021763213911612928,0.02175968373735666
5,956,0.06513855553271361,0.07895238420246686,0.07981207319112431,0.06513244791454836,0.06514394536496727
7,956,0.07206088943200047,0.11177054305621983,0.12811890277063792,0.07667171691426597,0.06823436861983187
1,957,0.004909619203432924,0.008067974563874663,0.008567555826496832,0.004895300503628133,0.004912736069480794
3,957,0.01858904381248752,0.02404526457433042,0.024490230460708154,0.018585338175005874,0.018584398190130996
5,957,0.060602266978372094,0.07922583729529842,0.08036592048436973,0.06060298386033519,0.0606127368810482
7,957,0.06857612461373087,0.11197635668570134,0.1280653213711805,0.07375304616885552,0.06583569133993028
1,958,0.023863323026449255,0.03678273090645431,0.039656301644513135,0.023842898301859577,0.023871363760544488
3,958,0.011627107350744098,0.0161189735397317,0.016625983716524916,0.011623804387670474,0.011626596146898054
5,958,0.04730042030969168,0.06786674124538573,0.06886724910784961,0.047307027829320475,0.047310123336231136
7,958,0.06526485876907404,0.10867386625679368,0.12885780936173424,0.06799115844522899,0.06529536008768266
1,959,0.03841831441964302,0.053103577156156684,0.054441053671308054,0.038398800842485856,0.03843056774098519
3,959,0.0022872498343379085,0.0034968196974141173,0.0037813600456514294,0.00228815439493285,0.0022894822687961527
5,959,0.02634121248073642,0.042842016204538765,0.043211773138545455,0.02634737430212891,0.026347834775359347
7,959,0.06371219847015355,0.10812726324274273,0.12549093812687193,0.061456199486264636,0.06676155135221734
1,960,0.046767946872509125,0.0596219704890038,0.06082403623110514,0.046761149545652234,0.04677403207154511
3,960,0.007889941533465736,0.011809890983841814,0.012522169317176998,0.007885815961583276,0.007886335222545018
5,960,0.00027447632477918483,0.0004432143355912343,0.0005297077832691613,0.00027442624839986104,0.00027479073086769396
7,960,0.06466414215581208,0.11001542509839017,0.12873228433945172,0.05718440877622998,0.06948228025654167
1,961,0.0480951069094062,0.05993032267482942,0.060507403571435706,0.048103454645282186,0.04809016101350243
3,961,0.016094581445811298,0.021565489310477432,0.02240321228169341,0.01608980384415072,0.016089946949588447
5,961,0.02635804378536842,0.042984999360864674,0.04422021692358291,0.026363876889237244,0.026353982060032873
7,961,0.06772089906267723,0.11157447973907837,0.12551298366871672,0.05822797667483128,0.07216833593730095
1,962,0.04227458013655065,0.05650941105638518,0.05742097516582939,0.04228932121658691,0.04226634580339231
3,962,0.020961187105109268,0.02723132084204227,0.02823105491786422,0.020958348943505047,0.020956400033819714
5,962,0.047317556428291385,0.06794324144196441,0.06957763733953273,0.04731300518741533,0.04730864034714347
7,962,0.0714805069794208,0.11232493278902136,0.12922283382149208,0.06452002635142848,0.0735756790364406
1,963,0.029856444993876314,0.04430365198692691,0.04551192952768162,0.029870068709075357,0.029852102914221232
3,963,0.021653281788437125,0.02785737208737976,0.028263970073234026,0.021651274164152016,0.02164776329373478
5,963,0.060615072988423,0.0793099954316455,0.08085251415165953,0.06060601558666423,0.06060629634644275
7,963,0.07397623420690856,0.11223679491673173,0.12698470145182997,0.07166604486457284,0.07307079540386414
1,964,0.012233884047664165,0.01955652660553837,0.0199342079892016,0.012247684340187493,0.012233988718321645
3,964,0.01806242705009489,0.023554434761889717,0.024236049165590783,0.018059080605852443,0.018057993907355588
5,964,0.06514550495230038,0.07910077335376213,0.07985987087034149,0.06513783762847435,0.06514355665723275
7,964,0.07400329441772369,0.11129083298278891,0.12875577978495822,0.07603589433255378,0.07084396351106498
1,965,0.008090081296520347,0.013064541032820858,0.013635761647786683,0.008074570392227294,0.008089423164308458
3,965,0.010767703066757771,0.015238463207715129,0.015850842368507922,0.01076456830695324,0.010766563002215448
5,965,0.060629946174983934,0.07941425361761759,0.08183577348391935,0.06062887182860824,0.06063550228087155
7,965,0.07164495297262705,0.11198283711596266,0.12672787173275651,0.076293385754295,0.06790108332825134
1,966,0.026508673468158033,0.040252976364543225,0.042536859808803916,0.026487680077475526,0.026513352573995345
3,966,0.0012237780246770473,0.0018591330357207812,0.0020288530654884603,0.0012240422604403178,0.001224359597324495
5,966,0.047350262840559015,0.06820082586938,0.07117310197389824,0.047354810079193996,0.047356963064731354
7,966,0.06801146514206761,0.11129289527398653,0.12641983740810778,0.07275485193639107,0.06567096400170493
1,967,0.04017130179095238,0.05479254995646778,0.055581296140922394,0.040153562938769274,0.04018048859964785
3,967,0.008780877932770244,0.012980834839223215,0.013669913926767606,0.00877806686271918,0.008780143579559061
5,967,0.02642891542937855,0.04347992661672252,0.04656649560379658,0.026432648624841102,0.026433884139198435
7,967,0.06480890270318564,0.10854835487498107,0.1278015310422911,0.06671571567697256,0.06537824905579762
1,968,0.0474505226871441,0.05986541171684336,0.060824783857468694,0.04744743978106419,0.04745370305439083
3,968,0.016740187686597036,0.022295259722039672,0.02313346195577014,0.016737521619741905,0.01673920439519244
5,968,0.0017180735237383037,0.0026972536159239487,0.0032394642562297723,0.0017165595388168972,0.001716454420995305
7,968,0.06357713131776649,0.10830695508022803,0.12692186956248944,0.06043434068128901,0.06704319886525299
1,969,0.04764450082201714,0.05998473130362415,0.060667004327519834,0.047656323441664365,0.04763902879780677
3,969,0.021228950867122006,0.027471384126718422,0.028428246739513306,0.021228361814517975,0.02122784141680839
5,969,0.02635400121253694,0.04354689320025084,0.04457523871798859,0.026362308371638995,0.026350467607510024
7,969,0.06493423519822603,0.11030374490118237,0.12743619225349562,0.057038934996652996,0.06984819366583657
1,970,0.040733858819990205,0.05528612579666046,0.05599437135401997,0.040750320413908296,0.04072842064696466
3,970,0.021497288785999265,0.02779216723561177,0.028441809502476025,0.021497203049009348,0.021494957823535946
5,970,0.04728570847042517,0.06794538304759369,0.0685486900533901,0.047283836395455525,0.04727573130235856
7,970,0.06831357263379459,0.11153627910112154,0.12650500448241161,0.059259219980819317,0.07245967416810034
1,971,0.02738023933899897,0.041349798257294436,0.04336555113413382,0.02739477282960228,0.027379867213319354
3,971,0.017503414102625642,0.023081830373061565,0.023840242608694866,0.017501687236702562,0.017501434995573165
5,971,0.060577008542382016,0.07871683129793801,0.07933350729262603,0.060569891414966,0.06056484067157622
7,971,0.07207186203348621,0.11240428851823858,0.12830033336862973,0.06601896401096889,0.07363832185778885
1,972,0.009152390079693446,0.014736114870590135,0.015255339847386713,0.00916751080214205,0.009155502386116577
3,972,0.00989746644891391,0.014273141516437361,0.014962910612792951,0.009895493797609206,0.009897392185834623
5,972,0.0651093897081975,0.07831788274401517,0.0790857928107637,0.06510233623891698,0.06510144868011697
7,972,0.07425229938889025,0.11193596779563056,0.1276826989835921,0.07274835049814941,0.07288405452855512
1,973,0.01119378841044525,0.017897234751444873,0.01834505056588471,0.011177040180771636,0.011193182771980824
3,973,0.00014475271466354525,0.0002180161857170033,0.0002500714633044263,0.00014492037799945613,0.00014455556090620485
5,973,0.06060612890312163,0.07958188125735077,0.0814849645215736,0.060604463443419763,0.060603477798988656
7,973,0.07385440503065918,0.11136695199939477,0.12712027785139357,0.07631697191472629,0.0704897788066619
1,974,0.02902659572986633,0.04336229608495547,0.04478269067853007,0.02900551305857898,0.02903252944775279
3,974,0.009662929015134585,0.014007693246939719,0.01471100587663811,0.009661483860415404,0.009664812283201653
5,974,0.047349719731869605,0.06871502481118122,0.07133524468854328,0.04735181241899776,0.047346917111355497
7,974,0.07116902656551496,0.1125042960552418,0.1250590592641858,0.07578416062568089,0.06755781002164202
1,975,0.041765133956630944,0.05611925523047497,0.05694843189002608,0.04174929163842323,0.04177549449292111
3,975,0.017347645493004573,0.022938387642908623,0.02371307015434775,0.017347420192768175,0.017350749544143493
5,975,0.02648631261510432,0.04421967411329011,0.04749762619817073,0.026485847164038717,0.026480714840736205
7,975,0.06742393512113626,0.11060570377231266,0.1242739417897128,0.0716790589667839,0.06551943201639786
1,976,0.047960097045782885,0.060022891786807815,0.0605498329935713,0.04795981054368781,0.047964205346176264
3,976,0.021448800128976042,0.027739309094606635,0.028461923789725046,0.021450940730612184,0.021452310809786757
5,976,0.0028661735668541544,0.004399226980847194,0.0048669856851622706,0.0028662362254032454,0.0028644308984821644
7,976,0.0643756099993775,0.1074894585487959,0.12649549177949876,0.06545228295823562,0.06547467657398907
1,977,0.04702124763369538,0.05965262646548765,0.060893362102978105,0.0470346333546558,0.04701769497217035
3,977,0.021294614717108196,0.027522384691366003,0.028452922505359024,0.021296978528363188,0.021296713154691727
5,977,0.02644949582352582,0.04439117647022765,0.04683207025029403,0.026462835565965088,0.026455650338604073
7,977,0.06350527193136334,0.10884818879331258,0.12840375476242388,0.059546041162982025,0.06734297103046943
1,978,0.039035246849474556,0.05372396020191584,0.054821608827745304,0.039051119350173566,0.03903278089997848
3,978,0.016909429614703465,0.02247614242521366,0.023308614924130798,0.01690986695542106,0.016911261902201193
5,978,0.04731858494207065,0.06873999600248398,0.07041145702025688,0.0473196207688637,0.04731732941621852
7,978,0.06528229178852614,0.11088223795334608,0.1264965960694483,0.057129483889250585,0.07022102533666334
1,979,0.02477823872353078,0.03798821768864904,0.04076848349758706,0.024791341511561767,0.024780003264560358
3,979,0.009019551368712244,0.013270337853881386,0.013969484515168799,0.009019207214997351,0.009021885418791621
5,979,0.06058040973866357,0.07952701020103253,0.08038556581120349,0.06057486291394735,0.06057576165996079
7,979,0.06894962842774252,0.11161551145297806,0.1279793232562967,0.06045963291083076,0.07273838391721071
1,980,0.005999208865042011,0.009774081430587238,0.01037667038354248,0.006013818105037211,0.006001779396022017
3,980,0.0009359934529507883,0.0014232799096172632,0.0015606041290465178,0.000935318866184284,0.0009359353560816859
5,980,0.06509076463698438,0.07782034333875759,0.07801678523942163,0.06508410442300595,0.06508856568154166
7,980,0.07263601675394135,0.11212228894152959,0.12725343181330287,0.06747547075875217,0.07368401426445374
1,981,0.014234087612486993,0.022937881887238838,0.023231169228064133,0.014217318256907537,0.014237497361472161
3,981,0.010536693269888897,0.014999798622149538,0.015622597436094522,0.010536237537779597,0.010540015886587458
5,981,0.06057082437978884,0.07937706906021047,0.07985793116825644,0.06056948360516816,0.06057109938845873
7,981,0.07445795897787812,0.11212340550189398,0.12686100575322296,0.07367424130504148,0.07268282459461703
1,982,0.03142091381830933,0.04596232682675364,0.04700343026512091,0.031400572131677726,0.031431603516111045
3,982,0.017918547719472034,0.023430912157526816,0.024143096430588446,0.0179204553251603,0.01792462183140313
5,982,0.04729986230813214,0.06855054452043706,0.06990750297738424,0.04730206730106889,0.04729758623943253
7,982,0.07363307341931974,0.1118005281351272,0.1268401137258571,0.07641763265236835,0.07014284150470008
1,983,0.04320186953786949,0.05723641278647981,0.05830352812512692,0.043188212901668084,0.04321524912125862
3,983,0.021620637058983407,0.027859764854135428,0.02832277038732021,0.021625265906363565,0.02162780852186658
5,983,0.026417982707224154,0.044227253344941334,0.04629776041324551,0.02641740853716929,0.026411198509209113
7,983,0.07063861612183249,0.11249999605285074,0.12696806057313356,0.0751303995421374,0.06722574188693906
1,984,0.04829617007527771,0.05967116532181018,0.060520550172885726,0.0482979265377905,0.04830126599927372
3,984,0.021043391355341914,0.027310667791642262,0.02829946824991828,0.021047990502075523,0.02104933070148585
5,984,0.0026586579277463676,0.004117128263035568,0.004627371667094427,0.0026607204228263816,0.0026595995436471676
7,984,0.06682255187939246,0.10959637553461371,0.12634722231096931,0.07052725553816347,0.06538292182487813
1,985,0.04622321973171304,0.0595212468185197,0.060468208040399735,0.046236524935330814,0.04621989284127657
3,985,0.016277571515916016,0.021793694306722303,0.022608636022979463,0.01628000700113147,0.016283133872745593
5,985,0.026484639708184158,0.0440453126225647,0.0474920258102239,0.02649840433505715,0.026493461715529628
7,985,0.06397527802371918,0.10739070979337363,0.12637463248748243,0.06422256875096638,0.06557643317752047
1,986,0.037175498035224665,0.051844442813311464,0.05334033515973132,0.03718911729034644,0.03717284708083265
3,986,0.008133589474883973,0.012126907587280657,0.012829995409449693,0.008134927413740818,0.008138802904730697
5,986,0.0473613670684033,0.06863786957275063,0.07151897551571915,0.04736207454061888,0.04736365606992109
7,986,0.06350193482252518,0.10958887605371945,0.12840202717219454,0.05882613565473842,0.06764675729431675
1,987,0.02204938862981634,0.03426544768501512,0.037205112400829576,0.02205976046090899,0.02204957140913269
3,987,0.002003699245404324,0.0030585069105121777,0.003314559973592621,0.0020020580637861766,0.0020023789293791574
5,987,0.060619960598419224,0.07957735572062925,0.08177642923290471,0.060614446546816796,0.06062051716217585
7,987,0.06570689037513697,0.1110653496667479,0.1281678874825983,0.05747956747001385,0.07059078254318224
1,988,0.002766657702073737,0.004551812245856497,0.004962857699636902,0.002779766909589569,0.0027652759298380813
3,988,0.011399288538976208,0.015892990227108546,0.016423779906093294,0.01139895716930635,0.011402309052876508
5,988,0.06512126093667846,0.07858773195097805,0.07946033799647065,0.06511551245377344,0.0651260813354882
7,988,0.06961233331521574,0.11183792869572143,0.1273628719317858,0.06180283984865979,0.07299981080550823
1,989,0.017213638068977074,0.02744060771021687,0.02887739502144361,0.017197126571921944,0.01722238261604207
3,989,0.018454615195193116,0.023919782583160513,0.024432975361926026,0.01845760649527545,0.018461455908785337
5,989,0.06058359965712639,0.07891048183855814,0.07965320950778683,0.060584285176362045,0.06059202492513842
7,989,0.07316265978979715,0.11265919098458724,0.12857836542631512,0.06887102237820689,0.07372539962583442
1,990,0.03368698295250436,0.04805704821653736,0.04948447230565376,0.03366770789766618,0.03370185844044884
3,990,0.021746198874401948,0.02778191863649781,0.02804942825050764,0.021752222319127566,0.021754694437676563
5,990,0.047284552121955564,0.06765479726575571,0.06837706411077374,0.04729042865136272,0.047291016169010394
7,990,0.07459371598252461,0.11210515185932217,0.127171798879787,0.07443624028196284,0.07249507530072972
1,991,0.04447500922792443,0.05821635695905942,0.0593144463500335,0.04446401637230876,0.0444888140205391
3,991,0.020743835338694467,0.027044195931607413,0.02798375127017335,0.020749622771988958,0.020751624702965394
5,991,0.026338108471319337,0.04319255879162625,0.04378437295625656,0.026342745396537786,0.02634057163917215
7,991,0.07334929847896511,0.11223784535977953,0.1285246995200122,0.07633672124794243,0.06983555768550752
1,992,0.04845252458828895,0.05975665451938766,0.060303391951502826,0.04845667595495574,0.04845501365926909
3,992,0.015605670891866074,0.02095136426714469,0.02177375420841962,0.015609263866353125,0.015613627842938632
5,992,0.0011878829663792808,0.0018908514551215577,0.002274101999614493,0.001189604471763034,0.0011893080460305464
7,992,0.07006965573363991,0.11209428624348537,0.12740011302379162,0.07432887786835773,0.06693517199450298
1,993,0.04524674218370317,0.05891832280097705,0.05985034554851855,0.04526036916215842,0.04523999865380082
3,993,0.007235725108015248,0.0109368687005298,0.011605416069501185,0.007238502855551346,0.0072432939513266455
5,993,0.026400074110387466,0.04329725790926413,0.045778921000718266,0.026408184748659393,0.026400342989782385
7,993,0.06622498125867124,0.10905007543259436,0.12652474709086425,0.06930072495345901,0.0652785393477626
1,994,0.035155645827356405,0.04966585567451136,0.05101042947479493,0.03516821715130201,0.03514921750698529
3,994,0.0030469423705381006,0.0046607818517091,0.00502962026445411,0.003044076653795933,0.0030436528221796768
5,994,0.04734181171838355,0.06806812392262243,0.07066874179904366,0.047338272502983884,0.0473370383072072
7,994,0.06362514829450688,0.10796871214792399,0.12391002457360543,0.06303899343315214,0.06569798415145198
1,995,0.01920676219599074,0.03029558012207795,0.032615912165594875,0.019216493950906653,0.01920264731636449
3,995,0.012245453922869324,0.016765337656180702,0.01713200695147856,0.01224414728677085,0.012246498931013875
5,995,0.06062889794482289,0.07939987472272539,0.08155539976474165,0.060620422828371115,0.06062435135796714
7,995,0.063578733321487,0.10993081526715284,0.12666044357148074,0.05829043946112844,0.06796167110522318
1,996,0.0005254810197716755,0.0008614390472736595,0.0010193601283829566,0.000512100024155339,0.0005314476813659464
3,996,0.01895710406026687,0.02455351300697863,0.024645823609457534,0.018959616586697692,0.018962329738587844
5,996,0.06514944066981736,0.07917165472795529,0.07978295845524688,0.0651422502331065,0.0651517915911137
7,996,0.06620994065751971,0.1111963216390168,0.12750034665397325,0.05808691568818187,0.07095809534538396
1,997,0.02011957773759968,0.0315820549524582,0.034198185490505725,0.020101225512700063,0.02013207868477086
3,997,0.02182845936595064,0.027530140361647363,0.02781744392465096,0.021834123055360147,0.02183560575828216
5,997,0.06062295403877057,0.0793526526585626,0.08133887402967171,0.06062286917099734,0.06063234579358234
7,997,0.07028749011967673,0.11214830020873104,0.1273236748724682,0.06324429490071844,0.07323924166756486
1,998,0.03581143924175044,0.050417529836169525,0.05173119138932031,0.03579154137365748,0.035828549333922065
3,998,0.020398239721727898,0.026551468800437003,0.027475440833403277,0.02040353893339676,0.020405424343241
5,998,0.04732968259234783,0.06798718917383623,0.0703205036735541,0.047335821002733404,0.0473396409379059
7,998,0.07363765528643004,0.11249718200448326,0.12764373698225095,0.07018121637976198,0.07374887961305879
1,999,0.04557411454952256,0.05911741885941101,0.06001128172882829,0.045564567846440786,0.045586285909596715
3,999,0.014893212800283932,0.02004371263983136,0.02075649905279203,0.01489666653744959,0.01490163581224385
5,999,0.02638175014454784,0.043177349144816406,0.04526843756101878,0.026387587510536884,0.026389584382458496
7,999,0.07464965159777151,0.1119386686546913,0.12859986544417984,0.0750285704691102,0.07230098413763318
1,1000,0.048423113025759905,0.05954662535608904,0.06043464417822533,0.04842911283904872,0.0484217673475553
3,1000,0.0063199317377261215,0.009634178468159707,0.010230912030807648,0.006323585232311406,0.006328636393873593
5,1000,0.0008769812043439523,0.001408526428513491,0.0016847508489682723,0.0008757704544469954,0.0008767025610950407
7,1000,0.07299629681548626,0.11238746933343992,0.1290931338816152,0.07608374039458642,0.0695384531200116
