
[2026-09-20T15:52:36.278715+00:00] Cell 1: parameters

[2026-09-20T15:52:36.419848+00:00] Cell 2: 2
Worker 6: checkpoint 1000/200000 (0.5%), t=25
Worker 8: checkpoint 1000/200000 (0.5%), t=25
Worker 7: checkpoint 1000/200000 (0.5%), t=25
Worker 11: checkpoint 1000/200000 (0.5%), t=25
Worker 10: checkpoint 1000/200000 (0.5%), t=25
Worker 9: checkpoint 1000/200000 (0.5%), t=25
Worker 12: checkpoint 1000/200000 (0.5%), t=25
Worker 4: checkpoint 1000/200000 (0.5%), t=25
Worker 13: checkpoint 1000/200000 (0.5%), t=25
Worker 14: checkpoint 1000/200000 (0.5%), t=25
Worker 5: checkpoint 1000/200000 (0.5%), t=25
Worker 16: checkpoint 1000/200000 (0.5%), t=25
Worker 2: checkpoint 1000/200000 (0.5%), t=25
Worker 15: checkpoint 1000/200000 (0.5%), t=25
Worker 3: checkpoint 1000/200000 (0.5%), t=25
Worker 1: checkpoint 1000/200000 (0.5%), t=25
Worker 8: checkpoint 2000/200000 (1.0%), t=50
Worker 6: checkpoint 2000/200000 (1.0%), t=50
Worker 11: checkpoint 2000/200000 (1.0%), t=50
Worker 7: checkpoint 2000/200000 (1.0%), t=50
Worker 10: checkpoint 2000/200000 (1.0%), t=50
Worker 9: checkpoint 2000/200000 (1.0%), t=50
Worker 12: checkpoint 2000/200000 (1.0%), t=50
Worker 13: checkpoint 2000/200000 (1.0%), t=50
Worker 4: checkpoint 2000/200000 (1.0%), t=50
Worker 14: checkpoint 2000/200000 (1.0%), t=50
Worker 5: checkpoint 2000/200000 (1.0%), t=50
Worker 2: checkpoint 2000/200000 (1.0%), t=50
Worker 15: checkpoint 2000/200000 (1.0%), t=50
Worker 16: checkpoint 2000/200000 (1.0%), t=50
Worker 1: checkpoint 2000/200000 (1.0%), t=50
Worker 3: checkpoint 2000/200000 (1.0%), t=50
Worker 6: checkpoint 3000/200000 (1.5%), t=75
Worker 8: checkpoint 3000/200000 (1.5%), t=75
Worker 7: checkpoint 3000/200000 (1.5%), t=75
Worker 11: checkpoint 3000/200000 (1.5%), t=75
Worker 9: checkpoint 3000/200000 (1.5%), t=75
Worker 10: checkpoint 3000/200000 (1.5%), t=75
Worker 13: checkpoint 3000/200000 (1.5%), t=75
Worker 12: checkpoint 3000/200000 (1.5%), t=75
Worker 4: checkpoint 3000/200000 (1.5%), t=75
Worker 5: checkpoint 3000/200000 (1.5%), t=75
Worker 14: checkpoint 3000/200000 (1.5%), t=75
Worker 2: checkpoint 3000/200000 (1.5%), t=75
Worker 15: checkpoint 3000/200000 (1.5%), t=75
Worker 1: checkpoint 3000/200000 (1.5%), t=75
Worker 16: checkpoint 3000/200000 (1.5%), t=75
Worker 3: checkpoint 3000/200000 (1.5%), t=75
Worker 6: checkpoint 4000/200000 (2.0%), t=100
Worker 8: checkpoint 4000/200000 (2.0%), t=100
Worker 11: checkpoint 4000/200000 (2.0%), t=100
Worker 7: checkpoint 4000/200000 (2.0%), t=100
Worker 10: checkpoint 4000/200000 (2.0%), t=100
Worker 9: checkpoint 4000/200000 (2.0%), t=100
Worker 12: checkpoint 4000/200000 (2.0%), t=100
Worker 4: checkpoint 4000/200000 (2.0%), t=100
Worker 13: checkpoint 4000/200000 (2.0%), t=100
Worker 5: checkpoint 4000/200000 (2.0%), t=100
Worker 14: checkpoint 4000/200000 (2.0%), t=100
Worker 2: checkpoint 4000/200000 (2.0%), t=100
Worker 15: checkpoint 4000/200000 (2.0%), t=100
Worker 1: checkpoint 4000/200000 (2.0%), t=100
Worker 16: checkpoint 4000/200000 (2.0%), t=100
Worker 3: checkpoint 4000/200000 (2.0%), t=100
Worker 6: checkpoint 5000/200000 (2.5%), t=125
Worker 8: checkpoint 5000/200000 (2.5%), t=125
Worker 11: checkpoint 5000/200000 (2.5%), t=125
Worker 7: checkpoint 5000/200000 (2.5%), t=125
Worker 10: checkpoint 5000/200000 (2.5%), t=125
Worker 9: checkpoint 5000/200000 (2.5%), t=125
Worker 12: checkpoint 5000/200000 (2.5%), t=125
Worker 13: checkpoint 5000/200000 (2.5%), t=125
Worker 4: checkpoint 5000/200000 (2.5%), t=125
Worker 5: checkpoint 5000/200000 (2.5%), t=125
Worker 14: checkpoint 5000/200000 (2.5%), t=125
Worker 15: checkpoint 5000/200000 (2.5%), t=125
Worker 2: checkpoint 5000/200000 (2.5%), t=125
Worker 1: checkpoint 5000/200000 (2.5%), t=125
Worker 16: checkpoint 5000/200000 (2.5%), t=125
Worker 3: checkpoint 5000/200000 (2.5%), t=125
Worker 6: checkpoint 6000/200000 (3.0%), t=150
Worker 8: checkpoint 6000/200000 (3.0%), t=150
Worker 11: checkpoint 6000/200000 (3.0%), t=150
Worker 7: checkpoint 6000/200000 (3.0%), t=150
Worker 10: checkpoint 6000/200000 (3.0%), t=150
Worker 9: checkpoint 6000/200000 (3.0%), t=150
Worker 12: checkpoint 6000/200000 (3.0%), t=150
Worker 13: checkpoint 6000/200000 (3.0%), t=150
Worker 4: checkpoint 6000/200000 (3.0%), t=150
Worker 5: checkpoint 6000/200000 (3.0%), t=150
Worker 14: checkpoint 6000/200000 (3.0%), t=150
Worker 15: checkpoint 6000/200000 (3.0%), t=150
Worker 2: checkpoint 6000/200000 (3.0%), t=150
Worker 1: checkpoint 6000/200000 (3.0%), t=150
Worker 16: checkpoint 6000/200000 (3.0%), t=150
Worker 3: checkpoint 6000/200000 (3.0%), t=150
Worker 6: checkpoint 7000/200000 (3.5%), t=175
Worker 8: checkpoint 7000/200000 (3.5%), t=175
Worker 11: checkpoint 7000/200000 (3.5%), t=175
Worker 7: checkpoint 7000/200000 (3.5%), t=175
Worker 9: checkpoint 7000/200000 (3.5%), t=175
Worker 10: checkpoint 7000/200000 (3.5%), t=175
Worker 12: checkpoint 7000/200000 (3.5%), t=175
Worker 4: checkpoint 7000/200000 (3.5%), t=175
Worker 13: checkpoint 7000/200000 (3.5%), t=175
Worker 5: checkpoint 7000/200000 (3.5%), t=175
Worker 14: checkpoint 7000/200000 (3.5%), t=175
Worker 15: checkpoint 7000/200000 (3.5%), t=175
Worker 2: checkpoint 7000/200000 (3.5%), t=175
Worker 1: checkpoint 7000/200000 (3.5%), t=175
Worker 16: checkpoint 7000/200000 (3.5%), t=175
Worker 3: checkpoint 7000/200000 (3.5%), t=175
Worker 8: checkpoint 8000/200000 (4.0%), t=200
Worker 6: checkpoint 8000/200000 (4.0%), t=200
Worker 11: checkpoint 8000/200000 (4.0%), t=200
Worker 7: checkpoint 8000/200000 (4.0%), t=200
Worker 9: checkpoint 8000/200000 (4.0%), t=200
Worker 10: checkpoint 8000/200000 (4.0%), t=200
Worker 12: checkpoint 8000/200000 (4.0%), t=200
Worker 4: checkpoint 8000/200000 (4.0%), t=200
Worker 13: checkpoint 8000/200000 (4.0%), t=200
Worker 5: checkpoint 8000/200000 (4.0%), t=200
Worker 15: checkpoint 8000/200000 (4.0%), t=200
Worker 14: checkpoint 8000/200000 (4.0%), t=200
Worker 1: checkpoint 8000/200000 (4.0%), t=200
Worker 2: checkpoint 8000/200000 (4.0%), t=200
Worker 16: checkpoint 8000/200000 (4.0%), t=200
Worker 3: checkpoint 8000/200000 (4.0%), t=200
Worker 8: checkpoint 9000/200000 (4.5%), t=225
Worker 6: checkpoint 9000/200000 (4.5%), t=225
Worker 11: checkpoint 9000/200000 (4.5%), t=225
Worker 7: checkpoint 9000/200000 (4.5%), t=225
Worker 9: checkpoint 9000/200000 (4.5%), t=225
Worker 10: checkpoint 9000/200000 (4.5%), t=225
Worker 12: checkpoint 9000/200000 (4.5%), t=225
Worker 4: checkpoint 9000/200000 (4.5%), t=225
Worker 13: checkpoint 9000/200000 (4.5%), t=225
Worker 15: checkpoint 9000/200000 (4.5%), t=225
Worker 5: checkpoint 9000/200000 (4.5%), t=225
Worker 14: checkpoint 9000/200000 (4.5%), t=225
Worker 2: checkpoint 9000/200000 (4.5%), t=225
Worker 1: checkpoint 9000/200000 (4.5%), t=225
Worker 16: checkpoint 9000/200000 (4.5%), t=225
Worker 3: checkpoint 9000/200000 (4.5%), t=225
Worker 8: checkpoint 10000/200000 (5.0%), t=250
Worker 6: checkpoint 10000/200000 (5.0%), t=250
Worker 11: checkpoint 10000/200000 (5.0%), t=250
Worker 7: checkpoint 10000/200000 (5.0%), t=250
Worker 9: checkpoint 10000/200000 (5.0%), t=250
Worker 10: checkpoint 10000/200000 (5.0%), t=250
Worker 12: checkpoint 10000/200000 (5.0%), t=250
Worker 4: checkpoint 10000/200000 (5.0%), t=250
Worker 13: checkpoint 10000/200000 (5.0%), t=250
Worker 15: checkpoint 10000/200000 (5.0%), t=250
Worker 5: checkpoint 10000/200000 (5.0%), t=250
Worker 14: checkpoint 10000/200000 (5.0%), t=250
Worker 1: checkpoint 10000/200000 (5.0%), t=250
Worker 2: checkpoint 10000/200000 (5.0%), t=250
Worker 16: checkpoint 10000/200000 (5.0%), t=250
Worker 3: checkpoint 10000/200000 (5.0%), t=250
Worker 8: checkpoint 11000/200000 (5.5%), t=275
Worker 6: checkpoint 11000/200000 (5.5%), t=275
Worker 11: checkpoint 11000/200000 (5.5%), t=275
Worker 9: checkpoint 11000/200000 (5.5%), t=275
Worker 7: checkpoint 11000/200000 (5.5%), t=275
Worker 10: checkpoint 11000/200000 (5.5%), t=275
Worker 12: checkpoint 11000/200000 (5.5%), t=275
Worker 4: checkpoint 11000/200000 (5.5%), t=275
Worker 15: checkpoint 11000/200000 (5.5%), t=275
Worker 13: checkpoint 11000/200000 (5.5%), t=275
Worker 5: checkpoint 11000/200000 (5.5%), t=275
Worker 14: checkpoint 11000/200000 (5.5%), t=275
Worker 2: checkpoint 11000/200000 (5.5%), t=275
Worker 1: checkpoint 11000/200000 (5.5%), t=275
Worker 16: checkpoint 11000/200000 (5.5%), t=275
Worker 3: checkpoint 11000/200000 (5.5%), t=275
Worker 8: checkpoint 12000/200000 (6.0%), t=300
Worker 6: checkpoint 12000/200000 (6.0%), t=300
Worker 11: checkpoint 12000/200000 (6.0%), t=300
Worker 9: checkpoint 12000/200000 (6.0%), t=300
Worker 10: checkpoint 12000/200000 (6.0%), t=300
Worker 7: checkpoint 12000/200000 (6.0%), t=300
Worker 12: checkpoint 12000/200000 (6.0%), t=300
Worker 4: checkpoint 12000/200000 (6.0%), t=300
Worker 15: checkpoint 12000/200000 (6.0%), t=300
Worker 13: checkpoint 12000/200000 (6.0%), t=300
Worker 5: checkpoint 12000/200000 (6.0%), t=300
Worker 14: checkpoint 12000/200000 (6.0%), t=300
Worker 1: checkpoint 12000/200000 (6.0%), t=300
Worker 2: checkpoint 12000/200000 (6.0%), t=300
Worker 16: checkpoint 12000/200000 (6.0%), t=300
Worker 3: checkpoint 12000/200000 (6.0%), t=300
Worker 8: checkpoint 13000/200000 (6.5%), t=325
Worker 6: checkpoint 13000/200000 (6.5%), t=325
Worker 11: checkpoint 13000/200000 (6.5%), t=325
Worker 9: checkpoint 13000/200000 (6.5%), t=325
Worker 10: checkpoint 13000/200000 (6.5%), t=325
Worker 12: checkpoint 13000/200000 (6.5%), t=325
Worker 7: checkpoint 13000/200000 (6.5%), t=325
Worker 4: checkpoint 13000/200000 (6.5%), t=325
Worker 13: checkpoint 13000/200000 (6.5%), t=325
Worker 15: checkpoint 13000/200000 (6.5%), t=325
Worker 5: checkpoint 13000/200000 (6.5%), t=325
Worker 14: checkpoint 13000/200000 (6.5%), t=325
Worker 1: checkpoint 13000/200000 (6.5%), t=325
Worker 2: checkpoint 13000/200000 (6.5%), t=325
Worker 16: checkpoint 13000/200000 (6.5%), t=325
Worker 3: checkpoint 13000/200000 (6.5%), t=325
Worker 8: checkpoint 14000/200000 (7.0%), t=350
Worker 6: checkpoint 14000/200000 (7.0%), t=350
Worker 11: checkpoint 14000/200000 (7.0%), t=350
Worker 9: checkpoint 14000/200000 (7.0%), t=350
Worker 10: checkpoint 14000/200000 (7.0%), t=350
Worker 12: checkpoint 14000/200000 (7.0%), t=350
Worker 7: checkpoint 14000/200000 (7.0%), t=350
Worker 4: checkpoint 14000/200000 (7.0%), t=350
Worker 13: checkpoint 14000/200000 (7.0%), t=350
Worker 5: checkpoint 14000/200000 (7.0%), t=350
Worker 15: checkpoint 14000/200000 (7.0%), t=350
Worker 14: checkpoint 14000/200000 (7.0%), t=350
Worker 1: checkpoint 14000/200000 (7.0%), t=350
Worker 2: checkpoint 14000/200000 (7.0%), t=350
Worker 16: checkpoint 14000/200000 (7.0%), t=350
Worker 3: checkpoint 14000/200000 (7.0%), t=350
Worker 6: checkpoint 15000/200000 (7.5%), t=375
Worker 8: checkpoint 15000/200000 (7.5%), t=375
Worker 11: checkpoint 15000/200000 (7.5%), t=375
Worker 9: checkpoint 15000/200000 (7.5%), t=375
Worker 10: checkpoint 15000/200000 (7.5%), t=375
Worker 12: checkpoint 15000/200000 (7.5%), t=375
Worker 7: checkpoint 15000/200000 (7.5%), t=375
Worker 4: checkpoint 15000/200000 (7.5%), t=375
Worker 13: checkpoint 15000/200000 (7.5%), t=375
Worker 14: checkpoint 15000/200000 (7.5%), t=375
Worker 15: checkpoint 15000/200000 (7.5%), t=375
Worker 5: checkpoint 15000/200000 (7.5%), t=375
Worker 1: checkpoint 15000/200000 (7.5%), t=375
Worker 2: checkpoint 15000/200000 (7.5%), t=375
Worker 16: checkpoint 15000/200000 (7.5%), t=375
Worker 3: checkpoint 15000/200000 (7.5%), t=375
Worker 6: checkpoint 16000/200000 (8.0%), t=400
Worker 8: checkpoint 16000/200000 (8.0%), t=400
Worker 11: checkpoint 16000/200000 (8.0%), t=400
Worker 9: checkpoint 16000/200000 (8.0%), t=400
Worker 10: checkpoint 16000/200000 (8.0%), t=400
Worker 12: checkpoint 16000/200000 (8.0%), t=400
Worker 7: checkpoint 16000/200000 (8.0%), t=400
Worker 13: checkpoint 16000/200000 (8.0%), t=400
Worker 4: checkpoint 16000/200000 (8.0%), t=400
Worker 14: checkpoint 16000/200000 (8.0%), t=400
Worker 15: checkpoint 16000/200000 (8.0%), t=400
Worker 5: checkpoint 16000/200000 (8.0%), t=400
Worker 1: checkpoint 16000/200000 (8.0%), t=400
Worker 2: checkpoint 16000/200000 (8.0%), t=400
Worker 16: checkpoint 16000/200000 (8.0%), t=400
Worker 3: checkpoint 16000/200000 (8.0%), t=400
Worker 6: checkpoint 17000/200000 (8.5%), t=425
Worker 8: checkpoint 17000/200000 (8.5%), t=425
Worker 11: checkpoint 17000/200000 (8.5%), t=425
Worker 9: checkpoint 17000/200000 (8.5%), t=425
Worker 10: checkpoint 17000/200000 (8.5%), t=425
Worker 12: checkpoint 17000/200000 (8.5%), t=425
Worker 7: checkpoint 17000/200000 (8.5%), t=425
Worker 13: checkpoint 17000/200000 (8.5%), t=425
Worker 14: checkpoint 17000/200000 (8.5%), t=425
Worker 15: checkpoint 17000/200000 (8.5%), t=425
Worker 4: checkpoint 17000/200000 (8.5%), t=425
Worker 5: checkpoint 17000/200000 (8.5%), t=425
Worker 1: checkpoint 17000/200000 (8.5%), t=425
Worker 2: checkpoint 17000/200000 (8.5%), t=425
Worker 16: checkpoint 17000/200000 (8.5%), t=425
Worker 3: checkpoint 17000/200000 (8.5%), t=425
Worker 6: checkpoint 18000/200000 (9.0%), t=450
Worker 8: checkpoint 18000/200000 (9.0%), t=450
Worker 11: checkpoint 18000/200000 (9.0%), t=450
Worker 9: checkpoint 18000/200000 (9.0%), t=450
Worker 10: checkpoint 18000/200000 (9.0%), t=450
Worker 12: checkpoint 18000/200000 (9.0%), t=450
Worker 7: checkpoint 18000/200000 (9.0%), t=450
Worker 13: checkpoint 18000/200000 (9.0%), t=450
Worker 14: checkpoint 18000/200000 (9.0%), t=450
Worker 15: checkpoint 18000/200000 (9.0%), t=450
Worker 5: checkpoint 18000/200000 (9.0%), t=450
Worker 4: checkpoint 18000/200000 (9.0%), t=450
Worker 1: checkpoint 18000/200000 (9.0%), t=450
Worker 2: checkpoint 18000/200000 (9.0%), t=450
Worker 16: checkpoint 18000/200000 (9.0%), t=450
Worker 3: checkpoint 18000/200000 (9.0%), t=450
Worker 6: checkpoint 19000/200000 (9.5%), t=475
Worker 8: checkpoint 19000/200000 (9.5%), t=475
Worker 11: checkpoint 19000/200000 (9.5%), t=475
Worker 9: checkpoint 19000/200000 (9.5%), t=475
Worker 10: checkpoint 19000/200000 (9.5%), t=475
Worker 12: checkpoint 19000/200000 (9.5%), t=475
Worker 7: checkpoint 19000/200000 (9.5%), t=475
Worker 13: checkpoint 19000/200000 (9.5%), t=475
Worker 15: checkpoint 19000/200000 (9.5%), t=475
Worker 14: checkpoint 19000/200000 (9.5%), t=475
Worker 5: checkpoint 19000/200000 (9.5%), t=475
Worker 4: checkpoint 19000/200000 (9.5%), t=475
Worker 1: checkpoint 19000/200000 (9.5%), t=475
Worker 2: checkpoint 19000/200000 (9.5%), t=475
Worker 16: checkpoint 19000/200000 (9.5%), t=475
Worker 3: checkpoint 19000/200000 (9.5%), t=475
Worker 6: checkpoint 20000/200000 (10.0%), t=500
Worker 8: checkpoint 20000/200000 (10.0%), t=500
Worker 11: checkpoint 20000/200000 (10.0%), t=500
Worker 9: checkpoint 20000/200000 (10.0%), t=500
Worker 10: checkpoint 20000/200000 (10.0%), t=500
Worker 12: checkpoint 20000/200000 (10.0%), t=500
Worker 7: checkpoint 20000/200000 (10.0%), t=500
Worker 13: checkpoint 20000/200000 (10.0%), t=500
Worker 15: checkpoint 20000/200000 (10.0%), t=500
Worker 5: checkpoint 20000/200000 (10.0%), t=500
Worker 14: checkpoint 20000/200000 (10.0%), t=500
Worker 4: checkpoint 20000/200000 (10.0%), t=500
Worker 1: checkpoint 20000/200000 (10.0%), t=500
Worker 2: checkpoint 20000/200000 (10.0%), t=500
Worker 16: checkpoint 20000/200000 (10.0%), t=500
Worker 3: checkpoint 20000/200000 (10.0%), t=500
Worker 6: checkpoint 21000/200000 (10.5%), t=525
Worker 8: checkpoint 21000/200000 (10.5%), t=525
Worker 11: checkpoint 21000/200000 (10.5%), t=525
Worker 9: checkpoint 21000/200000 (10.5%), t=525
Worker 10: checkpoint 21000/200000 (10.5%), t=525
Worker 12: checkpoint 21000/200000 (10.5%), t=525
Worker 7: checkpoint 21000/200000 (10.5%), t=525
Worker 13: checkpoint 21000/200000 (10.5%), t=525
Worker 15: checkpoint 21000/200000 (10.5%), t=525
Worker 5: checkpoint 21000/200000 (10.5%), t=525
Worker 14: checkpoint 21000/200000 (10.5%), t=525
Worker 4: checkpoint 21000/200000 (10.5%), t=525
Worker 1: checkpoint 21000/200000 (10.5%), t=525
Worker 2: checkpoint 21000/200000 (10.5%), t=525
Worker 16: checkpoint 21000/200000 (10.5%), t=525
Worker 3: checkpoint 21000/200000 (10.5%), t=525
Worker 6: checkpoint 22000/200000 (11.0%), t=550
Worker 8: checkpoint 22000/200000 (11.0%), t=550
Worker 11: checkpoint 22000/200000 (11.0%), t=550
Worker 9: checkpoint 22000/200000 (11.0%), t=550
Worker 10: checkpoint 22000/200000 (11.0%), t=550
Worker 12: checkpoint 22000/200000 (11.0%), t=550
Worker 7: checkpoint 22000/200000 (11.0%), t=550
Worker 13: checkpoint 22000/200000 (11.0%), t=550
Worker 15: checkpoint 22000/200000 (11.0%), t=550
Worker 5: checkpoint 22000/200000 (11.0%), t=550
Worker 14: checkpoint 22000/200000 (11.0%), t=550
Worker 4: checkpoint 22000/200000 (11.0%), t=550
Worker 1: checkpoint 22000/200000 (11.0%), t=550
Worker 2: checkpoint 22000/200000 (11.0%), t=550
Worker 16: checkpoint 22000/200000 (11.0%), t=550
Worker 3: checkpoint 22000/200000 (11.0%), t=550
Worker 6: checkpoint 23000/200000 (11.5%), t=575
Worker 8: checkpoint 23000/200000 (11.5%), t=575
Worker 11: checkpoint 23000/200000 (11.5%), t=575
Worker 9: checkpoint 23000/200000 (11.5%), t=575
Worker 10: checkpoint 23000/200000 (11.5%), t=575
Worker 12: checkpoint 23000/200000 (11.5%), t=575
Worker 7: checkpoint 23000/200000 (11.5%), t=575
Worker 13: checkpoint 23000/200000 (11.5%), t=575
Worker 5: checkpoint 23000/200000 (11.5%), t=575
Worker 15: checkpoint 23000/200000 (11.5%), t=575
Worker 14: checkpoint 23000/200000 (11.5%), t=575
Worker 4: checkpoint 23000/200000 (11.5%), t=575
Worker 1: checkpoint 23000/200000 (11.5%), t=575
Worker 2: checkpoint 23000/200000 (11.5%), t=575
Worker 16: checkpoint 23000/200000 (11.5%), t=575
Worker 3: checkpoint 23000/200000 (11.5%), t=575
Worker 6: checkpoint 24000/200000 (12.0%), t=600
Worker 8: checkpoint 24000/200000 (12.0%), t=600
Worker 11: checkpoint 24000/200000 (12.0%), t=600
Worker 9: checkpoint 24000/200000 (12.0%), t=600
Worker 10: checkpoint 24000/200000 (12.0%), t=600
Worker 12: checkpoint 24000/200000 (12.0%), t=600
Worker 7: checkpoint 24000/200000 (12.0%), t=600
Worker 13: checkpoint 24000/200000 (12.0%), t=600
Worker 5: checkpoint 24000/200000 (12.0%), t=600
Worker 15: checkpoint 24000/200000 (12.0%), t=600
Worker 14: checkpoint 24000/200000 (12.0%), t=600
Worker 4: checkpoint 24000/200000 (12.0%), t=600
Worker 1: checkpoint 24000/200000 (12.0%), t=600
Worker 2: checkpoint 24000/200000 (12.0%), t=600
Worker 16: checkpoint 24000/200000 (12.0%), t=600
Worker 6: checkpoint 25000/200000 (12.5%), t=625
Worker 8: checkpoint 25000/200000 (12.5%), t=625
Worker 3: checkpoint 24000/200000 (12.0%), t=600
Worker 11: checkpoint 25000/200000 (12.5%), t=625
Worker 9: checkpoint 25000/200000 (12.5%), t=625
Worker 12: checkpoint 25000/200000 (12.5%), t=625
Worker 10: checkpoint 25000/200000 (12.5%), t=625
Worker 7: checkpoint 25000/200000 (12.5%), t=625
Worker 13: checkpoint 25000/200000 (12.5%), t=625
Worker 5: checkpoint 25000/200000 (12.5%), t=625
Worker 15: checkpoint 25000/200000 (12.5%), t=625
Worker 14: checkpoint 25000/200000 (12.5%), t=625
Worker 4: checkpoint 25000/200000 (12.5%), t=625
Worker 1: checkpoint 25000/200000 (12.5%), t=625
Worker 2: checkpoint 25000/200000 (12.5%), t=625
Worker 6: checkpoint 26000/200000 (13.0%), t=650
Worker 8: checkpoint 26000/200000 (13.0%), t=650
Worker 3: checkpoint 25000/200000 (12.5%), t=625
Worker 16: checkpoint 25000/200000 (12.5%), t=625
Worker 11: checkpoint 26000/200000 (13.0%), t=650
Worker 9: checkpoint 26000/200000 (13.0%), t=650
Worker 12: checkpoint 26000/200000 (13.0%), t=650
Worker 10: checkpoint 26000/200000 (13.0%), t=650
Worker 7: checkpoint 26000/200000 (13.0%), t=650
Worker 13: checkpoint 26000/200000 (13.0%), t=650
Worker 5: checkpoint 26000/200000 (13.0%), t=650
Worker 15: checkpoint 26000/200000 (13.0%), t=650
Worker 14: checkpoint 26000/200000 (13.0%), t=650
Worker 4: checkpoint 26000/200000 (13.0%), t=650
Worker 1: checkpoint 26000/200000 (13.0%), t=650
Worker 6: checkpoint 27000/200000 (13.5%), t=675
Worker 8: checkpoint 27000/200000 (13.5%), t=675
Worker 2: checkpoint 26000/200000 (13.0%), t=650
Worker 3: checkpoint 26000/200000 (13.0%), t=650
Worker 16: checkpoint 26000/200000 (13.0%), t=650
Worker 11: checkpoint 27000/200000 (13.5%), t=675
Worker 9: checkpoint 27000/200000 (13.5%), t=675
Worker 12: checkpoint 27000/200000 (13.5%), t=675
Worker 10: checkpoint 27000/200000 (13.5%), t=675
Worker 7: checkpoint 27000/200000 (13.5%), t=675
Worker 13: checkpoint 27000/200000 (13.5%), t=675
Worker 5: checkpoint 27000/200000 (13.5%), t=675
Worker 15: checkpoint 27000/200000 (13.5%), t=675
Worker 14: checkpoint 27000/200000 (13.5%), t=675
Worker 4: checkpoint 27000/200000 (13.5%), t=675
Worker 8: checkpoint 28000/200000 (14.0%), t=700
Worker 6: checkpoint 28000/200000 (14.0%), t=700
Worker 1: checkpoint 27000/200000 (13.5%), t=675
Worker 2: checkpoint 27000/200000 (13.5%), t=675
Worker 3: checkpoint 27000/200000 (13.5%), t=675
Worker 16: checkpoint 27000/200000 (13.5%), t=675
Worker 11: checkpoint 28000/200000 (14.0%), t=700
Worker 9: checkpoint 28000/200000 (14.0%), t=700
Worker 12: checkpoint 28000/200000 (14.0%), t=700
Worker 10: checkpoint 28000/200000 (14.0%), t=700
Worker 7: checkpoint 28000/200000 (14.0%), t=700
Worker 13: checkpoint 28000/200000 (14.0%), t=700

[2026-09-20T16:29:52.808755+00:00] Cell 1: parameters

[2026-09-20T16:29:53.477443+00:00] Cell 2: 2
Worker 14: resumed verified step 27000/200000
Worker 16: resumed verified step 27000/200000
Worker 11: resumed verified step 28000/200000
Worker 12: resumed verified step 28000/200000
Worker 3: resumed verified step 27000/200000
Worker 9: resumed verified step 28000/200000
Worker 2: resumed verified step 27000/200000
Worker 4: resumed verified step 27000/200000
Worker 6: resumed verified step 28000/200000
Worker 8: resumed verified step 28000/200000
Worker 7: resumed verified step 28000/200000
Worker 13: resumed verified step 28000/200000
Worker 15: resumed verified step 27000/200000
Worker 10: resumed verified step 28000/200000
Worker 1: resumed verified step 27000/200000
Worker 5: resumed verified step 27000/200000
Worker 6: checkpoint 29000/200000 (14.5%), t=725
Worker 8: checkpoint 29000/200000 (14.5%), t=725
Worker 13: checkpoint 29000/200000 (14.5%), t=725
Worker 9: checkpoint 29000/200000 (14.5%), t=725
Worker 15: checkpoint 28000/200000 (14.0%), t=700
Worker 10: checkpoint 29000/200000 (14.5%), t=725
Worker 11: checkpoint 29000/200000 (14.5%), t=725
Worker 12: checkpoint 29000/200000 (14.5%), t=725
Worker 7: checkpoint 29000/200000 (14.5%), t=725
Worker 14: checkpoint 28000/200000 (14.0%), t=700
Worker 5: checkpoint 28000/200000 (14.0%), t=700
Worker 2: checkpoint 28000/200000 (14.0%), t=700
Worker 16: checkpoint 28000/200000 (14.0%), t=700
Worker 1: checkpoint 28000/200000 (14.0%), t=700
Worker 3: checkpoint 28000/200000 (14.0%), t=700
Worker 4: checkpoint 28000/200000 (14.0%), t=700
Worker 6: checkpoint 30000/200000 (15.0%), t=750
Worker 15: checkpoint 29000/200000 (14.5%), t=725
Worker 8: checkpoint 30000/200000 (15.0%), t=750
Worker 13: checkpoint 30000/200000 (15.0%), t=750
Worker 11: checkpoint 30000/200000 (15.0%), t=750
Worker 10: checkpoint 30000/200000 (15.0%), t=750
Worker 9: checkpoint 30000/200000 (15.0%), t=750
Worker 12: checkpoint 30000/200000 (15.0%), t=750
Worker 7: checkpoint 30000/200000 (15.0%), t=750
Worker 14: checkpoint 29000/200000 (14.5%), t=725
Worker 5: checkpoint 29000/200000 (14.5%), t=725
Worker 16: checkpoint 29000/200000 (14.5%), t=725
Worker 2: checkpoint 29000/200000 (14.5%), t=725
Worker 1: checkpoint 29000/200000 (14.5%), t=725
Worker 3: checkpoint 29000/200000 (14.5%), t=725
Worker 4: checkpoint 29000/200000 (14.5%), t=725
Worker 6: checkpoint 31000/200000 (15.5%), t=775
Worker 8: checkpoint 31000/200000 (15.5%), t=775
Worker 15: checkpoint 30000/200000 (15.0%), t=750
Worker 13: checkpoint 31000/200000 (15.5%), t=775
Worker 9: checkpoint 31000/200000 (15.5%), t=775
Worker 11: checkpoint 31000/200000 (15.5%), t=775
Worker 12: checkpoint 31000/200000 (15.5%), t=775
Worker 14: checkpoint 30000/200000 (15.0%), t=750
Worker 10: checkpoint 31000/200000 (15.5%), t=775
Worker 7: checkpoint 31000/200000 (15.5%), t=775
Worker 5: checkpoint 30000/200000 (15.0%), t=750
Worker 16: checkpoint 30000/200000 (15.0%), t=750
Worker 2: checkpoint 30000/200000 (15.0%), t=750
Worker 1: checkpoint 30000/200000 (15.0%), t=750
Worker 3: checkpoint 30000/200000 (15.0%), t=750
Worker 4: checkpoint 30000/200000 (15.0%), t=750

[2026-09-20T16:36:03.461391+00:00] Cell 1: parameters

[2026-09-20T16:36:04.189778+00:00] Cell 2: 2
Worker 15: resumed verified step 30000/200000
Worker 14: resumed verified step 30000/200000
Worker 16: resumed verified step 30000/200000
Worker 10: resumed verified step 31000/200000
Worker 13: resumed verified step 31000/200000
Worker 2: resumed verified step 30000/200000
Worker 1: resumed verified step 30000/200000
Worker 4: resumed verified step 30000/200000
Worker 6: resumed verified step 31000/200000
Worker 8: resumed verified step 31000/200000
Worker 7: resumed verified step 31000/200000
Worker 11: resumed verified step 31000/200000
Worker 9: resumed verified step 31000/200000
Worker 3: resumed verified step 30000/200000
Worker 12: resumed verified step 31000/200000
Worker 5: resumed verified step 30000/200000
Worker 8: checkpoint 32000/200000 (16.0%), t=800
Worker 11: checkpoint 32000/200000 (16.0%), t=800
Worker 9: checkpoint 32000/200000 (16.0%), t=800
Worker 6: checkpoint 32000/200000 (16.0%), t=800
Worker 14: checkpoint 31000/200000 (15.5%), t=775
Worker 12: checkpoint 32000/200000 (16.0%), t=800
Worker 13: checkpoint 32000/200000 (16.0%), t=800
Worker 5: checkpoint 31000/200000 (15.5%), t=775
Worker 10: checkpoint 32000/200000 (16.0%), t=800
Worker 7: checkpoint 32000/200000 (16.0%), t=800
Worker 15: checkpoint 31000/200000 (15.5%), t=775
Worker 16: checkpoint 31000/200000 (15.5%), t=775
Worker 2: checkpoint 31000/200000 (15.5%), t=775
Worker 1: checkpoint 31000/200000 (15.5%), t=775
Worker 3: checkpoint 31000/200000 (15.5%), t=775
Worker 4: checkpoint 31000/200000 (15.5%), t=775
Worker 8: checkpoint 33000/200000 (16.5%), t=825
Worker 9: checkpoint 33000/200000 (16.5%), t=825
Worker 6: checkpoint 33000/200000 (16.5%), t=825
Worker 12: checkpoint 33000/200000 (16.5%), t=825
Worker 5: checkpoint 32000/200000 (16.0%), t=800
Worker 11: checkpoint 33000/200000 (16.5%), t=825
Worker 14: checkpoint 32000/200000 (16.0%), t=800
Worker 13: checkpoint 33000/200000 (16.5%), t=825
Worker 10: checkpoint 33000/200000 (16.5%), t=825
Worker 7: checkpoint 33000/200000 (16.5%), t=825
Worker 16: checkpoint 32000/200000 (16.0%), t=800
Worker 2: checkpoint 32000/200000 (16.0%), t=800
Worker 15: checkpoint 32000/200000 (16.0%), t=800
Worker 1: checkpoint 32000/200000 (16.0%), t=800
Worker 3: checkpoint 32000/200000 (16.0%), t=800
Worker 4: checkpoint 32000/200000 (16.0%), t=800
Worker 8: checkpoint 34000/200000 (17.0%), t=850
Worker 6: checkpoint 34000/200000 (17.0%), t=850
Worker 9: checkpoint 34000/200000 (17.0%), t=850
Worker 12: checkpoint 34000/200000 (17.0%), t=850
Worker 5: checkpoint 33000/200000 (16.5%), t=825
Worker 11: checkpoint 34000/200000 (17.0%), t=850
Worker 13: checkpoint 34000/200000 (17.0%), t=850
Worker 10: checkpoint 34000/200000 (17.0%), t=850
Worker 14: checkpoint 33000/200000 (16.5%), t=825
Worker 7: checkpoint 34000/200000 (17.0%), t=850
Worker 16: checkpoint 33000/200000 (16.5%), t=825
Worker 15: checkpoint 33000/200000 (16.5%), t=825
Worker 2: checkpoint 33000/200000 (16.5%), t=825
Worker 1: checkpoint 33000/200000 (16.5%), t=825
Worker 3: checkpoint 33000/200000 (16.5%), t=825
Worker 4: checkpoint 33000/200000 (16.5%), t=825
Worker 8: checkpoint 35000/200000 (17.5%), t=875
Worker 6: checkpoint 35000/200000 (17.5%), t=875
Worker 9: checkpoint 35000/200000 (17.5%), t=875
Worker 12: checkpoint 35000/200000 (17.5%), t=875
Worker 5: checkpoint 34000/200000 (17.0%), t=850
Worker 11: checkpoint 35000/200000 (17.5%), t=875
Worker 10: checkpoint 35000/200000 (17.5%), t=875
Worker 13: checkpoint 35000/200000 (17.5%), t=875
Worker 14: checkpoint 34000/200000 (17.0%), t=850
Worker 16: checkpoint 34000/200000 (17.0%), t=850
Worker 7: checkpoint 35000/200000 (17.5%), t=875
Worker 15: checkpoint 34000/200000 (17.0%), t=850
Worker 2: checkpoint 34000/200000 (17.0%), t=850
Worker 1: checkpoint 34000/200000 (17.0%), t=850
Worker 3: checkpoint 34000/200000 (17.0%), t=850
Worker 4: checkpoint 34000/200000 (17.0%), t=850
Worker 8: checkpoint 36000/200000 (18.0%), t=900
Worker 6: checkpoint 36000/200000 (18.0%), t=900
Worker 9: checkpoint 36000/200000 (18.0%), t=900
Worker 12: checkpoint 36000/200000 (18.0%), t=900
Worker 14: checkpoint 35000/200000 (17.5%), t=875
Worker 5: checkpoint 35000/200000 (17.5%), t=875
Worker 13: checkpoint 36000/200000 (18.0%), t=900
Worker 10: checkpoint 36000/200000 (18.0%), t=900
Worker 11: checkpoint 36000/200000 (18.0%), t=900
Worker 16: checkpoint 35000/200000 (17.5%), t=875
Worker 15: checkpoint 35000/200000 (17.5%), t=875
Worker 7: checkpoint 36000/200000 (18.0%), t=900
Worker 2: checkpoint 35000/200000 (17.5%), t=875
Worker 1: checkpoint 35000/200000 (17.5%), t=875
Worker 3: checkpoint 35000/200000 (17.5%), t=875
Worker 4: checkpoint 35000/200000 (17.5%), t=875
Worker 8: checkpoint 37000/200000 (18.5%), t=925
Worker 6: checkpoint 37000/200000 (18.5%), t=925
Worker 12: checkpoint 37000/200000 (18.5%), t=925
Worker 9: checkpoint 37000/200000 (18.5%), t=925
Worker 14: checkpoint 36000/200000 (18.0%), t=900
Worker 13: checkpoint 37000/200000 (18.5%), t=925
Worker 5: checkpoint 36000/200000 (18.0%), t=900
Worker 10: checkpoint 37000/200000 (18.5%), t=925
Worker 11: checkpoint 37000/200000 (18.5%), t=925
Worker 16: checkpoint 36000/200000 (18.0%), t=900
Worker 15: checkpoint 36000/200000 (18.0%), t=900
Worker 7: checkpoint 37000/200000 (18.5%), t=925
Worker 2: checkpoint 36000/200000 (18.0%), t=900
Worker 1: checkpoint 36000/200000 (18.0%), t=900
Worker 3: checkpoint 36000/200000 (18.0%), t=900
Worker 4: checkpoint 36000/200000 (18.0%), t=900
Worker 8: checkpoint 38000/200000 (19.0%), t=950
Worker 6: checkpoint 38000/200000 (19.0%), t=950
Worker 12: checkpoint 38000/200000 (19.0%), t=950
Worker 9: checkpoint 38000/200000 (19.0%), t=950
Worker 14: checkpoint 37000/200000 (18.5%), t=925
Worker 13: checkpoint 38000/200000 (19.0%), t=950
Worker 5: checkpoint 37000/200000 (18.5%), t=925
Worker 10: checkpoint 38000/200000 (19.0%), t=950
Worker 11: checkpoint 38000/200000 (19.0%), t=950
Worker 16: checkpoint 37000/200000 (18.5%), t=925
Worker 15: checkpoint 37000/200000 (18.5%), t=925
Worker 7: checkpoint 38000/200000 (19.0%), t=950
Worker 2: checkpoint 37000/200000 (18.5%), t=925
Worker 3: checkpoint 37000/200000 (18.5%), t=925
Worker 1: checkpoint 37000/200000 (18.5%), t=925
Worker 4: checkpoint 37000/200000 (18.5%), t=925
Worker 8: checkpoint 39000/200000 (19.5%), t=975
Worker 6: checkpoint 39000/200000 (19.5%), t=975
Worker 12: checkpoint 39000/200000 (19.5%), t=975
Worker 9: checkpoint 39000/200000 (19.5%), t=975
Worker 13: checkpoint 39000/200000 (19.5%), t=975
Worker 14: checkpoint 38000/200000 (19.0%), t=950
Worker 10: checkpoint 39000/200000 (19.5%), t=975
Worker 11: checkpoint 39000/200000 (19.5%), t=975
Worker 5: checkpoint 38000/200000 (19.0%), t=950
Worker 16: checkpoint 38000/200000 (19.0%), t=950
Worker 15: checkpoint 38000/200000 (19.0%), t=950
Worker 7: checkpoint 39000/200000 (19.5%), t=975
Worker 2: checkpoint 38000/200000 (19.0%), t=950
Worker 3: checkpoint 38000/200000 (19.0%), t=950
Worker 1: checkpoint 38000/200000 (19.0%), t=950
Worker 4: checkpoint 38000/200000 (19.0%), t=950
Worker 8: checkpoint 40000/200000 (20.0%), t=1000
Worker 6: checkpoint 40000/200000 (20.0%), t=1000
Worker 12: checkpoint 40000/200000 (20.0%), t=1000
Worker 9: checkpoint 40000/200000 (20.0%), t=1000
Worker 13: checkpoint 40000/200000 (20.0%), t=1000
Worker 14: checkpoint 39000/200000 (19.5%), t=975
Worker 11: checkpoint 40000/200000 (20.0%), t=1000
Worker 10: checkpoint 40000/200000 (20.0%), t=1000
Worker 5: checkpoint 39000/200000 (19.5%), t=975
Worker 16: checkpoint 39000/200000 (19.5%), t=975
Worker 15: checkpoint 39000/200000 (19.5%), t=975
Worker 7: checkpoint 40000/200000 (20.0%), t=1000
Worker 2: checkpoint 39000/200000 (19.5%), t=975
Worker 3: checkpoint 39000/200000 (19.5%), t=975
Worker 1: checkpoint 39000/200000 (19.5%), t=975
Worker 4: checkpoint 39000/200000 (19.5%), t=975
Worker 8: checkpoint 41000/200000 (20.5%), t=1025
Worker 6: checkpoint 41000/200000 (20.5%), t=1025
Worker 12: checkpoint 41000/200000 (20.5%), t=1025
Worker 9: checkpoint 41000/200000 (20.5%), t=1025
Worker 13: checkpoint 41000/200000 (20.5%), t=1025
Worker 14: checkpoint 40000/200000 (20.0%), t=1000
Worker 10: checkpoint 41000/200000 (20.5%), t=1025
Worker 11: checkpoint 41000/200000 (20.5%), t=1025
Worker 16: checkpoint 40000/200000 (20.0%), t=1000
Worker 5: checkpoint 40000/200000 (20.0%), t=1000
Worker 15: checkpoint 40000/200000 (20.0%), t=1000
Worker 7: checkpoint 41000/200000 (20.5%), t=1025
Worker 2: checkpoint 40000/200000 (20.0%), t=1000
Worker 3: checkpoint 40000/200000 (20.0%), t=1000
Worker 1: checkpoint 40000/200000 (20.0%), t=1000
Worker 4: checkpoint 40000/200000 (20.0%), t=1000
Worker 8: checkpoint 42000/200000 (21.0%), t=1050
Worker 6: checkpoint 42000/200000 (21.0%), t=1050
Worker 12: checkpoint 42000/200000 (21.0%), t=1050
Worker 9: checkpoint 42000/200000 (21.0%), t=1050
Worker 13: checkpoint 42000/200000 (21.0%), t=1050
Worker 14: checkpoint 41000/200000 (20.5%), t=1025
Worker 10: checkpoint 42000/200000 (21.0%), t=1050
Worker 11: checkpoint 42000/200000 (21.0%), t=1050
Worker 16: checkpoint 41000/200000 (20.5%), t=1025
Worker 5: checkpoint 41000/200000 (20.5%), t=1025
Worker 15: checkpoint 41000/200000 (20.5%), t=1025
Worker 7: checkpoint 42000/200000 (21.0%), t=1050
Worker 2: checkpoint 41000/200000 (20.5%), t=1025
Worker 3: checkpoint 41000/200000 (20.5%), t=1025
Worker 1: checkpoint 41000/200000 (20.5%), t=1025
Worker 4: checkpoint 41000/200000 (20.5%), t=1025
Worker 8: checkpoint 43000/200000 (21.5%), t=1075
Worker 6: checkpoint 43000/200000 (21.5%), t=1075
Worker 12: checkpoint 43000/200000 (21.5%), t=1075
Worker 9: checkpoint 43000/200000 (21.5%), t=1075
Worker 13: checkpoint 43000/200000 (21.5%), t=1075
Worker 14: checkpoint 42000/200000 (21.0%), t=1050
Worker 10: checkpoint 43000/200000 (21.5%), t=1075
Worker 11: checkpoint 43000/200000 (21.5%), t=1075
Worker 16: checkpoint 42000/200000 (21.0%), t=1050
Worker 5: checkpoint 42000/200000 (21.0%), t=1050
Worker 15: checkpoint 42000/200000 (21.0%), t=1050
Worker 2: checkpoint 42000/200000 (21.0%), t=1050
Worker 7: checkpoint 43000/200000 (21.5%), t=1075
Worker 3: checkpoint 42000/200000 (21.0%), t=1050
Worker 1: checkpoint 42000/200000 (21.0%), t=1050
Worker 4: checkpoint 42000/200000 (21.0%), t=1050
Worker 8: checkpoint 44000/200000 (22.0%), t=1100
Worker 6: checkpoint 44000/200000 (22.0%), t=1100
Worker 9: checkpoint 44000/200000 (22.0%), t=1100
Worker 12: checkpoint 44000/200000 (22.0%), t=1100
Worker 13: checkpoint 44000/200000 (22.0%), t=1100
Worker 14: checkpoint 43000/200000 (21.5%), t=1075
Worker 10: checkpoint 44000/200000 (22.0%), t=1100
Worker 16: checkpoint 43000/200000 (21.5%), t=1075
Worker 11: checkpoint 44000/200000 (22.0%), t=1100
Worker 5: checkpoint 43000/200000 (21.5%), t=1075
Worker 15: checkpoint 43000/200000 (21.5%), t=1075
Worker 2: checkpoint 43000/200000 (21.5%), t=1075
Worker 7: checkpoint 44000/200000 (22.0%), t=1100
Worker 1: checkpoint 43000/200000 (21.5%), t=1075
Worker 3: checkpoint 43000/200000 (21.5%), t=1075
Worker 4: checkpoint 43000/200000 (21.5%), t=1075
Worker 8: checkpoint 45000/200000 (22.5%), t=1125
Worker 6: checkpoint 45000/200000 (22.5%), t=1125
Worker 9: checkpoint 45000/200000 (22.5%), t=1125
Worker 12: checkpoint 45000/200000 (22.5%), t=1125
Worker 13: checkpoint 45000/200000 (22.5%), t=1125
Worker 14: checkpoint 44000/200000 (22.0%), t=1100
Worker 16: checkpoint 44000/200000 (22.0%), t=1100
Worker 10: checkpoint 45000/200000 (22.5%), t=1125
Worker 11: checkpoint 45000/200000 (22.5%), t=1125
Worker 5: checkpoint 44000/200000 (22.0%), t=1100
Worker 15: checkpoint 44000/200000 (22.0%), t=1100
Worker 2: checkpoint 44000/200000 (22.0%), t=1100
Worker 3: checkpoint 44000/200000 (22.0%), t=1100
Worker 1: checkpoint 44000/200000 (22.0%), t=1100
Worker 7: checkpoint 45000/200000 (22.5%), t=1125
Worker 4: checkpoint 44000/200000 (22.0%), t=1100
Worker 8: checkpoint 46000/200000 (23.0%), t=1150
Worker 6: checkpoint 46000/200000 (23.0%), t=1150
Worker 9: checkpoint 46000/200000 (23.0%), t=1150
Worker 12: checkpoint 46000/200000 (23.0%), t=1150
Worker 13: checkpoint 46000/200000 (23.0%), t=1150
Worker 14: checkpoint 45000/200000 (22.5%), t=1125
Worker 16: checkpoint 45000/200000 (22.5%), t=1125
Worker 11: checkpoint 46000/200000 (23.0%), t=1150
Worker 10: checkpoint 46000/200000 (23.0%), t=1150
Worker 5: checkpoint 45000/200000 (22.5%), t=1125
Worker 15: checkpoint 45000/200000 (22.5%), t=1125
Worker 2: checkpoint 45000/200000 (22.5%), t=1125
Worker 3: checkpoint 45000/200000 (22.5%), t=1125
Worker 1: checkpoint 45000/200000 (22.5%), t=1125
Worker 7: checkpoint 46000/200000 (23.0%), t=1150
Worker 4: checkpoint 45000/200000 (22.5%), t=1125
Worker 8: checkpoint 47000/200000 (23.5%), t=1175
Worker 6: checkpoint 47000/200000 (23.5%), t=1175
Worker 9: checkpoint 47000/200000 (23.5%), t=1175
Worker 12: checkpoint 47000/200000 (23.5%), t=1175
Worker 13: checkpoint 47000/200000 (23.5%), t=1175
Worker 16: checkpoint 46000/200000 (23.0%), t=1150
Worker 14: checkpoint 46000/200000 (23.0%), t=1150
Worker 11: checkpoint 47000/200000 (23.5%), t=1175
Worker 10: checkpoint 47000/200000 (23.5%), t=1175
Worker 5: checkpoint 46000/200000 (23.0%), t=1150
Worker 15: checkpoint 46000/200000 (23.0%), t=1150
Worker 2: checkpoint 46000/200000 (23.0%), t=1150
Worker 3: checkpoint 46000/200000 (23.0%), t=1150
Worker 1: checkpoint 46000/200000 (23.0%), t=1150
Worker 7: checkpoint 47000/200000 (23.5%), t=1175
Worker 4: checkpoint 46000/200000 (23.0%), t=1150
Worker 8: checkpoint 48000/200000 (24.0%), t=1200
Worker 6: checkpoint 48000/200000 (24.0%), t=1200
Worker 9: checkpoint 48000/200000 (24.0%), t=1200
Worker 12: checkpoint 48000/200000 (24.0%), t=1200
Worker 13: checkpoint 48000/200000 (24.0%), t=1200
Worker 16: checkpoint 47000/200000 (23.5%), t=1175
Worker 14: checkpoint 47000/200000 (23.5%), t=1175
Worker 11: checkpoint 48000/200000 (24.0%), t=1200
Worker 10: checkpoint 48000/200000 (24.0%), t=1200
Worker 5: checkpoint 47000/200000 (23.5%), t=1175
Worker 15: checkpoint 47000/200000 (23.5%), t=1175
Worker 2: checkpoint 47000/200000 (23.5%), t=1175
Worker 3: checkpoint 47000/200000 (23.5%), t=1175
Worker 1: checkpoint 47000/200000 (23.5%), t=1175
Worker 4: checkpoint 47000/200000 (23.5%), t=1175
Worker 7: checkpoint 48000/200000 (24.0%), t=1200
Worker 8: checkpoint 49000/200000 (24.5%), t=1225
Worker 6: checkpoint 49000/200000 (24.5%), t=1225
Worker 12: checkpoint 49000/200000 (24.5%), t=1225
Worker 9: checkpoint 49000/200000 (24.5%), t=1225
Worker 13: checkpoint 49000/200000 (24.5%), t=1225
Worker 16: checkpoint 48000/200000 (24.0%), t=1200
Worker 14: checkpoint 48000/200000 (24.0%), t=1200
Worker 11: checkpoint 49000/200000 (24.5%), t=1225
Worker 10: checkpoint 49000/200000 (24.5%), t=1225
Worker 5: checkpoint 48000/200000 (24.0%), t=1200
Worker 15: checkpoint 48000/200000 (24.0%), t=1200
Worker 2: checkpoint 48000/200000 (24.0%), t=1200
Worker 3: checkpoint 48000/200000 (24.0%), t=1200
Worker 1: checkpoint 48000/200000 (24.0%), t=1200
Worker 4: checkpoint 48000/200000 (24.0%), t=1200
Worker 7: checkpoint 49000/200000 (24.5%), t=1225
Worker 8: checkpoint 50000/200000 (25.0%), t=1250
Worker 6: checkpoint 50000/200000 (25.0%), t=1250
Worker 12: checkpoint 50000/200000 (25.0%), t=1250
Worker 9: checkpoint 50000/200000 (25.0%), t=1250
Worker 13: checkpoint 50000/200000 (25.0%), t=1250
Worker 16: checkpoint 49000/200000 (24.5%), t=1225
Worker 14: checkpoint 49000/200000 (24.5%), t=1225
Worker 11: checkpoint 50000/200000 (25.0%), t=1250
Worker 10: checkpoint 50000/200000 (25.0%), t=1250
Worker 5: checkpoint 49000/200000 (24.5%), t=1225
Worker 15: checkpoint 49000/200000 (24.5%), t=1225
Worker 2: checkpoint 49000/200000 (24.5%), t=1225
Worker 1: checkpoint 49000/200000 (24.5%), t=1225
Worker 3: checkpoint 49000/200000 (24.5%), t=1225
Worker 4: checkpoint 49000/200000 (24.5%), t=1225
Worker 7: checkpoint 50000/200000 (25.0%), t=1250
Worker 8: checkpoint 51000/200000 (25.5%), t=1275
Worker 6: checkpoint 51000/200000 (25.5%), t=1275
Worker 12: checkpoint 51000/200000 (25.5%), t=1275
Worker 9: checkpoint 51000/200000 (25.5%), t=1275
Worker 13: checkpoint 51000/200000 (25.5%), t=1275
Worker 16: checkpoint 50000/200000 (25.0%), t=1250
Worker 14: checkpoint 50000/200000 (25.0%), t=1250
Worker 11: checkpoint 51000/200000 (25.5%), t=1275
Worker 5: checkpoint 50000/200000 (25.0%), t=1250
Worker 10: checkpoint 51000/200000 (25.5%), t=1275
Worker 15: checkpoint 50000/200000 (25.0%), t=1250
Worker 2: checkpoint 50000/200000 (25.0%), t=1250
Worker 1: checkpoint 50000/200000 (25.0%), t=1250
Worker 3: checkpoint 50000/200000 (25.0%), t=1250
Worker 4: checkpoint 50000/200000 (25.0%), t=1250
Worker 7: checkpoint 51000/200000 (25.5%), t=1275
Worker 8: checkpoint 52000/200000 (26.0%), t=1300
Worker 6: checkpoint 52000/200000 (26.0%), t=1300
Worker 9: checkpoint 52000/200000 (26.0%), t=1300
Worker 12: checkpoint 52000/200000 (26.0%), t=1300
Worker 13: checkpoint 52000/200000 (26.0%), t=1300
Worker 16: checkpoint 51000/200000 (25.5%), t=1275
Worker 11: checkpoint 52000/200000 (26.0%), t=1300
Worker 14: checkpoint 51000/200000 (25.5%), t=1275
Worker 5: checkpoint 51000/200000 (25.5%), t=1275
Worker 10: checkpoint 52000/200000 (26.0%), t=1300
Worker 15: checkpoint 51000/200000 (25.5%), t=1275
Worker 2: checkpoint 51000/200000 (25.5%), t=1275
Worker 1: checkpoint 51000/200000 (25.5%), t=1275
Worker 3: checkpoint 51000/200000 (25.5%), t=1275
Worker 4: checkpoint 51000/200000 (25.5%), t=1275
Worker 8: checkpoint 53000/200000 (26.5%), t=1325
Worker 7: checkpoint 52000/200000 (26.0%), t=1300
Worker 6: checkpoint 53000/200000 (26.5%), t=1325
Worker 13: checkpoint 53000/200000 (26.5%), t=1325
Worker 9: checkpoint 53000/200000 (26.5%), t=1325
Worker 12: checkpoint 53000/200000 (26.5%), t=1325
Worker 16: checkpoint 52000/200000 (26.0%), t=1300
Worker 11: checkpoint 53000/200000 (26.5%), t=1325
Worker 14: checkpoint 52000/200000 (26.0%), t=1300
Worker 5: checkpoint 52000/200000 (26.0%), t=1300
Worker 10: checkpoint 53000/200000 (26.5%), t=1325
Worker 15: checkpoint 52000/200000 (26.0%), t=1300
Worker 2: checkpoint 52000/200000 (26.0%), t=1300
Worker 1: checkpoint 52000/200000 (26.0%), t=1300
Worker 3: checkpoint 52000/200000 (26.0%), t=1300
Worker 4: checkpoint 52000/200000 (26.0%), t=1300
Worker 8: checkpoint 54000/200000 (27.0%), t=1350
Worker 7: checkpoint 53000/200000 (26.5%), t=1325
Worker 6: checkpoint 54000/200000 (27.0%), t=1350
Worker 13: checkpoint 54000/200000 (27.0%), t=1350
Worker 9: checkpoint 54000/200000 (27.0%), t=1350
Worker 12: checkpoint 54000/200000 (27.0%), t=1350
Worker 16: checkpoint 53000/200000 (26.5%), t=1325
Worker 11: checkpoint 54000/200000 (27.0%), t=1350
Worker 14: checkpoint 53000/200000 (26.5%), t=1325
Worker 5: checkpoint 53000/200000 (26.5%), t=1325
Worker 10: checkpoint 54000/200000 (27.0%), t=1350
Worker 15: checkpoint 53000/200000 (26.5%), t=1325
Worker 2: checkpoint 53000/200000 (26.5%), t=1325
Worker 1: checkpoint 53000/200000 (26.5%), t=1325
Worker 3: checkpoint 53000/200000 (26.5%), t=1325
Worker 8: checkpoint 55000/200000 (27.5%), t=1375
Worker 4: checkpoint 53000/200000 (26.5%), t=1325
Worker 6: checkpoint 55000/200000 (27.5%), t=1375
Worker 7: checkpoint 54000/200000 (27.0%), t=1350
Worker 13: checkpoint 55000/200000 (27.5%), t=1375
Worker 9: checkpoint 55000/200000 (27.5%), t=1375
Worker 12: checkpoint 55000/200000 (27.5%), t=1375
Worker 16: checkpoint 54000/200000 (27.0%), t=1350
Worker 14: checkpoint 54000/200000 (27.0%), t=1350
Worker 11: checkpoint 55000/200000 (27.5%), t=1375
Worker 5: checkpoint 54000/200000 (27.0%), t=1350
Worker 10: checkpoint 55000/200000 (27.5%), t=1375
Worker 15: checkpoint 54000/200000 (27.0%), t=1350

[2026-09-20T17:03:22.054806+00:00] Cell 1: parameters

[2026-09-20T17:03:22.713130+00:00] Cell 2: 2
Worker 16: resumed verified step 54000/200000
Worker 15: resumed verified step 54000/200000
Worker 14: resumed verified step 54000/200000
Worker 12: resumed verified step 55000/200000
Worker 13: resumed verified step 55000/200000
Worker 10: resumed verified step 55000/200000
Worker 11: resumed verified step 55000/200000
Worker 9: resumed verified step 55000/200000
Worker 1: resumed verified step 53000/200000
Worker 2: resumed verified step 53000/200000
Worker 3: resumed verified step 53000/200000
Worker 4: resumed verified step 53000/200000
Worker 7: resumed verified step 54000/200000
Worker 5: resumed verified step 54000/200000
Worker 6: resumed verified step 55000/200000
Worker 8: resumed verified step 55000/200000
Worker 12: checkpoint 56000/200000 (28.0%), t=1400
Worker 5: checkpoint 55000/200000 (27.5%), t=1375
Worker 13: checkpoint 56000/200000 (28.0%), t=1400
Worker 10: checkpoint 56000/200000 (28.0%), t=1400
Worker 6: checkpoint 56000/200000 (28.0%), t=1400
Worker 16: checkpoint 55000/200000 (27.5%), t=1375
Worker 8: checkpoint 56000/200000 (28.0%), t=1400
Worker 14: checkpoint 55000/200000 (27.5%), t=1375
Worker 9: checkpoint 56000/200000 (28.0%), t=1400
Worker 1: checkpoint 54000/200000 (27.0%), t=1350
Worker 4: checkpoint 54000/200000 (27.0%), t=1350
Worker 7: checkpoint 55000/200000 (27.5%), t=1375
Worker 11: checkpoint 56000/200000 (28.0%), t=1400
Worker 15: checkpoint 55000/200000 (27.5%), t=1375
Worker 2: checkpoint 54000/200000 (27.0%), t=1350
Worker 3: checkpoint 54000/200000 (27.0%), t=1350
Worker 5: checkpoint 56000/200000 (28.0%), t=1400
Worker 12: checkpoint 57000/200000 (28.5%), t=1425
Worker 6: checkpoint 57000/200000 (28.5%), t=1425
Worker 13: checkpoint 57000/200000 (28.5%), t=1425
Worker 16: checkpoint 56000/200000 (28.0%), t=1400
Worker 10: checkpoint 57000/200000 (28.5%), t=1425
Worker 8: checkpoint 57000/200000 (28.5%), t=1425
Worker 14: checkpoint 56000/200000 (28.0%), t=1400
Worker 9: checkpoint 57000/200000 (28.5%), t=1425
Worker 1: checkpoint 55000/200000 (27.5%), t=1375
Worker 4: checkpoint 55000/200000 (27.5%), t=1375
Worker 11: checkpoint 57000/200000 (28.5%), t=1425
Worker 7: checkpoint 56000/200000 (28.0%), t=1400
Worker 3: checkpoint 55000/200000 (27.5%), t=1375
Worker 15: checkpoint 56000/200000 (28.0%), t=1400
Worker 2: checkpoint 55000/200000 (27.5%), t=1375
Worker 12: checkpoint 58000/200000 (29.0%), t=1450
Worker 5: checkpoint 57000/200000 (28.5%), t=1425
Worker 6: checkpoint 58000/200000 (29.0%), t=1450
Worker 13: checkpoint 58000/200000 (29.0%), t=1450
Worker 16: checkpoint 57000/200000 (28.5%), t=1425
Worker 8: checkpoint 58000/200000 (29.0%), t=1450
Worker 14: checkpoint 57000/200000 (28.5%), t=1425
Worker 10: checkpoint 58000/200000 (29.0%), t=1450
Worker 1: checkpoint 56000/200000 (28.0%), t=1400
Worker 9: checkpoint 58000/200000 (29.0%), t=1450
Worker 4: checkpoint 56000/200000 (28.0%), t=1400
Worker 11: checkpoint 58000/200000 (29.0%), t=1450
Worker 7: checkpoint 57000/200000 (28.5%), t=1425
Worker 3: checkpoint 56000/200000 (28.0%), t=1400
Worker 15: checkpoint 57000/200000 (28.5%), t=1425
Worker 2: checkpoint 56000/200000 (28.0%), t=1400
Worker 12: checkpoint 59000/200000 (29.5%), t=1475
Worker 5: checkpoint 58000/200000 (29.0%), t=1450
Worker 6: checkpoint 59000/200000 (29.5%), t=1475
Worker 13: checkpoint 59000/200000 (29.5%), t=1475
Worker 16: checkpoint 58000/200000 (29.0%), t=1450
Worker 8: checkpoint 59000/200000 (29.5%), t=1475
Worker 14: checkpoint 58000/200000 (29.0%), t=1450
Worker 10: checkpoint 59000/200000 (29.5%), t=1475
Worker 1: checkpoint 57000/200000 (28.5%), t=1425
Worker 9: checkpoint 59000/200000 (29.5%), t=1475
Worker 4: checkpoint 57000/200000 (28.5%), t=1425
Worker 11: checkpoint 59000/200000 (29.5%), t=1475
Worker 15: checkpoint 58000/200000 (29.0%), t=1450
Worker 7: checkpoint 58000/200000 (29.0%), t=1450
Worker 3: checkpoint 57000/200000 (28.5%), t=1425
Worker 2: checkpoint 57000/200000 (28.5%), t=1425
Worker 12: checkpoint 60000/200000 (30.0%), t=1500
Worker 5: checkpoint 59000/200000 (29.5%), t=1475
Worker 6: checkpoint 60000/200000 (30.0%), t=1500
Worker 13: checkpoint 60000/200000 (30.0%), t=1500
Worker 16: checkpoint 59000/200000 (29.5%), t=1475
Worker 8: checkpoint 60000/200000 (30.0%), t=1500
Worker 10: checkpoint 60000/200000 (30.0%), t=1500
Worker 14: checkpoint 59000/200000 (29.5%), t=1475
Worker 1: checkpoint 58000/200000 (29.0%), t=1450
Worker 4: checkpoint 58000/200000 (29.0%), t=1450
Worker 11: checkpoint 60000/200000 (30.0%), t=1500
Worker 9: checkpoint 60000/200000 (30.0%), t=1500
Worker 15: checkpoint 59000/200000 (29.5%), t=1475
Worker 3: checkpoint 58000/200000 (29.0%), t=1450
Worker 7: checkpoint 59000/200000 (29.5%), t=1475
Worker 2: checkpoint 58000/200000 (29.0%), t=1450
Worker 12: checkpoint 61000/200000 (30.5%), t=1525
Worker 5: checkpoint 60000/200000 (30.0%), t=1500
Worker 6: checkpoint 61000/200000 (30.5%), t=1525
Worker 13: checkpoint 61000/200000 (30.5%), t=1525
Worker 16: checkpoint 60000/200000 (30.0%), t=1500
Worker 8: checkpoint 61000/200000 (30.5%), t=1525
Worker 10: checkpoint 61000/200000 (30.5%), t=1525
Worker 14: checkpoint 60000/200000 (30.0%), t=1500
Worker 1: checkpoint 59000/200000 (29.5%), t=1475
Worker 4: checkpoint 59000/200000 (29.5%), t=1475
Worker 11: checkpoint 61000/200000 (30.5%), t=1525
Worker 9: checkpoint 61000/200000 (30.5%), t=1525
Worker 15: checkpoint 60000/200000 (30.0%), t=1500
Worker 7: checkpoint 60000/200000 (30.0%), t=1500
Worker 3: checkpoint 59000/200000 (29.5%), t=1475
Worker 2: checkpoint 59000/200000 (29.5%), t=1475
Worker 12: checkpoint 62000/200000 (31.0%), t=1550
Worker 5: checkpoint 61000/200000 (30.5%), t=1525
Worker 13: checkpoint 62000/200000 (31.0%), t=1550
Worker 6: checkpoint 62000/200000 (31.0%), t=1550
Worker 16: checkpoint 61000/200000 (30.5%), t=1525
Worker 10: checkpoint 62000/200000 (31.0%), t=1550
Worker 8: checkpoint 62000/200000 (31.0%), t=1550
Worker 14: checkpoint 61000/200000 (30.5%), t=1525
Worker 1: checkpoint 60000/200000 (30.0%), t=1500
Worker 4: checkpoint 60000/200000 (30.0%), t=1500
Worker 11: checkpoint 62000/200000 (31.0%), t=1550
Worker 7: checkpoint 61000/200000 (30.5%), t=1525
Worker 9: checkpoint 62000/200000 (31.0%), t=1550
Worker 15: checkpoint 61000/200000 (30.5%), t=1525
Worker 3: checkpoint 60000/200000 (30.0%), t=1500
Worker 2: checkpoint 60000/200000 (30.0%), t=1500
Worker 12: checkpoint 63000/200000 (31.5%), t=1575
Worker 5: checkpoint 62000/200000 (31.0%), t=1550
Worker 13: checkpoint 63000/200000 (31.5%), t=1575
Worker 6: checkpoint 63000/200000 (31.5%), t=1575
Worker 16: checkpoint 62000/200000 (31.0%), t=1550
Worker 10: checkpoint 63000/200000 (31.5%), t=1575
Worker 8: checkpoint 63000/200000 (31.5%), t=1575
Worker 1: checkpoint 61000/200000 (30.5%), t=1525
Worker 14: checkpoint 62000/200000 (31.0%), t=1550
Worker 4: checkpoint 61000/200000 (30.5%), t=1525
Worker 11: checkpoint 63000/200000 (31.5%), t=1575
Worker 15: checkpoint 62000/200000 (31.0%), t=1550
Worker 9: checkpoint 63000/200000 (31.5%), t=1575
Worker 7: checkpoint 62000/200000 (31.0%), t=1550
Worker 3: checkpoint 61000/200000 (30.5%), t=1525
Worker 2: checkpoint 61000/200000 (30.5%), t=1525
Worker 12: checkpoint 64000/200000 (32.0%), t=1600
Worker 5: checkpoint 63000/200000 (31.5%), t=1575
Worker 13: checkpoint 64000/200000 (32.0%), t=1600
Worker 6: checkpoint 64000/200000 (32.0%), t=1600
Worker 16: checkpoint 63000/200000 (31.5%), t=1575
Worker 10: checkpoint 64000/200000 (32.0%), t=1600
Worker 1: checkpoint 62000/200000 (31.0%), t=1550
Worker 8: checkpoint 64000/200000 (32.0%), t=1600
Worker 14: checkpoint 63000/200000 (31.5%), t=1575
Worker 4: checkpoint 62000/200000 (31.0%), t=1550
Worker 11: checkpoint 64000/200000 (32.0%), t=1600
Worker 15: checkpoint 63000/200000 (31.5%), t=1575
Worker 7: checkpoint 63000/200000 (31.5%), t=1575
Worker 9: checkpoint 64000/200000 (32.0%), t=1600
Worker 3: checkpoint 62000/200000 (31.0%), t=1550
Worker 2: checkpoint 62000/200000 (31.0%), t=1550
Worker 12: checkpoint 65000/200000 (32.5%), t=1625
Worker 5: checkpoint 64000/200000 (32.0%), t=1600
Worker 13: checkpoint 65000/200000 (32.5%), t=1625
Worker 6: checkpoint 65000/200000 (32.5%), t=1625
Worker 16: checkpoint 64000/200000 (32.0%), t=1600
Worker 10: checkpoint 65000/200000 (32.5%), t=1625
Worker 1: checkpoint 63000/200000 (31.5%), t=1575
Worker 8: checkpoint 65000/200000 (32.5%), t=1625
Worker 14: checkpoint 64000/200000 (32.0%), t=1600
Worker 4: checkpoint 63000/200000 (31.5%), t=1575
Worker 11: checkpoint 65000/200000 (32.5%), t=1625
Worker 7: checkpoint 64000/200000 (32.0%), t=1600
Worker 15: checkpoint 64000/200000 (32.0%), t=1600
Worker 9: checkpoint 65000/200000 (32.5%), t=1625
Worker 3: checkpoint 63000/200000 (31.5%), t=1575
Worker 2: checkpoint 63000/200000 (31.5%), t=1575
Worker 12: checkpoint 66000/200000 (33.0%), t=1650
Worker 13: checkpoint 66000/200000 (33.0%), t=1650
Worker 5: checkpoint 65000/200000 (32.5%), t=1625
Worker 6: checkpoint 66000/200000 (33.0%), t=1650
Worker 16: checkpoint 65000/200000 (32.5%), t=1625
Worker 10: checkpoint 66000/200000 (33.0%), t=1650
Worker 1: checkpoint 64000/200000 (32.0%), t=1600
Worker 8: checkpoint 66000/200000 (33.0%), t=1650
Worker 14: checkpoint 65000/200000 (32.5%), t=1625
Worker 4: checkpoint 64000/200000 (32.0%), t=1600
Worker 11: checkpoint 66000/200000 (33.0%), t=1650
Worker 7: checkpoint 65000/200000 (32.5%), t=1625
Worker 15: checkpoint 65000/200000 (32.5%), t=1625
Worker 9: checkpoint 66000/200000 (33.0%), t=1650
Worker 3: checkpoint 64000/200000 (32.0%), t=1600
Worker 2: checkpoint 64000/200000 (32.0%), t=1600
Worker 12: checkpoint 67000/200000 (33.5%), t=1675
Worker 13: checkpoint 67000/200000 (33.5%), t=1675
Worker 5: checkpoint 66000/200000 (33.0%), t=1650
Worker 6: checkpoint 67000/200000 (33.5%), t=1675
Worker 16: checkpoint 66000/200000 (33.0%), t=1650
Worker 10: checkpoint 67000/200000 (33.5%), t=1675
Worker 1: checkpoint 65000/200000 (32.5%), t=1625
Worker 8: checkpoint 67000/200000 (33.5%), t=1675
Worker 14: checkpoint 66000/200000 (33.0%), t=1650
Worker 4: checkpoint 65000/200000 (32.5%), t=1625
Worker 11: checkpoint 67000/200000 (33.5%), t=1675
Worker 7: checkpoint 66000/200000 (33.0%), t=1650
Worker 15: checkpoint 66000/200000 (33.0%), t=1650
Worker 9: checkpoint 67000/200000 (33.5%), t=1675
Worker 3: checkpoint 65000/200000 (32.5%), t=1625
Worker 2: checkpoint 65000/200000 (32.5%), t=1625
Worker 12: checkpoint 68000/200000 (34.0%), t=1700
Worker 13: checkpoint 68000/200000 (34.0%), t=1700
Worker 5: checkpoint 67000/200000 (33.5%), t=1675
Worker 6: checkpoint 68000/200000 (34.0%), t=1700
Worker 16: checkpoint 67000/200000 (33.5%), t=1675
Worker 10: checkpoint 68000/200000 (34.0%), t=1700
Worker 1: checkpoint 66000/200000 (33.0%), t=1650
Worker 8: checkpoint 68000/200000 (34.0%), t=1700
Worker 14: checkpoint 67000/200000 (33.5%), t=1675
Worker 4: checkpoint 66000/200000 (33.0%), t=1650
Worker 11: checkpoint 68000/200000 (34.0%), t=1700
Worker 7: checkpoint 67000/200000 (33.5%), t=1675
Worker 15: checkpoint 67000/200000 (33.5%), t=1675
Worker 9: checkpoint 68000/200000 (34.0%), t=1700
Worker 3: checkpoint 66000/200000 (33.0%), t=1650
Worker 2: checkpoint 66000/200000 (33.0%), t=1650
Worker 12: checkpoint 69000/200000 (34.5%), t=1725
Worker 13: checkpoint 69000/200000 (34.5%), t=1725
Worker 5: checkpoint 68000/200000 (34.0%), t=1700
Worker 6: checkpoint 69000/200000 (34.5%), t=1725
Worker 16: checkpoint 68000/200000 (34.0%), t=1700
Worker 10: checkpoint 69000/200000 (34.5%), t=1725
Worker 1: checkpoint 67000/200000 (33.5%), t=1675
Worker 8: checkpoint 69000/200000 (34.5%), t=1725
Worker 14: checkpoint 68000/200000 (34.0%), t=1700
Worker 4: checkpoint 67000/200000 (33.5%), t=1675
Worker 7: checkpoint 68000/200000 (34.0%), t=1700
Worker 11: checkpoint 69000/200000 (34.5%), t=1725
Worker 15: checkpoint 68000/200000 (34.0%), t=1700
Worker 9: checkpoint 69000/200000 (34.5%), t=1725
Worker 3: checkpoint 67000/200000 (33.5%), t=1675
Worker 2: checkpoint 67000/200000 (33.5%), t=1675
Worker 12: checkpoint 70000/200000 (35.0%), t=1750
Worker 13: checkpoint 70000/200000 (35.0%), t=1750
Worker 5: checkpoint 69000/200000 (34.5%), t=1725
Worker 6: checkpoint 70000/200000 (35.0%), t=1750
Worker 16: checkpoint 69000/200000 (34.5%), t=1725
Worker 10: checkpoint 70000/200000 (35.0%), t=1750
Worker 1: checkpoint 68000/200000 (34.0%), t=1700
Worker 8: checkpoint 70000/200000 (35.0%), t=1750
Worker 14: checkpoint 69000/200000 (34.5%), t=1725
Worker 4: checkpoint 68000/200000 (34.0%), t=1700
Worker 7: checkpoint 69000/200000 (34.5%), t=1725
Worker 11: checkpoint 70000/200000 (35.0%), t=1750
Worker 15: checkpoint 69000/200000 (34.5%), t=1725
Worker 9: checkpoint 70000/200000 (35.0%), t=1750
Worker 3: checkpoint 68000/200000 (34.0%), t=1700
Worker 2: checkpoint 68000/200000 (34.0%), t=1700
Worker 12: checkpoint 71000/200000 (35.5%), t=1775
Worker 13: checkpoint 71000/200000 (35.5%), t=1775
Worker 5: checkpoint 70000/200000 (35.0%), t=1750
Worker 6: checkpoint 71000/200000 (35.5%), t=1775
Worker 16: checkpoint 70000/200000 (35.0%), t=1750
Worker 10: checkpoint 71000/200000 (35.5%), t=1775
Worker 1: checkpoint 69000/200000 (34.5%), t=1725
Worker 8: checkpoint 71000/200000 (35.5%), t=1775
Worker 14: checkpoint 70000/200000 (35.0%), t=1750
Worker 4: checkpoint 69000/200000 (34.5%), t=1725
Worker 7: checkpoint 70000/200000 (35.0%), t=1750
Worker 11: checkpoint 71000/200000 (35.5%), t=1775
Worker 15: checkpoint 70000/200000 (35.0%), t=1750
Worker 9: checkpoint 71000/200000 (35.5%), t=1775
Worker 3: checkpoint 69000/200000 (34.5%), t=1725
Worker 2: checkpoint 69000/200000 (34.5%), t=1725
Worker 12: checkpoint 72000/200000 (36.0%), t=1800
Worker 13: checkpoint 72000/200000 (36.0%), t=1800
Worker 5: checkpoint 71000/200000 (35.5%), t=1775
Worker 6: checkpoint 72000/200000 (36.0%), t=1800
Worker 16: checkpoint 71000/200000 (35.5%), t=1775
Worker 10: checkpoint 72000/200000 (36.0%), t=1800
Worker 1: checkpoint 70000/200000 (35.0%), t=1750
Worker 8: checkpoint 72000/200000 (36.0%), t=1800
Worker 14: checkpoint 71000/200000 (35.5%), t=1775
Worker 4: checkpoint 70000/200000 (35.0%), t=1750
Worker 15: checkpoint 71000/200000 (35.5%), t=1775
Worker 7: checkpoint 71000/200000 (35.5%), t=1775
Worker 11: checkpoint 72000/200000 (36.0%), t=1800
Worker 9: checkpoint 72000/200000 (36.0%), t=1800
Worker 3: checkpoint 70000/200000 (35.0%), t=1750
Worker 2: checkpoint 70000/200000 (35.0%), t=1750
Worker 12: checkpoint 73000/200000 (36.5%), t=1825
Worker 13: checkpoint 73000/200000 (36.5%), t=1825
Worker 5: checkpoint 72000/200000 (36.0%), t=1800
Worker 6: checkpoint 73000/200000 (36.5%), t=1825
Worker 16: checkpoint 72000/200000 (36.0%), t=1800
Worker 10: checkpoint 73000/200000 (36.5%), t=1825
Worker 1: checkpoint 71000/200000 (35.5%), t=1775
Worker 8: checkpoint 73000/200000 (36.5%), t=1825
Worker 14: checkpoint 72000/200000 (36.0%), t=1800
Worker 4: checkpoint 71000/200000 (35.5%), t=1775
Worker 15: checkpoint 72000/200000 (36.0%), t=1800
Worker 7: checkpoint 72000/200000 (36.0%), t=1800
Worker 11: checkpoint 73000/200000 (36.5%), t=1825
Worker 9: checkpoint 73000/200000 (36.5%), t=1825
Worker 3: checkpoint 71000/200000 (35.5%), t=1775
Worker 2: checkpoint 71000/200000 (35.5%), t=1775
Worker 12: checkpoint 74000/200000 (37.0%), t=1850
Worker 13: checkpoint 74000/200000 (37.0%), t=1850
Worker 5: checkpoint 73000/200000 (36.5%), t=1825
Worker 6: checkpoint 74000/200000 (37.0%), t=1850
Worker 10: checkpoint 74000/200000 (37.0%), t=1850
Worker 16: checkpoint 73000/200000 (36.5%), t=1825
Worker 1: checkpoint 72000/200000 (36.0%), t=1800
Worker 8: checkpoint 74000/200000 (37.0%), t=1850
Worker 14: checkpoint 73000/200000 (36.5%), t=1825
Worker 4: checkpoint 72000/200000 (36.0%), t=1800
Worker 15: checkpoint 73000/200000 (36.5%), t=1825
Worker 7: checkpoint 73000/200000 (36.5%), t=1825
Worker 11: checkpoint 74000/200000 (37.0%), t=1850
Worker 9: checkpoint 74000/200000 (37.0%), t=1850
Worker 3: checkpoint 72000/200000 (36.0%), t=1800
Worker 2: checkpoint 72000/200000 (36.0%), t=1800
Worker 12: checkpoint 75000/200000 (37.5%), t=1875
Worker 13: checkpoint 75000/200000 (37.5%), t=1875
Worker 6: checkpoint 75000/200000 (37.5%), t=1875
Worker 5: checkpoint 74000/200000 (37.0%), t=1850
Worker 10: checkpoint 75000/200000 (37.5%), t=1875
Worker 16: checkpoint 74000/200000 (37.0%), t=1850
Worker 1: checkpoint 73000/200000 (36.5%), t=1825
Worker 8: checkpoint 75000/200000 (37.5%), t=1875
Worker 14: checkpoint 74000/200000 (37.0%), t=1850
Worker 4: checkpoint 73000/200000 (36.5%), t=1825
Worker 15: checkpoint 74000/200000 (37.0%), t=1850
Worker 7: checkpoint 74000/200000 (37.0%), t=1850
Worker 9: checkpoint 75000/200000 (37.5%), t=1875
Worker 11: checkpoint 75000/200000 (37.5%), t=1875
Worker 3: checkpoint 73000/200000 (36.5%), t=1825
Worker 2: checkpoint 73000/200000 (36.5%), t=1825
Worker 12: checkpoint 76000/200000 (38.0%), t=1900
Worker 13: checkpoint 76000/200000 (38.0%), t=1900
Worker 6: checkpoint 76000/200000 (38.0%), t=1900
Worker 5: checkpoint 75000/200000 (37.5%), t=1875
Worker 10: checkpoint 76000/200000 (38.0%), t=1900
Worker 16: checkpoint 75000/200000 (37.5%), t=1875
Worker 1: checkpoint 74000/200000 (37.0%), t=1850
Worker 8: checkpoint 76000/200000 (38.0%), t=1900
Worker 14: checkpoint 75000/200000 (37.5%), t=1875
Worker 4: checkpoint 74000/200000 (37.0%), t=1850
Worker 15: checkpoint 75000/200000 (37.5%), t=1875
Worker 7: checkpoint 75000/200000 (37.5%), t=1875
Worker 9: checkpoint 76000/200000 (38.0%), t=1900
Worker 11: checkpoint 76000/200000 (38.0%), t=1900
Worker 3: checkpoint 74000/200000 (37.0%), t=1850
Worker 13: checkpoint 77000/200000 (38.5%), t=1925
Worker 12: checkpoint 77000/200000 (38.5%), t=1925
Worker 2: checkpoint 74000/200000 (37.0%), t=1850
Worker 5: checkpoint 76000/200000 (38.0%), t=1900
Worker 6: checkpoint 77000/200000 (38.5%), t=1925
Worker 10: checkpoint 77000/200000 (38.5%), t=1925
Worker 16: checkpoint 76000/200000 (38.0%), t=1900
Worker 1: checkpoint 75000/200000 (37.5%), t=1875
Worker 8: checkpoint 77000/200000 (38.5%), t=1925
Worker 14: checkpoint 76000/200000 (38.0%), t=1900
Worker 4: checkpoint 75000/200000 (37.5%), t=1875
Worker 15: checkpoint 76000/200000 (38.0%), t=1900
Worker 7: checkpoint 76000/200000 (38.0%), t=1900
Worker 9: checkpoint 77000/200000 (38.5%), t=1925
Worker 11: checkpoint 77000/200000 (38.5%), t=1925
Worker 3: checkpoint 75000/200000 (37.5%), t=1875
Worker 13: checkpoint 78000/200000 (39.0%), t=1950
Worker 12: checkpoint 78000/200000 (39.0%), t=1950
Worker 5: checkpoint 77000/200000 (38.5%), t=1925
Worker 6: checkpoint 78000/200000 (39.0%), t=1950
Worker 2: checkpoint 75000/200000 (37.5%), t=1875
Worker 10: checkpoint 78000/200000 (39.0%), t=1950
Worker 16: checkpoint 77000/200000 (38.5%), t=1925
Worker 1: checkpoint 76000/200000 (38.0%), t=1900
Worker 8: checkpoint 78000/200000 (39.0%), t=1950
Worker 14: checkpoint 77000/200000 (38.5%), t=1925
Worker 4: checkpoint 76000/200000 (38.0%), t=1900
Worker 15: checkpoint 77000/200000 (38.5%), t=1925
Worker 7: checkpoint 77000/200000 (38.5%), t=1925
Worker 9: checkpoint 78000/200000 (39.0%), t=1950
Worker 11: checkpoint 78000/200000 (39.0%), t=1950
Worker 13: checkpoint 79000/200000 (39.5%), t=1975
Worker 12: checkpoint 79000/200000 (39.5%), t=1975
Worker 3: checkpoint 76000/200000 (38.0%), t=1900
Worker 5: checkpoint 78000/200000 (39.0%), t=1950
Worker 6: checkpoint 79000/200000 (39.5%), t=1975
Worker 10: checkpoint 79000/200000 (39.5%), t=1975
Worker 16: checkpoint 78000/200000 (39.0%), t=1950
Worker 2: checkpoint 76000/200000 (38.0%), t=1900
Worker 1: checkpoint 77000/200000 (38.5%), t=1925
Worker 8: checkpoint 79000/200000 (39.5%), t=1975
Worker 14: checkpoint 78000/200000 (39.0%), t=1950
Worker 4: checkpoint 77000/200000 (38.5%), t=1925
Worker 15: checkpoint 78000/200000 (39.0%), t=1950
Worker 7: checkpoint 78000/200000 (39.0%), t=1950
Worker 9: checkpoint 79000/200000 (39.5%), t=1975
Worker 11: checkpoint 79000/200000 (39.5%), t=1975
Worker 13: checkpoint 80000/200000 (40.0%), t=2000
Worker 12: checkpoint 80000/200000 (40.0%), t=2000
Worker 3: checkpoint 77000/200000 (38.5%), t=1925
Worker 6: checkpoint 80000/200000 (40.0%), t=2000
Worker 5: checkpoint 79000/200000 (39.5%), t=1975
Worker 10: checkpoint 80000/200000 (40.0%), t=2000
Worker 16: checkpoint 79000/200000 (39.5%), t=1975
Worker 2: checkpoint 77000/200000 (38.5%), t=1925
Worker 1: checkpoint 78000/200000 (39.0%), t=1950
Worker 8: checkpoint 80000/200000 (40.0%), t=2000
Worker 14: checkpoint 79000/200000 (39.5%), t=1975
Worker 4: checkpoint 78000/200000 (39.0%), t=1950
Worker 15: checkpoint 79000/200000 (39.5%), t=1975
Worker 7: checkpoint 79000/200000 (39.5%), t=1975
Worker 9: checkpoint 80000/200000 (40.0%), t=2000
Worker 11: checkpoint 80000/200000 (40.0%), t=2000
Worker 13: checkpoint 81000/200000 (40.5%), t=2025
Worker 12: checkpoint 81000/200000 (40.5%), t=2025
Worker 6: checkpoint 81000/200000 (40.5%), t=2025
Worker 5: checkpoint 80000/200000 (40.0%), t=2000
Worker 3: checkpoint 78000/200000 (39.0%), t=1950
Worker 10: checkpoint 81000/200000 (40.5%), t=2025
Worker 16: checkpoint 80000/200000 (40.0%), t=2000
Worker 1: checkpoint 79000/200000 (39.5%), t=1975
Worker 2: checkpoint 78000/200000 (39.0%), t=1950
Worker 8: checkpoint 81000/200000 (40.5%), t=2025
Worker 14: checkpoint 80000/200000 (40.0%), t=2000
Worker 4: checkpoint 79000/200000 (39.5%), t=1975
Worker 15: checkpoint 80000/200000 (40.0%), t=2000
Worker 7: checkpoint 80000/200000 (40.0%), t=2000
Worker 9: checkpoint 81000/200000 (40.5%), t=2025
Worker 11: checkpoint 81000/200000 (40.5%), t=2025
Worker 13: checkpoint 82000/200000 (41.0%), t=2050
Worker 12: checkpoint 82000/200000 (41.0%), t=2050
Worker 6: checkpoint 82000/200000 (41.0%), t=2050
Worker 5: checkpoint 81000/200000 (40.5%), t=2025
Worker 10: checkpoint 82000/200000 (41.0%), t=2050
Worker 16: checkpoint 81000/200000 (40.5%), t=2025
Worker 3: checkpoint 79000/200000 (39.5%), t=1975
Worker 1: checkpoint 80000/200000 (40.0%), t=2000
Worker 2: checkpoint 79000/200000 (39.5%), t=1975
Worker 8: checkpoint 82000/200000 (41.0%), t=2050
Worker 4: checkpoint 80000/200000 (40.0%), t=2000
Worker 14: checkpoint 81000/200000 (40.5%), t=2025
Worker 15: checkpoint 81000/200000 (40.5%), t=2025
Worker 7: checkpoint 81000/200000 (40.5%), t=2025
Worker 9: checkpoint 82000/200000 (41.0%), t=2050
Worker 11: checkpoint 82000/200000 (41.0%), t=2050
Worker 13: checkpoint 83000/200000 (41.5%), t=2075
Worker 12: checkpoint 83000/200000 (41.5%), t=2075
Worker 5: checkpoint 82000/200000 (41.0%), t=2050
Worker 6: checkpoint 83000/200000 (41.5%), t=2075
Worker 10: checkpoint 83000/200000 (41.5%), t=2075
Worker 16: checkpoint 82000/200000 (41.0%), t=2050
Worker 3: checkpoint 80000/200000 (40.0%), t=2000
Worker 1: checkpoint 81000/200000 (40.5%), t=2025
Worker 2: checkpoint 80000/200000 (40.0%), t=2000
Worker 8: checkpoint 83000/200000 (41.5%), t=2075
Worker 4: checkpoint 81000/200000 (40.5%), t=2025
Worker 14: checkpoint 82000/200000 (41.0%), t=2050
Worker 15: checkpoint 82000/200000 (41.0%), t=2050
Worker 7: checkpoint 82000/200000 (41.0%), t=2050
Worker 9: checkpoint 83000/200000 (41.5%), t=2075
Worker 11: checkpoint 83000/200000 (41.5%), t=2075
Worker 13: checkpoint 84000/200000 (42.0%), t=2100
Worker 5: checkpoint 83000/200000 (41.5%), t=2075
Worker 6: checkpoint 84000/200000 (42.0%), t=2100
Worker 12: checkpoint 84000/200000 (42.0%), t=2100
Worker 10: checkpoint 84000/200000 (42.0%), t=2100
Worker 16: checkpoint 83000/200000 (41.5%), t=2075
Worker 1: checkpoint 82000/200000 (41.0%), t=2050
Worker 3: checkpoint 81000/200000 (40.5%), t=2025
Worker 8: checkpoint 84000/200000 (42.0%), t=2100
Worker 2: checkpoint 81000/200000 (40.5%), t=2025
Worker 4: checkpoint 82000/200000 (41.0%), t=2050
Worker 14: checkpoint 83000/200000 (41.5%), t=2075
Worker 15: checkpoint 83000/200000 (41.5%), t=2075
Worker 7: checkpoint 83000/200000 (41.5%), t=2075
Worker 11: checkpoint 84000/200000 (42.0%), t=2100
Worker 9: checkpoint 84000/200000 (42.0%), t=2100
Worker 13: checkpoint 85000/200000 (42.5%), t=2125
Worker 5: checkpoint 84000/200000 (42.0%), t=2100
Worker 6: checkpoint 85000/200000 (42.5%), t=2125
Worker 12: checkpoint 85000/200000 (42.5%), t=2125
Worker 10: checkpoint 85000/200000 (42.5%), t=2125
Worker 16: checkpoint 84000/200000 (42.0%), t=2100
Worker 1: checkpoint 83000/200000 (41.5%), t=2075
Worker 3: checkpoint 82000/200000 (41.0%), t=2050
Worker 8: checkpoint 85000/200000 (42.5%), t=2125
Worker 4: checkpoint 83000/200000 (41.5%), t=2075
Worker 2: checkpoint 82000/200000 (41.0%), t=2050
Worker 14: checkpoint 84000/200000 (42.0%), t=2100
Worker 15: checkpoint 84000/200000 (42.0%), t=2100
Worker 7: checkpoint 84000/200000 (42.0%), t=2100
Worker 11: checkpoint 85000/200000 (42.5%), t=2125
Worker 9: checkpoint 85000/200000 (42.5%), t=2125
Worker 13: checkpoint 86000/200000 (43.0%), t=2150
Worker 5: checkpoint 85000/200000 (42.5%), t=2125
Worker 6: checkpoint 86000/200000 (43.0%), t=2150
Worker 12: checkpoint 86000/200000 (43.0%), t=2150
Worker 10: checkpoint 86000/200000 (43.0%), t=2150
Worker 16: checkpoint 85000/200000 (42.5%), t=2125
Worker 1: checkpoint 84000/200000 (42.0%), t=2100
Worker 3: checkpoint 83000/200000 (41.5%), t=2075
Worker 8: checkpoint 86000/200000 (43.0%), t=2150
Worker 4: checkpoint 84000/200000 (42.0%), t=2100
Worker 14: checkpoint 85000/200000 (42.5%), t=2125
Worker 2: checkpoint 83000/200000 (41.5%), t=2075
Worker 15: checkpoint 85000/200000 (42.5%), t=2125
Worker 7: checkpoint 85000/200000 (42.5%), t=2125
Worker 11: checkpoint 86000/200000 (43.0%), t=2150
Worker 9: checkpoint 86000/200000 (43.0%), t=2150
Worker 13: checkpoint 87000/200000 (43.5%), t=2175
Worker 5: checkpoint 86000/200000 (43.0%), t=2150
Worker 6: checkpoint 87000/200000 (43.5%), t=2175
Worker 12: checkpoint 87000/200000 (43.5%), t=2175
Worker 10: checkpoint 87000/200000 (43.5%), t=2175
Worker 16: checkpoint 86000/200000 (43.0%), t=2150
Worker 1: checkpoint 85000/200000 (42.5%), t=2125
Worker 8: checkpoint 87000/200000 (43.5%), t=2175
Worker 3: checkpoint 84000/200000 (42.0%), t=2100
Worker 4: checkpoint 85000/200000 (42.5%), t=2125
Worker 14: checkpoint 86000/200000 (43.0%), t=2150
Worker 2: checkpoint 84000/200000 (42.0%), t=2100
Worker 15: checkpoint 86000/200000 (43.0%), t=2150
Worker 7: checkpoint 86000/200000 (43.0%), t=2150
Worker 11: checkpoint 87000/200000 (43.5%), t=2175
Worker 9: checkpoint 87000/200000 (43.5%), t=2175
Worker 13: checkpoint 88000/200000 (44.0%), t=2200
Worker 5: checkpoint 87000/200000 (43.5%), t=2175
Worker 6: checkpoint 88000/200000 (44.0%), t=2200
Worker 10: checkpoint 88000/200000 (44.0%), t=2200
Worker 12: checkpoint 88000/200000 (44.0%), t=2200
Worker 16: checkpoint 87000/200000 (43.5%), t=2175
Worker 1: checkpoint 86000/200000 (43.0%), t=2150
Worker 8: checkpoint 88000/200000 (44.0%), t=2200
Worker 3: checkpoint 85000/200000 (42.5%), t=2125
Worker 4: checkpoint 86000/200000 (43.0%), t=2150
Worker 14: checkpoint 87000/200000 (43.5%), t=2175
Worker 2: checkpoint 85000/200000 (42.5%), t=2125
Worker 15: checkpoint 87000/200000 (43.5%), t=2175
Worker 7: checkpoint 87000/200000 (43.5%), t=2175
Worker 11: checkpoint 88000/200000 (44.0%), t=2200
Worker 9: checkpoint 88000/200000 (44.0%), t=2200
Worker 13: checkpoint 89000/200000 (44.5%), t=2225
Worker 5: checkpoint 88000/200000 (44.0%), t=2200
Worker 6: checkpoint 89000/200000 (44.5%), t=2225
Worker 10: checkpoint 89000/200000 (44.5%), t=2225
Worker 12: checkpoint 89000/200000 (44.5%), t=2225
Worker 16: checkpoint 88000/200000 (44.0%), t=2200
Worker 1: checkpoint 87000/200000 (43.5%), t=2175
Worker 8: checkpoint 89000/200000 (44.5%), t=2225
Worker 4: checkpoint 87000/200000 (43.5%), t=2175
Worker 3: checkpoint 86000/200000 (43.0%), t=2150
Worker 14: checkpoint 88000/200000 (44.0%), t=2200
Worker 2: checkpoint 86000/200000 (43.0%), t=2150
Worker 15: checkpoint 88000/200000 (44.0%), t=2200
Worker 7: checkpoint 88000/200000 (44.0%), t=2200
Worker 11: checkpoint 89000/200000 (44.5%), t=2225
Worker 9: checkpoint 89000/200000 (44.5%), t=2225
Worker 13: checkpoint 90000/200000 (45.0%), t=2250
Worker 5: checkpoint 89000/200000 (44.5%), t=2225
Worker 6: checkpoint 90000/200000 (45.0%), t=2250
Worker 10: checkpoint 90000/200000 (45.0%), t=2250
Worker 12: checkpoint 90000/200000 (45.0%), t=2250
Worker 16: checkpoint 89000/200000 (44.5%), t=2225
Worker 1: checkpoint 88000/200000 (44.0%), t=2200
Worker 8: checkpoint 90000/200000 (45.0%), t=2250
Worker 4: checkpoint 88000/200000 (44.0%), t=2200
Worker 3: checkpoint 87000/200000 (43.5%), t=2175
Worker 14: checkpoint 89000/200000 (44.5%), t=2225
Worker 2: checkpoint 87000/200000 (43.5%), t=2175
Worker 15: checkpoint 89000/200000 (44.5%), t=2225
Worker 7: checkpoint 89000/200000 (44.5%), t=2225
Worker 11: checkpoint 90000/200000 (45.0%), t=2250
Worker 13: checkpoint 91000/200000 (45.5%), t=2275
Worker 9: checkpoint 90000/200000 (45.0%), t=2250
Worker 5: checkpoint 90000/200000 (45.0%), t=2250
Worker 6: checkpoint 91000/200000 (45.5%), t=2275
Worker 10: checkpoint 91000/200000 (45.5%), t=2275
Worker 12: checkpoint 91000/200000 (45.5%), t=2275
Worker 1: checkpoint 89000/200000 (44.5%), t=2225
Worker 16: checkpoint 90000/200000 (45.0%), t=2250
Worker 8: checkpoint 91000/200000 (45.5%), t=2275
Worker 4: checkpoint 89000/200000 (44.5%), t=2225
Worker 14: checkpoint 90000/200000 (45.0%), t=2250
Worker 3: checkpoint 88000/200000 (44.0%), t=2200
Worker 15: checkpoint 90000/200000 (45.0%), t=2250
Worker 7: checkpoint 90000/200000 (45.0%), t=2250
Worker 2: checkpoint 88000/200000 (44.0%), t=2200
Worker 13: checkpoint 92000/200000 (46.0%), t=2300
Worker 11: checkpoint 91000/200000 (45.5%), t=2275
Worker 5: checkpoint 91000/200000 (45.5%), t=2275
Worker 9: checkpoint 91000/200000 (45.5%), t=2275
Worker 6: checkpoint 92000/200000 (46.0%), t=2300
Worker 10: checkpoint 92000/200000 (46.0%), t=2300
Worker 12: checkpoint 92000/200000 (46.0%), t=2300
Worker 1: checkpoint 90000/200000 (45.0%), t=2250
Worker 16: checkpoint 91000/200000 (45.5%), t=2275
Worker 8: checkpoint 92000/200000 (46.0%), t=2300
Worker 4: checkpoint 90000/200000 (45.0%), t=2250
Worker 14: checkpoint 91000/200000 (45.5%), t=2275
Worker 3: checkpoint 89000/200000 (44.5%), t=2225
Worker 15: checkpoint 91000/200000 (45.5%), t=2275
Worker 7: checkpoint 91000/200000 (45.5%), t=2275
Worker 2: checkpoint 89000/200000 (44.5%), t=2225
Worker 13: checkpoint 93000/200000 (46.5%), t=2325
Worker 5: checkpoint 92000/200000 (46.0%), t=2300
Worker 6: checkpoint 93000/200000 (46.5%), t=2325
Worker 11: checkpoint 92000/200000 (46.0%), t=2300
Worker 9: checkpoint 92000/200000 (46.0%), t=2300
Worker 10: checkpoint 93000/200000 (46.5%), t=2325
Worker 1: checkpoint 91000/200000 (45.5%), t=2275
Worker 12: checkpoint 93000/200000 (46.5%), t=2325
Worker 16: checkpoint 92000/200000 (46.0%), t=2300
Worker 8: checkpoint 93000/200000 (46.5%), t=2325
Worker 4: checkpoint 91000/200000 (45.5%), t=2275
Worker 14: checkpoint 92000/200000 (46.0%), t=2300
Worker 3: checkpoint 90000/200000 (45.0%), t=2250
Worker 7: checkpoint 92000/200000 (46.0%), t=2300
Worker 15: checkpoint 92000/200000 (46.0%), t=2300
Worker 2: checkpoint 90000/200000 (45.0%), t=2250
Worker 5: checkpoint 93000/200000 (46.5%), t=2325
Worker 13: checkpoint 94000/200000 (47.0%), t=2350
Worker 6: checkpoint 94000/200000 (47.0%), t=2350
Worker 11: checkpoint 93000/200000 (46.5%), t=2325
Worker 9: checkpoint 93000/200000 (46.5%), t=2325
Worker 10: checkpoint 94000/200000 (47.0%), t=2350
Worker 1: checkpoint 92000/200000 (46.0%), t=2300
Worker 12: checkpoint 94000/200000 (47.0%), t=2350
Worker 8: checkpoint 94000/200000 (47.0%), t=2350
Worker 16: checkpoint 93000/200000 (46.5%), t=2325
Worker 4: checkpoint 92000/200000 (46.0%), t=2300
Worker 14: checkpoint 93000/200000 (46.5%), t=2325
Worker 3: checkpoint 91000/200000 (45.5%), t=2275
Worker 7: checkpoint 93000/200000 (46.5%), t=2325
Worker 15: checkpoint 93000/200000 (46.5%), t=2325
Worker 2: checkpoint 91000/200000 (45.5%), t=2275
Worker 5: checkpoint 94000/200000 (47.0%), t=2350
Worker 13: checkpoint 95000/200000 (47.5%), t=2375
Worker 6: checkpoint 95000/200000 (47.5%), t=2375
Worker 9: checkpoint 94000/200000 (47.0%), t=2350
Worker 11: checkpoint 94000/200000 (47.0%), t=2350
Worker 10: checkpoint 95000/200000 (47.5%), t=2375
Worker 1: checkpoint 93000/200000 (46.5%), t=2325
Worker 12: checkpoint 95000/200000 (47.5%), t=2375
Worker 8: checkpoint 95000/200000 (47.5%), t=2375
Worker 16: checkpoint 94000/200000 (47.0%), t=2350
Worker 4: checkpoint 93000/200000 (46.5%), t=2325
Worker 14: checkpoint 94000/200000 (47.0%), t=2350
Worker 3: checkpoint 92000/200000 (46.0%), t=2300
Worker 7: checkpoint 94000/200000 (47.0%), t=2350
Worker 15: checkpoint 94000/200000 (47.0%), t=2350
Worker 2: checkpoint 92000/200000 (46.0%), t=2300
Worker 5: checkpoint 95000/200000 (47.5%), t=2375
Worker 13: checkpoint 96000/200000 (48.0%), t=2400
Worker 6: checkpoint 96000/200000 (48.0%), t=2400
Worker 10: checkpoint 96000/200000 (48.0%), t=2400
Worker 9: checkpoint 95000/200000 (47.5%), t=2375
Worker 11: checkpoint 95000/200000 (47.5%), t=2375
Worker 1: checkpoint 94000/200000 (47.0%), t=2350
Worker 12: checkpoint 96000/200000 (48.0%), t=2400
Worker 8: checkpoint 96000/200000 (48.0%), t=2400
Worker 16: checkpoint 95000/200000 (47.5%), t=2375
Worker 4: checkpoint 94000/200000 (47.0%), t=2350
Worker 14: checkpoint 95000/200000 (47.5%), t=2375
Worker 3: checkpoint 93000/200000 (46.5%), t=2325
Worker 7: checkpoint 95000/200000 (47.5%), t=2375
Worker 15: checkpoint 95000/200000 (47.5%), t=2375
Worker 2: checkpoint 93000/200000 (46.5%), t=2325
Worker 5: checkpoint 96000/200000 (48.0%), t=2400
Worker 13: checkpoint 97000/200000 (48.5%), t=2425
Worker 6: checkpoint 97000/200000 (48.5%), t=2425
Worker 10: checkpoint 97000/200000 (48.5%), t=2425
Worker 9: checkpoint 96000/200000 (48.0%), t=2400
Worker 11: checkpoint 96000/200000 (48.0%), t=2400
Worker 1: checkpoint 95000/200000 (47.5%), t=2375
Worker 12: checkpoint 97000/200000 (48.5%), t=2425
Worker 8: checkpoint 97000/200000 (48.5%), t=2425
Worker 16: checkpoint 96000/200000 (48.0%), t=2400
Worker 4: checkpoint 95000/200000 (47.5%), t=2375
Worker 14: checkpoint 96000/200000 (48.0%), t=2400
Worker 7: checkpoint 96000/200000 (48.0%), t=2400
Worker 3: checkpoint 94000/200000 (47.0%), t=2350
Worker 15: checkpoint 96000/200000 (48.0%), t=2400
Worker 2: checkpoint 94000/200000 (47.0%), t=2350
Worker 5: checkpoint 97000/200000 (48.5%), t=2425
Worker 6: checkpoint 98000/200000 (49.0%), t=2450
Worker 13: checkpoint 98000/200000 (49.0%), t=2450
Worker 10: checkpoint 98000/200000 (49.0%), t=2450
Worker 9: checkpoint 97000/200000 (48.5%), t=2425
Worker 1: checkpoint 96000/200000 (48.0%), t=2400
Worker 11: checkpoint 97000/200000 (48.5%), t=2425
Worker 8: checkpoint 98000/200000 (49.0%), t=2450
Worker 12: checkpoint 98000/200000 (49.0%), t=2450
Worker 16: checkpoint 97000/200000 (48.5%), t=2425
Worker 4: checkpoint 96000/200000 (48.0%), t=2400
Worker 14: checkpoint 97000/200000 (48.5%), t=2425
Worker 7: checkpoint 97000/200000 (48.5%), t=2425
Worker 3: checkpoint 95000/200000 (47.5%), t=2375
Worker 15: checkpoint 97000/200000 (48.5%), t=2425
Worker 5: checkpoint 98000/200000 (49.0%), t=2450
Worker 6: checkpoint 99000/200000 (49.5%), t=2475
Worker 2: checkpoint 95000/200000 (47.5%), t=2375
Worker 13: checkpoint 99000/200000 (49.5%), t=2475
Worker 10: checkpoint 99000/200000 (49.5%), t=2475
Worker 9: checkpoint 98000/200000 (49.0%), t=2450
Worker 1: checkpoint 97000/200000 (48.5%), t=2425
Worker 11: checkpoint 98000/200000 (49.0%), t=2450
Worker 8: checkpoint 99000/200000 (49.5%), t=2475
Worker 12: checkpoint 99000/200000 (49.5%), t=2475
Worker 16: checkpoint 98000/200000 (49.0%), t=2450
Worker 4: checkpoint 97000/200000 (48.5%), t=2425
Worker 14: checkpoint 98000/200000 (49.0%), t=2450
Worker 7: checkpoint 98000/200000 (49.0%), t=2450
Worker 15: checkpoint 98000/200000 (49.0%), t=2450
Worker 3: checkpoint 96000/200000 (48.0%), t=2400
Worker 5: checkpoint 99000/200000 (49.5%), t=2475
Worker 6: checkpoint 100000/200000 (50.0%), t=2500
Worker 13: checkpoint 100000/200000 (50.0%), t=2500
Worker 2: checkpoint 96000/200000 (48.0%), t=2400
Worker 10: checkpoint 100000/200000 (50.0%), t=2500
Worker 9: checkpoint 99000/200000 (49.5%), t=2475
Worker 1: checkpoint 98000/200000 (49.0%), t=2450
Worker 8: checkpoint 100000/200000 (50.0%), t=2500
Worker 11: checkpoint 99000/200000 (49.5%), t=2475
Worker 12: checkpoint 100000/200000 (50.0%), t=2500
Worker 4: checkpoint 98000/200000 (49.0%), t=2450
Worker 16: checkpoint 99000/200000 (49.5%), t=2475
Worker 14: checkpoint 99000/200000 (49.5%), t=2475
Worker 7: checkpoint 99000/200000 (49.5%), t=2475
Worker 15: checkpoint 99000/200000 (49.5%), t=2475
Worker 3: checkpoint 97000/200000 (48.5%), t=2425
Worker 5: checkpoint 100000/200000 (50.0%), t=2500
Worker 6: checkpoint 101000/200000 (50.5%), t=2525
Worker 13: checkpoint 101000/200000 (50.5%), t=2525
Worker 2: checkpoint 97000/200000 (48.5%), t=2425
Worker 10: checkpoint 101000/200000 (50.5%), t=2525
Worker 9: checkpoint 100000/200000 (50.0%), t=2500
Worker 1: checkpoint 99000/200000 (49.5%), t=2475
Worker 8: checkpoint 101000/200000 (50.5%), t=2525
Worker 11: checkpoint 100000/200000 (50.0%), t=2500
Worker 12: checkpoint 101000/200000 (50.5%), t=2525
Worker 4: checkpoint 99000/200000 (49.5%), t=2475
Worker 16: checkpoint 100000/200000 (50.0%), t=2500
Worker 14: checkpoint 100000/200000 (50.0%), t=2500
Worker 7: checkpoint 100000/200000 (50.0%), t=2500
Worker 15: checkpoint 100000/200000 (50.0%), t=2500
Worker 3: checkpoint 98000/200000 (49.0%), t=2450
Worker 5: checkpoint 101000/200000 (50.5%), t=2525
Worker 6: checkpoint 102000/200000 (51.0%), t=2550
Worker 13: checkpoint 102000/200000 (51.0%), t=2550
Worker 10: checkpoint 102000/200000 (51.0%), t=2550
Worker 2: checkpoint 98000/200000 (49.0%), t=2450
Worker 1: checkpoint 100000/200000 (50.0%), t=2500
Worker 9: checkpoint 101000/200000 (50.5%), t=2525
Worker 8: checkpoint 102000/200000 (51.0%), t=2550
Worker 11: checkpoint 101000/200000 (50.5%), t=2525
Worker 12: checkpoint 102000/200000 (51.0%), t=2550
Worker 4: checkpoint 100000/200000 (50.0%), t=2500
Worker 16: checkpoint 101000/200000 (50.5%), t=2525
Worker 14: checkpoint 101000/200000 (50.5%), t=2525
Worker 7: checkpoint 101000/200000 (50.5%), t=2525
Worker 15: checkpoint 101000/200000 (50.5%), t=2525
Worker 5: checkpoint 102000/200000 (51.0%), t=2550
Worker 3: checkpoint 99000/200000 (49.5%), t=2475
Worker 6: checkpoint 103000/200000 (51.5%), t=2575
Worker 13: checkpoint 103000/200000 (51.5%), t=2575
Worker 10: checkpoint 103000/200000 (51.5%), t=2575
Worker 2: checkpoint 99000/200000 (49.5%), t=2475
Worker 1: checkpoint 101000/200000 (50.5%), t=2525
Worker 9: checkpoint 102000/200000 (51.0%), t=2550
Worker 8: checkpoint 103000/200000 (51.5%), t=2575
Worker 12: checkpoint 103000/200000 (51.5%), t=2575
Worker 11: checkpoint 102000/200000 (51.0%), t=2550
Worker 4: checkpoint 101000/200000 (50.5%), t=2525
Worker 16: checkpoint 102000/200000 (51.0%), t=2550
Worker 14: checkpoint 102000/200000 (51.0%), t=2550
Worker 7: checkpoint 102000/200000 (51.0%), t=2550
Worker 15: checkpoint 102000/200000 (51.0%), t=2550
Worker 5: checkpoint 103000/200000 (51.5%), t=2575
Worker 6: checkpoint 104000/200000 (52.0%), t=2600
Worker 3: checkpoint 100000/200000 (50.0%), t=2500
Worker 13: checkpoint 104000/200000 (52.0%), t=2600
Worker 10: checkpoint 104000/200000 (52.0%), t=2600
Worker 1: checkpoint 102000/200000 (51.0%), t=2550
Worker 9: checkpoint 103000/200000 (51.5%), t=2575
Worker 2: checkpoint 100000/200000 (50.0%), t=2500
Worker 8: checkpoint 104000/200000 (52.0%), t=2600
Worker 12: checkpoint 104000/200000 (52.0%), t=2600
Worker 11: checkpoint 103000/200000 (51.5%), t=2575
Worker 4: checkpoint 102000/200000 (51.0%), t=2550
Worker 16: checkpoint 103000/200000 (51.5%), t=2575
Worker 14: checkpoint 103000/200000 (51.5%), t=2575
Worker 7: checkpoint 103000/200000 (51.5%), t=2575
Worker 15: checkpoint 103000/200000 (51.5%), t=2575
Worker 5: checkpoint 104000/200000 (52.0%), t=2600
Worker 6: checkpoint 105000/200000 (52.5%), t=2625
Worker 3: checkpoint 101000/200000 (50.5%), t=2525
Worker 10: checkpoint 105000/200000 (52.5%), t=2625
Worker 13: checkpoint 105000/200000 (52.5%), t=2625
Worker 1: checkpoint 103000/200000 (51.5%), t=2575
Worker 9: checkpoint 104000/200000 (52.0%), t=2600
Worker 8: checkpoint 105000/200000 (52.5%), t=2625
Worker 2: checkpoint 101000/200000 (50.5%), t=2525
Worker 12: checkpoint 105000/200000 (52.5%), t=2625
Worker 4: checkpoint 103000/200000 (51.5%), t=2575
Worker 11: checkpoint 104000/200000 (52.0%), t=2600
Worker 16: checkpoint 104000/200000 (52.0%), t=2600
Worker 14: checkpoint 104000/200000 (52.0%), t=2600
Worker 7: checkpoint 104000/200000 (52.0%), t=2600
Worker 15: checkpoint 104000/200000 (52.0%), t=2600
Worker 5: checkpoint 105000/200000 (52.5%), t=2625
Worker 6: checkpoint 106000/200000 (53.0%), t=2650
Worker 3: checkpoint 102000/200000 (51.0%), t=2550
Worker 10: checkpoint 106000/200000 (53.0%), t=2650
Worker 13: checkpoint 106000/200000 (53.0%), t=2650
Worker 1: checkpoint 104000/200000 (52.0%), t=2600
Worker 9: checkpoint 105000/200000 (52.5%), t=2625
Worker 8: checkpoint 106000/200000 (53.0%), t=2650
Worker 2: checkpoint 102000/200000 (51.0%), t=2550
Worker 12: checkpoint 106000/200000 (53.0%), t=2650
Worker 4: checkpoint 104000/200000 (52.0%), t=2600
Worker 11: checkpoint 105000/200000 (52.5%), t=2625
Worker 16: checkpoint 105000/200000 (52.5%), t=2625
Worker 14: checkpoint 105000/200000 (52.5%), t=2625
Worker 7: checkpoint 105000/200000 (52.5%), t=2625
Worker 15: checkpoint 105000/200000 (52.5%), t=2625
Worker 5: checkpoint 106000/200000 (53.0%), t=2650
Worker 6: checkpoint 107000/200000 (53.5%), t=2675
Worker 10: checkpoint 107000/200000 (53.5%), t=2675
Worker 3: checkpoint 103000/200000 (51.5%), t=2575
Worker 13: checkpoint 107000/200000 (53.5%), t=2675
Worker 1: checkpoint 105000/200000 (52.5%), t=2625
Worker 9: checkpoint 106000/200000 (53.0%), t=2650
Worker 8: checkpoint 107000/200000 (53.5%), t=2675
Worker 2: checkpoint 103000/200000 (51.5%), t=2575
Worker 12: checkpoint 107000/200000 (53.5%), t=2675
Worker 4: checkpoint 105000/200000 (52.5%), t=2625
Worker 11: checkpoint 106000/200000 (53.0%), t=2650
Worker 16: checkpoint 106000/200000 (53.0%), t=2650
Worker 14: checkpoint 106000/200000 (53.0%), t=2650
Worker 7: checkpoint 106000/200000 (53.0%), t=2650
Worker 15: checkpoint 106000/200000 (53.0%), t=2650
Worker 5: checkpoint 107000/200000 (53.5%), t=2675
Worker 6: checkpoint 108000/200000 (54.0%), t=2700
Worker 10: checkpoint 108000/200000 (54.0%), t=2700
Worker 3: checkpoint 104000/200000 (52.0%), t=2600
Worker 13: checkpoint 108000/200000 (54.0%), t=2700
Worker 1: checkpoint 106000/200000 (53.0%), t=2650
Worker 9: checkpoint 107000/200000 (53.5%), t=2675
Worker 8: checkpoint 108000/200000 (54.0%), t=2700
Worker 2: checkpoint 104000/200000 (52.0%), t=2600
Worker 12: checkpoint 108000/200000 (54.0%), t=2700
Worker 4: checkpoint 106000/200000 (53.0%), t=2650
Worker 11: checkpoint 107000/200000 (53.5%), t=2675
Worker 16: checkpoint 107000/200000 (53.5%), t=2675
Worker 14: checkpoint 107000/200000 (53.5%), t=2675
Worker 7: checkpoint 107000/200000 (53.5%), t=2675
Worker 5: checkpoint 108000/200000 (54.0%), t=2700
Worker 6: checkpoint 109000/200000 (54.5%), t=2725
Worker 15: checkpoint 107000/200000 (53.5%), t=2675
Worker 10: checkpoint 109000/200000 (54.5%), t=2725
Worker 3: checkpoint 105000/200000 (52.5%), t=2625
Worker 13: checkpoint 109000/200000 (54.5%), t=2725
Worker 1: checkpoint 107000/200000 (53.5%), t=2675
Worker 9: checkpoint 108000/200000 (54.0%), t=2700
Worker 8: checkpoint 109000/200000 (54.5%), t=2725
Worker 4: checkpoint 107000/200000 (53.5%), t=2675
Worker 12: checkpoint 109000/200000 (54.5%), t=2725
Worker 2: checkpoint 105000/200000 (52.5%), t=2625
Worker 11: checkpoint 108000/200000 (54.0%), t=2700
Worker 16: checkpoint 108000/200000 (54.0%), t=2700
Worker 14: checkpoint 108000/200000 (54.0%), t=2700
Worker 7: checkpoint 108000/200000 (54.0%), t=2700
Worker 5: checkpoint 109000/200000 (54.5%), t=2725
Worker 6: checkpoint 110000/200000 (55.0%), t=2750
Worker 15: checkpoint 108000/200000 (54.0%), t=2700
Worker 10: checkpoint 110000/200000 (55.0%), t=2750
Worker 1: checkpoint 108000/200000 (54.0%), t=2700
Worker 13: checkpoint 110000/200000 (55.0%), t=2750
Worker 3: checkpoint 106000/200000 (53.0%), t=2650
Worker 8: checkpoint 110000/200000 (55.0%), t=2750
Worker 9: checkpoint 109000/200000 (54.5%), t=2725
Worker 4: checkpoint 108000/200000 (54.0%), t=2700
Worker 12: checkpoint 110000/200000 (55.0%), t=2750
Worker 2: checkpoint 106000/200000 (53.0%), t=2650
Worker 16: checkpoint 109000/200000 (54.5%), t=2725
Worker 11: checkpoint 109000/200000 (54.5%), t=2725
Worker 14: checkpoint 109000/200000 (54.5%), t=2725
Worker 7: checkpoint 109000/200000 (54.5%), t=2725
Worker 5: checkpoint 110000/200000 (55.0%), t=2750
Worker 6: checkpoint 111000/200000 (55.5%), t=2775
Worker 15: checkpoint 109000/200000 (54.5%), t=2725
Worker 10: checkpoint 111000/200000 (55.5%), t=2775
Worker 1: checkpoint 109000/200000 (54.5%), t=2725
Worker 13: checkpoint 111000/200000 (55.5%), t=2775
Worker 8: checkpoint 111000/200000 (55.5%), t=2775
Worker 3: checkpoint 107000/200000 (53.5%), t=2675
Worker 9: checkpoint 110000/200000 (55.0%), t=2750
Worker 4: checkpoint 109000/200000 (54.5%), t=2725
Worker 12: checkpoint 111000/200000 (55.5%), t=2775
Worker 2: checkpoint 107000/200000 (53.5%), t=2675
Worker 14: checkpoint 110000/200000 (55.0%), t=2750
Worker 16: checkpoint 110000/200000 (55.0%), t=2750
Worker 11: checkpoint 110000/200000 (55.0%), t=2750
Worker 7: checkpoint 110000/200000 (55.0%), t=2750
Worker 5: checkpoint 111000/200000 (55.5%), t=2775
Worker 6: checkpoint 112000/200000 (56.0%), t=2800
Worker 15: checkpoint 110000/200000 (55.0%), t=2750
Worker 10: checkpoint 112000/200000 (56.0%), t=2800
Worker 13: checkpoint 112000/200000 (56.0%), t=2800
Worker 1: checkpoint 110000/200000 (55.0%), t=2750
Worker 8: checkpoint 112000/200000 (56.0%), t=2800
Worker 9: checkpoint 111000/200000 (55.5%), t=2775
Worker 3: checkpoint 108000/200000 (54.0%), t=2700
Worker 4: checkpoint 110000/200000 (55.0%), t=2750
Worker 12: checkpoint 112000/200000 (56.0%), t=2800
Worker 2: checkpoint 108000/200000 (54.0%), t=2700
Worker 14: checkpoint 111000/200000 (55.5%), t=2775
Worker 16: checkpoint 111000/200000 (55.5%), t=2775
Worker 11: checkpoint 111000/200000 (55.5%), t=2775
Worker 5: checkpoint 112000/200000 (56.0%), t=2800
Worker 7: checkpoint 111000/200000 (55.5%), t=2775
Worker 6: checkpoint 113000/200000 (56.5%), t=2825
Worker 15: checkpoint 111000/200000 (55.5%), t=2775
Worker 10: checkpoint 113000/200000 (56.5%), t=2825
Worker 13: checkpoint 113000/200000 (56.5%), t=2825
Worker 1: checkpoint 111000/200000 (55.5%), t=2775
Worker 8: checkpoint 113000/200000 (56.5%), t=2825
Worker 9: checkpoint 112000/200000 (56.0%), t=2800
Worker 3: checkpoint 109000/200000 (54.5%), t=2725
Worker 4: checkpoint 111000/200000 (55.5%), t=2775
Worker 12: checkpoint 113000/200000 (56.5%), t=2825
Worker 2: checkpoint 109000/200000 (54.5%), t=2725
Worker 14: checkpoint 112000/200000 (56.0%), t=2800
Worker 16: checkpoint 112000/200000 (56.0%), t=2800
Worker 11: checkpoint 112000/200000 (56.0%), t=2800
Worker 5: checkpoint 113000/200000 (56.5%), t=2825
Worker 6: checkpoint 114000/200000 (57.0%), t=2850
Worker 7: checkpoint 112000/200000 (56.0%), t=2800
Worker 15: checkpoint 112000/200000 (56.0%), t=2800
Worker 10: checkpoint 114000/200000 (57.0%), t=2850
Worker 1: checkpoint 112000/200000 (56.0%), t=2800
Worker 13: checkpoint 114000/200000 (57.0%), t=2850
Worker 8: checkpoint 114000/200000 (57.0%), t=2850
Worker 9: checkpoint 113000/200000 (56.5%), t=2825
Worker 3: checkpoint 110000/200000 (55.0%), t=2750
Worker 4: checkpoint 112000/200000 (56.0%), t=2800
Worker 12: checkpoint 114000/200000 (57.0%), t=2850
Worker 2: checkpoint 110000/200000 (55.0%), t=2750
Worker 14: checkpoint 113000/200000 (56.5%), t=2825
Worker 16: checkpoint 113000/200000 (56.5%), t=2825
Worker 11: checkpoint 113000/200000 (56.5%), t=2825
Worker 5: checkpoint 114000/200000 (57.0%), t=2850
Worker 6: checkpoint 115000/200000 (57.5%), t=2875
Worker 7: checkpoint 113000/200000 (56.5%), t=2825
Worker 15: checkpoint 113000/200000 (56.5%), t=2825
Worker 10: checkpoint 115000/200000 (57.5%), t=2875
Worker 1: checkpoint 113000/200000 (56.5%), t=2825
Worker 13: checkpoint 115000/200000 (57.5%), t=2875
Worker 8: checkpoint 115000/200000 (57.5%), t=2875
Worker 9: checkpoint 114000/200000 (57.0%), t=2850
Worker 3: checkpoint 111000/200000 (55.5%), t=2775
Worker 4: checkpoint 113000/200000 (56.5%), t=2825
Worker 12: checkpoint 115000/200000 (57.5%), t=2875
Worker 2: checkpoint 111000/200000 (55.5%), t=2775
Worker 14: checkpoint 114000/200000 (57.0%), t=2850
Worker 16: checkpoint 114000/200000 (57.0%), t=2850
Worker 5: checkpoint 115000/200000 (57.5%), t=2875
Worker 6: checkpoint 116000/200000 (58.0%), t=2900
Worker 11: checkpoint 114000/200000 (57.0%), t=2850
Worker 7: checkpoint 114000/200000 (57.0%), t=2850
Worker 15: checkpoint 114000/200000 (57.0%), t=2850
Worker 10: checkpoint 116000/200000 (58.0%), t=2900
Worker 1: checkpoint 114000/200000 (57.0%), t=2850
Worker 13: checkpoint 116000/200000 (58.0%), t=2900
Worker 8: checkpoint 116000/200000 (58.0%), t=2900
Worker 9: checkpoint 115000/200000 (57.5%), t=2875
Worker 3: checkpoint 112000/200000 (56.0%), t=2800
Worker 4: checkpoint 114000/200000 (57.0%), t=2850
Worker 12: checkpoint 116000/200000 (58.0%), t=2900
Worker 2: checkpoint 112000/200000 (56.0%), t=2800
Worker 14: checkpoint 115000/200000 (57.5%), t=2875
Worker 16: checkpoint 115000/200000 (57.5%), t=2875
Worker 5: checkpoint 116000/200000 (58.0%), t=2900
Worker 6: checkpoint 117000/200000 (58.5%), t=2925
Worker 11: checkpoint 115000/200000 (57.5%), t=2875
Worker 7: checkpoint 115000/200000 (57.5%), t=2875
Worker 15: checkpoint 115000/200000 (57.5%), t=2875
Worker 10: checkpoint 117000/200000 (58.5%), t=2925
Worker 1: checkpoint 115000/200000 (57.5%), t=2875
Worker 13: checkpoint 117000/200000 (58.5%), t=2925
Worker 8: checkpoint 117000/200000 (58.5%), t=2925
Worker 9: checkpoint 116000/200000 (58.0%), t=2900
Worker 4: checkpoint 115000/200000 (57.5%), t=2875
Worker 3: checkpoint 113000/200000 (56.5%), t=2825
Worker 12: checkpoint 117000/200000 (58.5%), t=2925
Worker 14: checkpoint 116000/200000 (58.0%), t=2900
Worker 2: checkpoint 113000/200000 (56.5%), t=2825
Worker 16: checkpoint 116000/200000 (58.0%), t=2900
Worker 5: checkpoint 117000/200000 (58.5%), t=2925
Worker 6: checkpoint 118000/200000 (59.0%), t=2950
Worker 7: checkpoint 116000/200000 (58.0%), t=2900
Worker 11: checkpoint 116000/200000 (58.0%), t=2900
Worker 15: checkpoint 116000/200000 (58.0%), t=2900
Worker 10: checkpoint 118000/200000 (59.0%), t=2950
Worker 1: checkpoint 116000/200000 (58.0%), t=2900
Worker 13: checkpoint 118000/200000 (59.0%), t=2950
Worker 8: checkpoint 118000/200000 (59.0%), t=2950
Worker 9: checkpoint 117000/200000 (58.5%), t=2925
Worker 4: checkpoint 116000/200000 (58.0%), t=2900
Worker 12: checkpoint 118000/200000 (59.0%), t=2950
Worker 3: checkpoint 114000/200000 (57.0%), t=2850
Worker 14: checkpoint 117000/200000 (58.5%), t=2925
Worker 2: checkpoint 114000/200000 (57.0%), t=2850
Worker 16: checkpoint 117000/200000 (58.5%), t=2925
Worker 5: checkpoint 118000/200000 (59.0%), t=2950
Worker 6: checkpoint 119000/200000 (59.5%), t=2975
Worker 7: checkpoint 117000/200000 (58.5%), t=2925
Worker 15: checkpoint 117000/200000 (58.5%), t=2925
Worker 11: checkpoint 117000/200000 (58.5%), t=2925
Worker 10: checkpoint 119000/200000 (59.5%), t=2975
Worker 1: checkpoint 117000/200000 (58.5%), t=2925
Worker 13: checkpoint 119000/200000 (59.5%), t=2975
Worker 8: checkpoint 119000/200000 (59.5%), t=2975
Worker 9: checkpoint 118000/200000 (59.0%), t=2950
Worker 4: checkpoint 117000/200000 (58.5%), t=2925
Worker 12: checkpoint 119000/200000 (59.5%), t=2975
Worker 3: checkpoint 115000/200000 (57.5%), t=2875
Worker 14: checkpoint 118000/200000 (59.0%), t=2950
Worker 2: checkpoint 115000/200000 (57.5%), t=2875
Worker 16: checkpoint 118000/200000 (59.0%), t=2950
Worker 5: checkpoint 119000/200000 (59.5%), t=2975
Worker 6: checkpoint 120000/200000 (60.0%), t=3000
Worker 7: checkpoint 118000/200000 (59.0%), t=2950
Worker 15: checkpoint 118000/200000 (59.0%), t=2950
Worker 10: checkpoint 120000/200000 (60.0%), t=3000
Worker 11: checkpoint 118000/200000 (59.0%), t=2950
Worker 1: checkpoint 118000/200000 (59.0%), t=2950
Worker 13: checkpoint 120000/200000 (60.0%), t=3000
Worker 8: checkpoint 120000/200000 (60.0%), t=3000
Worker 9: checkpoint 119000/200000 (59.5%), t=2975
Worker 4: checkpoint 118000/200000 (59.0%), t=2950
Worker 12: checkpoint 120000/200000 (60.0%), t=3000
Worker 3: checkpoint 116000/200000 (58.0%), t=2900
Worker 14: checkpoint 119000/200000 (59.5%), t=2975
Worker 5: checkpoint 120000/200000 (60.0%), t=3000
Worker 16: checkpoint 119000/200000 (59.5%), t=2975
Worker 2: checkpoint 116000/200000 (58.0%), t=2900
Worker 6: checkpoint 121000/200000 (60.5%), t=3025
Worker 7: checkpoint 119000/200000 (59.5%), t=2975
Worker 15: checkpoint 119000/200000 (59.5%), t=2975
Worker 10: checkpoint 121000/200000 (60.5%), t=3025
Worker 11: checkpoint 119000/200000 (59.5%), t=2975
Worker 1: checkpoint 119000/200000 (59.5%), t=2975
Worker 13: checkpoint 121000/200000 (60.5%), t=3025
Worker 8: checkpoint 121000/200000 (60.5%), t=3025
Worker 9: checkpoint 120000/200000 (60.0%), t=3000
Worker 4: checkpoint 119000/200000 (59.5%), t=2975
Worker 12: checkpoint 121000/200000 (60.5%), t=3025
Worker 3: checkpoint 117000/200000 (58.5%), t=2925
Worker 14: checkpoint 120000/200000 (60.0%), t=3000
Worker 5: checkpoint 121000/200000 (60.5%), t=3025
Worker 16: checkpoint 120000/200000 (60.0%), t=3000
Worker 2: checkpoint 117000/200000 (58.5%), t=2925
Worker 6: checkpoint 122000/200000 (61.0%), t=3050
Worker 7: checkpoint 120000/200000 (60.0%), t=3000
Worker 15: checkpoint 120000/200000 (60.0%), t=3000
Worker 10: checkpoint 122000/200000 (61.0%), t=3050
Worker 1: checkpoint 120000/200000 (60.0%), t=3000
Worker 11: checkpoint 120000/200000 (60.0%), t=3000
Worker 13: checkpoint 122000/200000 (61.0%), t=3050
Worker 8: checkpoint 122000/200000 (61.0%), t=3050
Worker 9: checkpoint 121000/200000 (60.5%), t=3025
Worker 12: checkpoint 122000/200000 (61.0%), t=3050
Worker 4: checkpoint 120000/200000 (60.0%), t=3000
Worker 3: checkpoint 118000/200000 (59.0%), t=2950
Worker 14: checkpoint 121000/200000 (60.5%), t=3025
Worker 5: checkpoint 122000/200000 (61.0%), t=3050
Worker 16: checkpoint 121000/200000 (60.5%), t=3025
Worker 6: checkpoint 123000/200000 (61.5%), t=3075
Worker 2: checkpoint 118000/200000 (59.0%), t=2950
Worker 7: checkpoint 121000/200000 (60.5%), t=3025
Worker 15: checkpoint 121000/200000 (60.5%), t=3025
Worker 10: checkpoint 123000/200000 (61.5%), t=3075
Worker 1: checkpoint 121000/200000 (60.5%), t=3025
Worker 13: checkpoint 123000/200000 (61.5%), t=3075
Worker 8: checkpoint 123000/200000 (61.5%), t=3075
Worker 11: checkpoint 121000/200000 (60.5%), t=3025
Worker 9: checkpoint 122000/200000 (61.0%), t=3050
Worker 12: checkpoint 123000/200000 (61.5%), t=3075
Worker 4: checkpoint 121000/200000 (60.5%), t=3025
Worker 3: checkpoint 119000/200000 (59.5%), t=2975
Worker 14: checkpoint 122000/200000 (61.0%), t=3050
Worker 5: checkpoint 123000/200000 (61.5%), t=3075
Worker 16: checkpoint 122000/200000 (61.0%), t=3050
Worker 6: checkpoint 124000/200000 (62.0%), t=3100
Worker 2: checkpoint 119000/200000 (59.5%), t=2975
Worker 7: checkpoint 122000/200000 (61.0%), t=3050
Worker 15: checkpoint 122000/200000 (61.0%), t=3050
Worker 10: checkpoint 124000/200000 (62.0%), t=3100
Worker 1: checkpoint 122000/200000 (61.0%), t=3050
Worker 13: checkpoint 124000/200000 (62.0%), t=3100
Worker 8: checkpoint 124000/200000 (62.0%), t=3100
Worker 11: checkpoint 122000/200000 (61.0%), t=3050
Worker 9: checkpoint 123000/200000 (61.5%), t=3075
Worker 12: checkpoint 124000/200000 (62.0%), t=3100
Worker 4: checkpoint 122000/200000 (61.0%), t=3050
Worker 14: checkpoint 123000/200000 (61.5%), t=3075
Worker 3: checkpoint 120000/200000 (60.0%), t=3000
Worker 5: checkpoint 124000/200000 (62.0%), t=3100
Worker 16: checkpoint 123000/200000 (61.5%), t=3075
Worker 6: checkpoint 125000/200000 (62.5%), t=3125
Worker 7: checkpoint 123000/200000 (61.5%), t=3075
Worker 2: checkpoint 120000/200000 (60.0%), t=3000
Worker 15: checkpoint 123000/200000 (61.5%), t=3075
Worker 10: checkpoint 125000/200000 (62.5%), t=3125
Worker 1: checkpoint 123000/200000 (61.5%), t=3075
Worker 13: checkpoint 125000/200000 (62.5%), t=3125
Worker 8: checkpoint 125000/200000 (62.5%), t=3125
Worker 11: checkpoint 123000/200000 (61.5%), t=3075
Worker 9: checkpoint 124000/200000 (62.0%), t=3100
Worker 12: checkpoint 125000/200000 (62.5%), t=3125
Worker 4: checkpoint 123000/200000 (61.5%), t=3075
Worker 14: checkpoint 124000/200000 (62.0%), t=3100
Worker 3: checkpoint 121000/200000 (60.5%), t=3025
Worker 5: checkpoint 125000/200000 (62.5%), t=3125
Worker 16: checkpoint 124000/200000 (62.0%), t=3100
Worker 6: checkpoint 126000/200000 (63.0%), t=3150
Worker 7: checkpoint 124000/200000 (62.0%), t=3100
Worker 10: checkpoint 126000/200000 (63.0%), t=3150
Worker 15: checkpoint 124000/200000 (62.0%), t=3100
Worker 2: checkpoint 121000/200000 (60.5%), t=3025
Worker 1: checkpoint 124000/200000 (62.0%), t=3100
Worker 13: checkpoint 126000/200000 (63.0%), t=3150
Worker 8: checkpoint 126000/200000 (63.0%), t=3150
Worker 11: checkpoint 124000/200000 (62.0%), t=3100
Worker 9: checkpoint 125000/200000 (62.5%), t=3125
Worker 12: checkpoint 126000/200000 (63.0%), t=3150
Worker 4: checkpoint 124000/200000 (62.0%), t=3100
Worker 14: checkpoint 125000/200000 (62.5%), t=3125
Worker 5: checkpoint 126000/200000 (63.0%), t=3150
Worker 3: checkpoint 122000/200000 (61.0%), t=3050
Worker 16: checkpoint 125000/200000 (62.5%), t=3125
Worker 6: checkpoint 127000/200000 (63.5%), t=3175
Worker 7: checkpoint 125000/200000 (62.5%), t=3125
Worker 10: checkpoint 127000/200000 (63.5%), t=3175
Worker 15: checkpoint 125000/200000 (62.5%), t=3125
Worker 2: checkpoint 122000/200000 (61.0%), t=3050
Worker 1: checkpoint 125000/200000 (62.5%), t=3125
Worker 8: checkpoint 127000/200000 (63.5%), t=3175
Worker 13: checkpoint 127000/200000 (63.5%), t=3175
Worker 11: checkpoint 125000/200000 (62.5%), t=3125
Worker 9: checkpoint 126000/200000 (63.0%), t=3150
Worker 12: checkpoint 127000/200000 (63.5%), t=3175
Worker 4: checkpoint 125000/200000 (62.5%), t=3125
Worker 5: checkpoint 127000/200000 (63.5%), t=3175
Worker 14: checkpoint 126000/200000 (63.0%), t=3150
Worker 3: checkpoint 123000/200000 (61.5%), t=3075
Worker 16: checkpoint 126000/200000 (63.0%), t=3150
Worker 6: checkpoint 128000/200000 (64.0%), t=3200
Worker 7: checkpoint 126000/200000 (63.0%), t=3150
Worker 10: checkpoint 128000/200000 (64.0%), t=3200
Worker 15: checkpoint 126000/200000 (63.0%), t=3150
Worker 1: checkpoint 126000/200000 (63.0%), t=3150
Worker 2: checkpoint 123000/200000 (61.5%), t=3075
Worker 8: checkpoint 128000/200000 (64.0%), t=3200
Worker 13: checkpoint 128000/200000 (64.0%), t=3200
Worker 11: checkpoint 126000/200000 (63.0%), t=3150
Worker 9: checkpoint 127000/200000 (63.5%), t=3175
Worker 12: checkpoint 128000/200000 (64.0%), t=3200
Worker 4: checkpoint 126000/200000 (63.0%), t=3150
Worker 5: checkpoint 128000/200000 (64.0%), t=3200
Worker 14: checkpoint 127000/200000 (63.5%), t=3175
Worker 16: checkpoint 127000/200000 (63.5%), t=3175
Worker 6: checkpoint 129000/200000 (64.5%), t=3225
Worker 3: checkpoint 124000/200000 (62.0%), t=3100
Worker 7: checkpoint 127000/200000 (63.5%), t=3175
Worker 10: checkpoint 129000/200000 (64.5%), t=3225
Worker 15: checkpoint 127000/200000 (63.5%), t=3175
Worker 1: checkpoint 127000/200000 (63.5%), t=3175
Worker 8: checkpoint 129000/200000 (64.5%), t=3225
Worker 2: checkpoint 124000/200000 (62.0%), t=3100
Worker 13: checkpoint 129000/200000 (64.5%), t=3225
Worker 11: checkpoint 127000/200000 (63.5%), t=3175
Worker 9: checkpoint 128000/200000 (64.0%), t=3200
Worker 12: checkpoint 129000/200000 (64.5%), t=3225
Worker 4: checkpoint 127000/200000 (63.5%), t=3175
Worker 5: checkpoint 129000/200000 (64.5%), t=3225
Worker 14: checkpoint 128000/200000 (64.0%), t=3200
Worker 16: checkpoint 128000/200000 (64.0%), t=3200
Worker 6: checkpoint 130000/200000 (65.0%), t=3250
Worker 3: checkpoint 125000/200000 (62.5%), t=3125
Worker 7: checkpoint 128000/200000 (64.0%), t=3200
Worker 10: checkpoint 130000/200000 (65.0%), t=3250
Worker 15: checkpoint 128000/200000 (64.0%), t=3200
Worker 1: checkpoint 128000/200000 (64.0%), t=3200
Worker 8: checkpoint 130000/200000 (65.0%), t=3250
Worker 13: checkpoint 130000/200000 (65.0%), t=3250
Worker 2: checkpoint 125000/200000 (62.5%), t=3125
Worker 9: checkpoint 129000/200000 (64.5%), t=3225
Worker 11: checkpoint 128000/200000 (64.0%), t=3200
Worker 12: checkpoint 130000/200000 (65.0%), t=3250
Worker 4: checkpoint 128000/200000 (64.0%), t=3200
Worker 5: checkpoint 130000/200000 (65.0%), t=3250
Worker 14: checkpoint 129000/200000 (64.5%), t=3225
Worker 16: checkpoint 129000/200000 (64.5%), t=3225
Worker 6: checkpoint 131000/200000 (65.5%), t=3275
Worker 7: checkpoint 129000/200000 (64.5%), t=3225
Worker 10: checkpoint 131000/200000 (65.5%), t=3275
Worker 3: checkpoint 126000/200000 (63.0%), t=3150
Worker 15: checkpoint 129000/200000 (64.5%), t=3225
Worker 1: checkpoint 129000/200000 (64.5%), t=3225
Worker 8: checkpoint 131000/200000 (65.5%), t=3275
Worker 13: checkpoint 131000/200000 (65.5%), t=3275
Worker 2: checkpoint 126000/200000 (63.0%), t=3150
Worker 9: checkpoint 130000/200000 (65.0%), t=3250
Worker 11: checkpoint 129000/200000 (64.5%), t=3225
Worker 12: checkpoint 131000/200000 (65.5%), t=3275
Worker 4: checkpoint 129000/200000 (64.5%), t=3225
Worker 5: checkpoint 131000/200000 (65.5%), t=3275
Worker 14: checkpoint 130000/200000 (65.0%), t=3250
Worker 16: checkpoint 130000/200000 (65.0%), t=3250
Worker 6: checkpoint 132000/200000 (66.0%), t=3300
Worker 7: checkpoint 130000/200000 (65.0%), t=3250
Worker 10: checkpoint 132000/200000 (66.0%), t=3300
Worker 3: checkpoint 127000/200000 (63.5%), t=3175
Worker 15: checkpoint 130000/200000 (65.0%), t=3250
Worker 1: checkpoint 130000/200000 (65.0%), t=3250
Worker 8: checkpoint 132000/200000 (66.0%), t=3300
Worker 13: checkpoint 132000/200000 (66.0%), t=3300
Worker 2: checkpoint 127000/200000 (63.5%), t=3175
Worker 9: checkpoint 131000/200000 (65.5%), t=3275
Worker 12: checkpoint 132000/200000 (66.0%), t=3300
Worker 4: checkpoint 130000/200000 (65.0%), t=3250
Worker 11: checkpoint 130000/200000 (65.0%), t=3250
Worker 5: checkpoint 132000/200000 (66.0%), t=3300
Worker 14: checkpoint 131000/200000 (65.5%), t=3275
Worker 16: checkpoint 131000/200000 (65.5%), t=3275
Worker 6: checkpoint 133000/200000 (66.5%), t=3325
Worker 7: checkpoint 131000/200000 (65.5%), t=3275
Worker 10: checkpoint 133000/200000 (66.5%), t=3325
Worker 15: checkpoint 131000/200000 (65.5%), t=3275
Worker 3: checkpoint 128000/200000 (64.0%), t=3200
Worker 1: checkpoint 131000/200000 (65.5%), t=3275
Worker 8: checkpoint 133000/200000 (66.5%), t=3325
Worker 13: checkpoint 133000/200000 (66.5%), t=3325
Worker 2: checkpoint 128000/200000 (64.0%), t=3200
Worker 9: checkpoint 132000/200000 (66.0%), t=3300
Worker 12: checkpoint 133000/200000 (66.5%), t=3325
Worker 4: checkpoint 131000/200000 (65.5%), t=3275
Worker 11: checkpoint 131000/200000 (65.5%), t=3275
Worker 5: checkpoint 133000/200000 (66.5%), t=3325
Worker 14: checkpoint 132000/200000 (66.0%), t=3300
Worker 16: checkpoint 132000/200000 (66.0%), t=3300
Worker 6: checkpoint 134000/200000 (67.0%), t=3350
Worker 10: checkpoint 134000/200000 (67.0%), t=3350
Worker 7: checkpoint 132000/200000 (66.0%), t=3300
Worker 15: checkpoint 132000/200000 (66.0%), t=3300
Worker 1: checkpoint 132000/200000 (66.0%), t=3300
Worker 3: checkpoint 129000/200000 (64.5%), t=3225
Worker 8: checkpoint 134000/200000 (67.0%), t=3350
Worker 13: checkpoint 134000/200000 (67.0%), t=3350
Worker 2: checkpoint 129000/200000 (64.5%), t=3225
Worker 9: checkpoint 133000/200000 (66.5%), t=3325
Worker 12: checkpoint 134000/200000 (67.0%), t=3350
Worker 4: checkpoint 132000/200000 (66.0%), t=3300
Worker 5: checkpoint 134000/200000 (67.0%), t=3350
Worker 11: checkpoint 132000/200000 (66.0%), t=3300
Worker 14: checkpoint 133000/200000 (66.5%), t=3325
Worker 16: checkpoint 133000/200000 (66.5%), t=3325
Worker 6: checkpoint 135000/200000 (67.5%), t=3375
Worker 10: checkpoint 135000/200000 (67.5%), t=3375
Worker 7: checkpoint 133000/200000 (66.5%), t=3325
Worker 15: checkpoint 133000/200000 (66.5%), t=3325
Worker 1: checkpoint 133000/200000 (66.5%), t=3325
Worker 8: checkpoint 135000/200000 (67.5%), t=3375
Worker 3: checkpoint 130000/200000 (65.0%), t=3250
Worker 13: checkpoint 135000/200000 (67.5%), t=3375
Worker 2: checkpoint 130000/200000 (65.0%), t=3250
Worker 9: checkpoint 134000/200000 (67.0%), t=3350
Worker 12: checkpoint 135000/200000 (67.5%), t=3375
Worker 4: checkpoint 133000/200000 (66.5%), t=3325
Worker 5: checkpoint 135000/200000 (67.5%), t=3375
Worker 11: checkpoint 133000/200000 (66.5%), t=3325
Worker 14: checkpoint 134000/200000 (67.0%), t=3350
Worker 16: checkpoint 134000/200000 (67.0%), t=3350
Worker 6: checkpoint 136000/200000 (68.0%), t=3400
Worker 10: checkpoint 136000/200000 (68.0%), t=3400
Worker 7: checkpoint 134000/200000 (67.0%), t=3350
Worker 15: checkpoint 134000/200000 (67.0%), t=3350
Worker 1: checkpoint 134000/200000 (67.0%), t=3350
Worker 8: checkpoint 136000/200000 (68.0%), t=3400
Worker 13: checkpoint 136000/200000 (68.0%), t=3400
Worker 3: checkpoint 131000/200000 (65.5%), t=3275
Worker 2: checkpoint 131000/200000 (65.5%), t=3275
Worker 9: checkpoint 135000/200000 (67.5%), t=3375
Worker 12: checkpoint 136000/200000 (68.0%), t=3400
Worker 4: checkpoint 134000/200000 (67.0%), t=3350
Worker 5: checkpoint 136000/200000 (68.0%), t=3400
Worker 11: checkpoint 134000/200000 (67.0%), t=3350
Worker 14: checkpoint 135000/200000 (67.5%), t=3375
Worker 16: checkpoint 135000/200000 (67.5%), t=3375
Worker 6: checkpoint 137000/200000 (68.5%), t=3425
Worker 10: checkpoint 137000/200000 (68.5%), t=3425
Worker 7: checkpoint 135000/200000 (67.5%), t=3375
Worker 15: checkpoint 135000/200000 (67.5%), t=3375
Worker 1: checkpoint 135000/200000 (67.5%), t=3375
Worker 8: checkpoint 137000/200000 (68.5%), t=3425
Worker 13: checkpoint 137000/200000 (68.5%), t=3425
Worker 3: checkpoint 132000/200000 (66.0%), t=3300
Worker 2: checkpoint 132000/200000 (66.0%), t=3300
Worker 9: checkpoint 136000/200000 (68.0%), t=3400
Worker 12: checkpoint 137000/200000 (68.5%), t=3425
Worker 4: checkpoint 135000/200000 (67.5%), t=3375
Worker 5: checkpoint 137000/200000 (68.5%), t=3425
Worker 11: checkpoint 135000/200000 (67.5%), t=3375
Worker 14: checkpoint 136000/200000 (68.0%), t=3400
Worker 16: checkpoint 136000/200000 (68.0%), t=3400
Worker 6: checkpoint 138000/200000 (69.0%), t=3450
Worker 10: checkpoint 138000/200000 (69.0%), t=3450
Worker 7: checkpoint 136000/200000 (68.0%), t=3400
Worker 15: checkpoint 136000/200000 (68.0%), t=3400
Worker 1: checkpoint 136000/200000 (68.0%), t=3400
Worker 8: checkpoint 138000/200000 (69.0%), t=3450
Worker 13: checkpoint 138000/200000 (69.0%), t=3450
Worker 3: checkpoint 133000/200000 (66.5%), t=3325
Worker 2: checkpoint 133000/200000 (66.5%), t=3325
Worker 12: checkpoint 138000/200000 (69.0%), t=3450
Worker 9: checkpoint 137000/200000 (68.5%), t=3425
Worker 4: checkpoint 136000/200000 (68.0%), t=3400
Worker 5: checkpoint 138000/200000 (69.0%), t=3450
Worker 16: checkpoint 137000/200000 (68.5%), t=3425
Worker 14: checkpoint 137000/200000 (68.5%), t=3425
Worker 11: checkpoint 136000/200000 (68.0%), t=3400
Worker 6: checkpoint 139000/200000 (69.5%), t=3475
Worker 10: checkpoint 139000/200000 (69.5%), t=3475
Worker 7: checkpoint 137000/200000 (68.5%), t=3425
Worker 1: checkpoint 137000/200000 (68.5%), t=3425
Worker 15: checkpoint 137000/200000 (68.5%), t=3425
Worker 8: checkpoint 139000/200000 (69.5%), t=3475
Worker 13: checkpoint 139000/200000 (69.5%), t=3475
Worker 3: checkpoint 134000/200000 (67.0%), t=3350
Worker 2: checkpoint 134000/200000 (67.0%), t=3350
Worker 4: checkpoint 137000/200000 (68.5%), t=3425
Worker 12: checkpoint 139000/200000 (69.5%), t=3475
Worker 9: checkpoint 138000/200000 (69.0%), t=3450
Worker 5: checkpoint 139000/200000 (69.5%), t=3475
Worker 16: checkpoint 138000/200000 (69.0%), t=3450
Worker 14: checkpoint 138000/200000 (69.0%), t=3450
Worker 6: checkpoint 140000/200000 (70.0%), t=3500
Worker 11: checkpoint 137000/200000 (68.5%), t=3425
Worker 10: checkpoint 140000/200000 (70.0%), t=3500
Worker 7: checkpoint 138000/200000 (69.0%), t=3450
Worker 1: checkpoint 138000/200000 (69.0%), t=3450
Worker 8: checkpoint 140000/200000 (70.0%), t=3500
Worker 15: checkpoint 138000/200000 (69.0%), t=3450
Worker 13: checkpoint 140000/200000 (70.0%), t=3500
Worker 3: checkpoint 135000/200000 (67.5%), t=3375
Worker 2: checkpoint 135000/200000 (67.5%), t=3375
Worker 4: checkpoint 138000/200000 (69.0%), t=3450
Worker 12: checkpoint 140000/200000 (70.0%), t=3500
Worker 5: checkpoint 140000/200000 (70.0%), t=3500
Worker 9: checkpoint 139000/200000 (69.5%), t=3475
Worker 16: checkpoint 139000/200000 (69.5%), t=3475
Worker 14: checkpoint 139000/200000 (69.5%), t=3475
Worker 6: checkpoint 141000/200000 (70.5%), t=3525
Worker 10: checkpoint 141000/200000 (70.5%), t=3525
Worker 11: checkpoint 138000/200000 (69.0%), t=3450
Worker 1: checkpoint 139000/200000 (69.5%), t=3475
Worker 7: checkpoint 139000/200000 (69.5%), t=3475
Worker 8: checkpoint 141000/200000 (70.5%), t=3525
Worker 15: checkpoint 139000/200000 (69.5%), t=3475
Worker 13: checkpoint 141000/200000 (70.5%), t=3525
Worker 3: checkpoint 136000/200000 (68.0%), t=3400
Worker 2: checkpoint 136000/200000 (68.0%), t=3400
Worker 4: checkpoint 139000/200000 (69.5%), t=3475
Worker 12: checkpoint 141000/200000 (70.5%), t=3525
Worker 5: checkpoint 141000/200000 (70.5%), t=3525
Worker 9: checkpoint 140000/200000 (70.0%), t=3500
Worker 16: checkpoint 140000/200000 (70.0%), t=3500
Worker 14: checkpoint 140000/200000 (70.0%), t=3500
Worker 6: checkpoint 142000/200000 (71.0%), t=3550
Worker 10: checkpoint 142000/200000 (71.0%), t=3550
Worker 1: checkpoint 140000/200000 (70.0%), t=3500
Worker 8: checkpoint 142000/200000 (71.0%), t=3550
Worker 7: checkpoint 140000/200000 (70.0%), t=3500
Worker 13: checkpoint 142000/200000 (71.0%), t=3550
Worker 15: checkpoint 140000/200000 (70.0%), t=3500
Worker 11: checkpoint 139000/200000 (69.5%), t=3475
Worker 3: checkpoint 137000/200000 (68.5%), t=3425
Worker 4: checkpoint 140000/200000 (70.0%), t=3500
Worker 2: checkpoint 137000/200000 (68.5%), t=3425
Worker 12: checkpoint 142000/200000 (71.0%), t=3550
Worker 5: checkpoint 142000/200000 (71.0%), t=3550
Worker 9: checkpoint 141000/200000 (70.5%), t=3525
Worker 16: checkpoint 141000/200000 (70.5%), t=3525
Worker 14: checkpoint 141000/200000 (70.5%), t=3525
Worker 6: checkpoint 143000/200000 (71.5%), t=3575
Worker 10: checkpoint 143000/200000 (71.5%), t=3575
Worker 1: checkpoint 141000/200000 (70.5%), t=3525
Worker 8: checkpoint 143000/200000 (71.5%), t=3575
Worker 13: checkpoint 143000/200000 (71.5%), t=3575
Worker 7: checkpoint 141000/200000 (70.5%), t=3525
Worker 15: checkpoint 141000/200000 (70.5%), t=3525
Worker 11: checkpoint 140000/200000 (70.0%), t=3500
Worker 3: checkpoint 138000/200000 (69.0%), t=3450
Worker 4: checkpoint 141000/200000 (70.5%), t=3525
Worker 12: checkpoint 143000/200000 (71.5%), t=3575
Worker 5: checkpoint 143000/200000 (71.5%), t=3575
Worker 2: checkpoint 138000/200000 (69.0%), t=3450
Worker 9: checkpoint 142000/200000 (71.0%), t=3550
Worker 16: checkpoint 142000/200000 (71.0%), t=3550
Worker 14: checkpoint 142000/200000 (71.0%), t=3550
Worker 6: checkpoint 144000/200000 (72.0%), t=3600
Worker 10: checkpoint 144000/200000 (72.0%), t=3600
Worker 8: checkpoint 144000/200000 (72.0%), t=3600
Worker 1: checkpoint 142000/200000 (71.0%), t=3550
Worker 13: checkpoint 144000/200000 (72.0%), t=3600
Worker 7: checkpoint 142000/200000 (71.0%), t=3550
Worker 15: checkpoint 142000/200000 (71.0%), t=3550
Worker 11: checkpoint 141000/200000 (70.5%), t=3525
Worker 3: checkpoint 139000/200000 (69.5%), t=3475
Worker 4: checkpoint 142000/200000 (71.0%), t=3550
Worker 12: checkpoint 144000/200000 (72.0%), t=3600
Worker 5: checkpoint 144000/200000 (72.0%), t=3600
Worker 2: checkpoint 139000/200000 (69.5%), t=3475
Worker 9: checkpoint 143000/200000 (71.5%), t=3575
Worker 16: checkpoint 143000/200000 (71.5%), t=3575
Worker 14: checkpoint 143000/200000 (71.5%), t=3575
Worker 6: checkpoint 145000/200000 (72.5%), t=3625
Worker 10: checkpoint 145000/200000 (72.5%), t=3625
Worker 8: checkpoint 145000/200000 (72.5%), t=3625
Worker 1: checkpoint 143000/200000 (71.5%), t=3575
Worker 13: checkpoint 145000/200000 (72.5%), t=3625
Worker 15: checkpoint 143000/200000 (71.5%), t=3575
Worker 7: checkpoint 143000/200000 (71.5%), t=3575
Worker 11: checkpoint 142000/200000 (71.0%), t=3550
Worker 3: checkpoint 140000/200000 (70.0%), t=3500
Worker 4: checkpoint 143000/200000 (71.5%), t=3575
Worker 5: checkpoint 145000/200000 (72.5%), t=3625
Worker 12: checkpoint 145000/200000 (72.5%), t=3625
Worker 9: checkpoint 144000/200000 (72.0%), t=3600
Worker 2: checkpoint 140000/200000 (70.0%), t=3500
Worker 16: checkpoint 144000/200000 (72.0%), t=3600
Worker 14: checkpoint 144000/200000 (72.0%), t=3600
Worker 6: checkpoint 146000/200000 (73.0%), t=3650
Worker 10: checkpoint 146000/200000 (73.0%), t=3650
Worker 8: checkpoint 146000/200000 (73.0%), t=3650
Worker 1: checkpoint 144000/200000 (72.0%), t=3600
Worker 13: checkpoint 146000/200000 (73.0%), t=3650
Worker 15: checkpoint 144000/200000 (72.0%), t=3600
Worker 7: checkpoint 144000/200000 (72.0%), t=3600
Worker 11: checkpoint 143000/200000 (71.5%), t=3575
Worker 3: checkpoint 141000/200000 (70.5%), t=3525
Worker 4: checkpoint 144000/200000 (72.0%), t=3600
Worker 5: checkpoint 146000/200000 (73.0%), t=3650
Worker 12: checkpoint 146000/200000 (73.0%), t=3650
Worker 9: checkpoint 145000/200000 (72.5%), t=3625
Worker 2: checkpoint 141000/200000 (70.5%), t=3525
Worker 16: checkpoint 145000/200000 (72.5%), t=3625
Worker 14: checkpoint 145000/200000 (72.5%), t=3625
Worker 6: checkpoint 147000/200000 (73.5%), t=3675
Worker 10: checkpoint 147000/200000 (73.5%), t=3675
Worker 1: checkpoint 145000/200000 (72.5%), t=3625
Worker 8: checkpoint 147000/200000 (73.5%), t=3675
Worker 13: checkpoint 147000/200000 (73.5%), t=3675
Worker 15: checkpoint 145000/200000 (72.5%), t=3625
Worker 7: checkpoint 145000/200000 (72.5%), t=3625
Worker 11: checkpoint 144000/200000 (72.0%), t=3600
Worker 3: checkpoint 142000/200000 (71.0%), t=3550
Worker 4: checkpoint 145000/200000 (72.5%), t=3625
Worker 5: checkpoint 147000/200000 (73.5%), t=3675
Worker 12: checkpoint 147000/200000 (73.5%), t=3675
Worker 9: checkpoint 146000/200000 (73.0%), t=3650
Worker 2: checkpoint 142000/200000 (71.0%), t=3550
Worker 16: checkpoint 146000/200000 (73.0%), t=3650
Worker 14: checkpoint 146000/200000 (73.0%), t=3650
Worker 6: checkpoint 148000/200000 (74.0%), t=3700
Worker 10: checkpoint 148000/200000 (74.0%), t=3700
Worker 1: checkpoint 146000/200000 (73.0%), t=3650
Worker 8: checkpoint 148000/200000 (74.0%), t=3700
Worker 13: checkpoint 148000/200000 (74.0%), t=3700
Worker 15: checkpoint 146000/200000 (73.0%), t=3650
Worker 7: checkpoint 146000/200000 (73.0%), t=3650
Worker 11: checkpoint 145000/200000 (72.5%), t=3625
Worker 3: checkpoint 143000/200000 (71.5%), t=3575
Worker 5: checkpoint 148000/200000 (74.0%), t=3700
Worker 4: checkpoint 146000/200000 (73.0%), t=3650
Worker 12: checkpoint 148000/200000 (74.0%), t=3700
Worker 9: checkpoint 147000/200000 (73.5%), t=3675
Worker 16: checkpoint 147000/200000 (73.5%), t=3675
Worker 2: checkpoint 143000/200000 (71.5%), t=3575
Worker 14: checkpoint 147000/200000 (73.5%), t=3675
Worker 6: checkpoint 149000/200000 (74.5%), t=3725
Worker 10: checkpoint 149000/200000 (74.5%), t=3725
Worker 1: checkpoint 147000/200000 (73.5%), t=3675
Worker 8: checkpoint 149000/200000 (74.5%), t=3725
Worker 13: checkpoint 149000/200000 (74.5%), t=3725
Worker 15: checkpoint 147000/200000 (73.5%), t=3675
Worker 7: checkpoint 147000/200000 (73.5%), t=3675

[2026-09-20T18:38:17.321726+00:00] Cell 1: parameters

[2026-09-20T18:38:17.985432+00:00] Cell 2: 2
Worker 11: resumed verified step 145000/200000
Worker 9: resumed verified step 147000/200000
Worker 14: resumed verified step 147000/200000
Worker 12: resumed verified step 148000/200000
Worker 16: resumed verified step 147000/200000
Worker 13: resumed verified step 149000/200000
Worker 2: resumed verified step 143000/200000
Worker 3: resumed verified step 143000/200000
Worker 1: resumed verified step 147000/200000
Worker 7: resumed verified step 147000/200000
Worker 5: resumed verified step 148000/200000
Worker 8: resumed verified step 149000/200000
Worker 4: resumed verified step 146000/200000
Worker 6: resumed verified step 149000/200000
Worker 10: resumed verified step 149000/200000
Worker 15: resumed verified step 147000/200000
Worker 1: checkpoint 148000/200000 (74.0%), t=3700
Worker 5: checkpoint 149000/200000 (74.5%), t=3725
Worker 14: checkpoint 148000/200000 (74.0%), t=3700
Worker 9: checkpoint 148000/200000 (74.0%), t=3700
Worker 8: checkpoint 150000/200000 (75.0%), t=3750
Worker 12: checkpoint 149000/200000 (74.5%), t=3725
Worker 15: checkpoint 148000/200000 (74.0%), t=3700
Worker 6: checkpoint 150000/200000 (75.0%), t=3750
Worker 7: checkpoint 148000/200000 (74.0%), t=3700
Worker 4: checkpoint 147000/200000 (73.5%), t=3675
Worker 16: checkpoint 148000/200000 (74.0%), t=3700
Worker 13: checkpoint 150000/200000 (75.0%), t=3750
Worker 10: checkpoint 150000/200000 (75.0%), t=3750
Worker 2: checkpoint 144000/200000 (72.0%), t=3600
Worker 11: checkpoint 146000/200000 (73.0%), t=3650
Worker 3: checkpoint 144000/200000 (72.0%), t=3600
Worker 5: checkpoint 150000/200000 (75.0%), t=3750
Worker 1: checkpoint 149000/200000 (74.5%), t=3725
Worker 8: checkpoint 151000/200000 (75.5%), t=3775
Worker 14: checkpoint 149000/200000 (74.5%), t=3725
Worker 12: checkpoint 150000/200000 (75.0%), t=3750
Worker 9: checkpoint 149000/200000 (74.5%), t=3725
Worker 15: checkpoint 149000/200000 (74.5%), t=3725
Worker 6: checkpoint 151000/200000 (75.5%), t=3775
Worker 4: checkpoint 148000/200000 (74.0%), t=3700
Worker 7: checkpoint 149000/200000 (74.5%), t=3725
Worker 13: checkpoint 151000/200000 (75.5%), t=3775
Worker 16: checkpoint 149000/200000 (74.5%), t=3725
Worker 10: checkpoint 151000/200000 (75.5%), t=3775
Worker 2: checkpoint 145000/200000 (72.5%), t=3625
Worker 11: checkpoint 147000/200000 (73.5%), t=3675
Worker 3: checkpoint 145000/200000 (72.5%), t=3625
Worker 8: checkpoint 152000/200000 (76.0%), t=3800
Worker 1: checkpoint 150000/200000 (75.0%), t=3750
Worker 5: checkpoint 151000/200000 (75.5%), t=3775
Worker 14: checkpoint 150000/200000 (75.0%), t=3750
Worker 12: checkpoint 151000/200000 (75.5%), t=3775
Worker 15: checkpoint 150000/200000 (75.0%), t=3750
Worker 9: checkpoint 150000/200000 (75.0%), t=3750
Worker 6: checkpoint 152000/200000 (76.0%), t=3800
Worker 7: checkpoint 150000/200000 (75.0%), t=3750
Worker 4: checkpoint 149000/200000 (74.5%), t=3725
Worker 13: checkpoint 152000/200000 (76.0%), t=3800
Worker 16: checkpoint 150000/200000 (75.0%), t=3750
Worker 10: checkpoint 152000/200000 (76.0%), t=3800
Worker 2: checkpoint 146000/200000 (73.0%), t=3650
Worker 11: checkpoint 148000/200000 (74.0%), t=3700
Worker 3: checkpoint 146000/200000 (73.0%), t=3650
Worker 8: checkpoint 153000/200000 (76.5%), t=3825
Worker 14: checkpoint 151000/200000 (75.5%), t=3775
Worker 1: checkpoint 151000/200000 (75.5%), t=3775
Worker 5: checkpoint 152000/200000 (76.0%), t=3800
Worker 15: checkpoint 151000/200000 (75.5%), t=3775
Worker 7: checkpoint 151000/200000 (75.5%), t=3775
Worker 12: checkpoint 152000/200000 (76.0%), t=3800
Worker 4: checkpoint 150000/200000 (75.0%), t=3750
Worker 6: checkpoint 153000/200000 (76.5%), t=3825
Worker 13: checkpoint 153000/200000 (76.5%), t=3825
Worker 16: checkpoint 151000/200000 (75.5%), t=3775
Worker 9: checkpoint 151000/200000 (75.5%), t=3775
Worker 10: checkpoint 153000/200000 (76.5%), t=3825
Worker 2: checkpoint 147000/200000 (73.5%), t=3675
Worker 11: checkpoint 149000/200000 (74.5%), t=3725
Worker 3: checkpoint 147000/200000 (73.5%), t=3675
Worker 8: checkpoint 154000/200000 (77.0%), t=3850
Worker 14: checkpoint 152000/200000 (76.0%), t=3800
Worker 1: checkpoint 152000/200000 (76.0%), t=3800
Worker 5: checkpoint 153000/200000 (76.5%), t=3825
Worker 15: checkpoint 152000/200000 (76.0%), t=3800
Worker 7: checkpoint 152000/200000 (76.0%), t=3800
Worker 4: checkpoint 151000/200000 (75.5%), t=3775
Worker 12: checkpoint 153000/200000 (76.5%), t=3825
Worker 6: checkpoint 154000/200000 (77.0%), t=3850
Worker 16: checkpoint 152000/200000 (76.0%), t=3800
Worker 13: checkpoint 154000/200000 (77.0%), t=3850
Worker 9: checkpoint 152000/200000 (76.0%), t=3800
Worker 10: checkpoint 154000/200000 (77.0%), t=3850
Worker 2: checkpoint 148000/200000 (74.0%), t=3700
Worker 11: checkpoint 150000/200000 (75.0%), t=3750
Worker 3: checkpoint 148000/200000 (74.0%), t=3700
Worker 8: checkpoint 155000/200000 (77.5%), t=3875
Worker 14: checkpoint 153000/200000 (76.5%), t=3825
Worker 1: checkpoint 153000/200000 (76.5%), t=3825
Worker 5: checkpoint 154000/200000 (77.0%), t=3850
Worker 7: checkpoint 153000/200000 (76.5%), t=3825
Worker 15: checkpoint 153000/200000 (76.5%), t=3825
Worker 4: checkpoint 152000/200000 (76.0%), t=3800
Worker 6: checkpoint 155000/200000 (77.5%), t=3875
Worker 12: checkpoint 154000/200000 (77.0%), t=3850
Worker 16: checkpoint 153000/200000 (76.5%), t=3825
Worker 13: checkpoint 155000/200000 (77.5%), t=3875
Worker 10: checkpoint 155000/200000 (77.5%), t=3875
Worker 9: checkpoint 153000/200000 (76.5%), t=3825
Worker 2: checkpoint 149000/200000 (74.5%), t=3725
Worker 11: checkpoint 151000/200000 (75.5%), t=3775
Worker 3: checkpoint 149000/200000 (74.5%), t=3725
Worker 8: checkpoint 156000/200000 (78.0%), t=3900
Worker 14: checkpoint 154000/200000 (77.0%), t=3850
Worker 1: checkpoint 154000/200000 (77.0%), t=3850
Worker 7: checkpoint 154000/200000 (77.0%), t=3850
Worker 15: checkpoint 154000/200000 (77.0%), t=3850
Worker 5: checkpoint 155000/200000 (77.5%), t=3875
Worker 4: checkpoint 153000/200000 (76.5%), t=3825
Worker 6: checkpoint 156000/200000 (78.0%), t=3900
Worker 12: checkpoint 155000/200000 (77.5%), t=3875
Worker 13: checkpoint 156000/200000 (78.0%), t=3900
Worker 16: checkpoint 154000/200000 (77.0%), t=3850
Worker 10: checkpoint 156000/200000 (78.0%), t=3900
Worker 9: checkpoint 154000/200000 (77.0%), t=3850
Worker 2: checkpoint 150000/200000 (75.0%), t=3750
Worker 3: checkpoint 150000/200000 (75.0%), t=3750
Worker 11: checkpoint 152000/200000 (76.0%), t=3800
Worker 8: checkpoint 157000/200000 (78.5%), t=3925
Worker 14: checkpoint 155000/200000 (77.5%), t=3875
Worker 1: checkpoint 155000/200000 (77.5%), t=3875
Worker 7: checkpoint 155000/200000 (77.5%), t=3875
Worker 15: checkpoint 155000/200000 (77.5%), t=3875
Worker 4: checkpoint 154000/200000 (77.0%), t=3850
Worker 5: checkpoint 156000/200000 (78.0%), t=3900
Worker 6: checkpoint 157000/200000 (78.5%), t=3925
Worker 12: checkpoint 156000/200000 (78.0%), t=3900
Worker 13: checkpoint 157000/200000 (78.5%), t=3925
Worker 16: checkpoint 155000/200000 (77.5%), t=3875
Worker 10: checkpoint 157000/200000 (78.5%), t=3925
Worker 9: checkpoint 155000/200000 (77.5%), t=3875
Worker 2: checkpoint 151000/200000 (75.5%), t=3775
Worker 3: checkpoint 151000/200000 (75.5%), t=3775
Worker 11: checkpoint 153000/200000 (76.5%), t=3825
Worker 8: checkpoint 158000/200000 (79.0%), t=3950
Worker 1: checkpoint 156000/200000 (78.0%), t=3900
Worker 14: checkpoint 156000/200000 (78.0%), t=3900
Worker 7: checkpoint 156000/200000 (78.0%), t=3900
Worker 4: checkpoint 155000/200000 (77.5%), t=3875
Worker 15: checkpoint 156000/200000 (78.0%), t=3900
Worker 5: checkpoint 157000/200000 (78.5%), t=3925
Worker 6: checkpoint 158000/200000 (79.0%), t=3950
Worker 12: checkpoint 157000/200000 (78.5%), t=3925
Worker 13: checkpoint 158000/200000 (79.0%), t=3950
Worker 16: checkpoint 156000/200000 (78.0%), t=3900
Worker 10: checkpoint 158000/200000 (79.0%), t=3950
Worker 9: checkpoint 156000/200000 (78.0%), t=3900
Worker 2: checkpoint 152000/200000 (76.0%), t=3800
Worker 3: checkpoint 152000/200000 (76.0%), t=3800
Worker 11: checkpoint 154000/200000 (77.0%), t=3850
Worker 8: checkpoint 159000/200000 (79.5%), t=3975
Worker 1: checkpoint 157000/200000 (78.5%), t=3925
Worker 7: checkpoint 157000/200000 (78.5%), t=3925
Worker 4: checkpoint 156000/200000 (78.0%), t=3900
Worker 14: checkpoint 157000/200000 (78.5%), t=3925
Worker 15: checkpoint 157000/200000 (78.5%), t=3925
Worker 5: checkpoint 158000/200000 (79.0%), t=3950
Worker 6: checkpoint 159000/200000 (79.5%), t=3975
Worker 12: checkpoint 158000/200000 (79.0%), t=3950
Worker 13: checkpoint 159000/200000 (79.5%), t=3975
Worker 16: checkpoint 157000/200000 (78.5%), t=3925
Worker 10: checkpoint 159000/200000 (79.5%), t=3975
Worker 9: checkpoint 157000/200000 (78.5%), t=3925
Worker 2: checkpoint 153000/200000 (76.5%), t=3825
Worker 3: checkpoint 153000/200000 (76.5%), t=3825
Worker 11: checkpoint 155000/200000 (77.5%), t=3875
Worker 8: checkpoint 160000/200000 (80.0%), t=4000
Worker 1: checkpoint 158000/200000 (79.0%), t=3950
Worker 4: checkpoint 157000/200000 (78.5%), t=3925
Worker 14: checkpoint 158000/200000 (79.0%), t=3950
Worker 7: checkpoint 158000/200000 (79.0%), t=3950
Worker 15: checkpoint 158000/200000 (79.0%), t=3950
Worker 5: checkpoint 159000/200000 (79.5%), t=3975
Worker 6: checkpoint 160000/200000 (80.0%), t=4000
Worker 12: checkpoint 159000/200000 (79.5%), t=3975
Worker 13: checkpoint 160000/200000 (80.0%), t=4000
Worker 16: checkpoint 158000/200000 (79.0%), t=3950
Worker 10: checkpoint 160000/200000 (80.0%), t=4000
Worker 9: checkpoint 158000/200000 (79.0%), t=3950
Worker 2: checkpoint 154000/200000 (77.0%), t=3850
Worker 3: checkpoint 154000/200000 (77.0%), t=3850
Worker 11: checkpoint 156000/200000 (78.0%), t=3900
Worker 8: checkpoint 161000/200000 (80.5%), t=4025
Worker 4: checkpoint 158000/200000 (79.0%), t=3950
Worker 1: checkpoint 159000/200000 (79.5%), t=3975
Worker 14: checkpoint 159000/200000 (79.5%), t=3975
Worker 7: checkpoint 159000/200000 (79.5%), t=3975
Worker 15: checkpoint 159000/200000 (79.5%), t=3975
Worker 5: checkpoint 160000/200000 (80.0%), t=4000
Worker 6: checkpoint 161000/200000 (80.5%), t=4025
Worker 12: checkpoint 160000/200000 (80.0%), t=4000
Worker 13: checkpoint 161000/200000 (80.5%), t=4025
Worker 16: checkpoint 159000/200000 (79.5%), t=3975
Worker 10: checkpoint 161000/200000 (80.5%), t=4025
Worker 9: checkpoint 159000/200000 (79.5%), t=3975
Worker 2: checkpoint 155000/200000 (77.5%), t=3875
Worker 3: checkpoint 155000/200000 (77.5%), t=3875
Worker 11: checkpoint 157000/200000 (78.5%), t=3925
Worker 8: checkpoint 162000/200000 (81.0%), t=4050
Worker 4: checkpoint 159000/200000 (79.5%), t=3975
Worker 1: checkpoint 160000/200000 (80.0%), t=4000
Worker 14: checkpoint 160000/200000 (80.0%), t=4000
Worker 7: checkpoint 160000/200000 (80.0%), t=4000
Worker 15: checkpoint 160000/200000 (80.0%), t=4000
Worker 5: checkpoint 161000/200000 (80.5%), t=4025
Worker 6: checkpoint 162000/200000 (81.0%), t=4050
Worker 13: checkpoint 162000/200000 (81.0%), t=4050
Worker 12: checkpoint 161000/200000 (80.5%), t=4025
Worker 16: checkpoint 160000/200000 (80.0%), t=4000
Worker 10: checkpoint 162000/200000 (81.0%), t=4050
Worker 9: checkpoint 160000/200000 (80.0%), t=4000
Worker 2: checkpoint 156000/200000 (78.0%), t=3900
Worker 3: checkpoint 156000/200000 (78.0%), t=3900
Worker 11: checkpoint 158000/200000 (79.0%), t=3950
Worker 8: checkpoint 163000/200000 (81.5%), t=4075
Worker 4: checkpoint 160000/200000 (80.0%), t=4000
Worker 1: checkpoint 161000/200000 (80.5%), t=4025
Worker 14: checkpoint 161000/200000 (80.5%), t=4025
Worker 7: checkpoint 161000/200000 (80.5%), t=4025
Worker 15: checkpoint 161000/200000 (80.5%), t=4025
Worker 5: checkpoint 162000/200000 (81.0%), t=4050
Worker 6: checkpoint 163000/200000 (81.5%), t=4075
Worker 13: checkpoint 163000/200000 (81.5%), t=4075
Worker 12: checkpoint 162000/200000 (81.0%), t=4050
Worker 16: checkpoint 161000/200000 (80.5%), t=4025
Worker 10: checkpoint 163000/200000 (81.5%), t=4075
Worker 9: checkpoint 161000/200000 (80.5%), t=4025
Worker 2: checkpoint 157000/200000 (78.5%), t=3925
Worker 3: checkpoint 157000/200000 (78.5%), t=3925
Worker 11: checkpoint 159000/200000 (79.5%), t=3975
Worker 8: checkpoint 164000/200000 (82.0%), t=4100
Worker 4: checkpoint 161000/200000 (80.5%), t=4025
Worker 1: checkpoint 162000/200000 (81.0%), t=4050
Worker 14: checkpoint 162000/200000 (81.0%), t=4050
Worker 7: checkpoint 162000/200000 (81.0%), t=4050
Worker 15: checkpoint 162000/200000 (81.0%), t=4050
Worker 5: checkpoint 163000/200000 (81.5%), t=4075
Worker 6: checkpoint 164000/200000 (82.0%), t=4100
Worker 12: checkpoint 163000/200000 (81.5%), t=4075
Worker 13: checkpoint 164000/200000 (82.0%), t=4100
Worker 16: checkpoint 162000/200000 (81.0%), t=4050
Worker 10: checkpoint 164000/200000 (82.0%), t=4100
Worker 9: checkpoint 162000/200000 (81.0%), t=4050
Worker 2: checkpoint 158000/200000 (79.0%), t=3950
Worker 3: checkpoint 158000/200000 (79.0%), t=3950
Worker 11: checkpoint 160000/200000 (80.0%), t=4000
Worker 8: checkpoint 165000/200000 (82.5%), t=4125
Worker 4: checkpoint 162000/200000 (81.0%), t=4050
Worker 1: checkpoint 163000/200000 (81.5%), t=4075
Worker 14: checkpoint 163000/200000 (81.5%), t=4075
Worker 7: checkpoint 163000/200000 (81.5%), t=4075
Worker 15: checkpoint 163000/200000 (81.5%), t=4075
Worker 5: checkpoint 164000/200000 (82.0%), t=4100
Worker 6: checkpoint 165000/200000 (82.5%), t=4125
Worker 12: checkpoint 164000/200000 (82.0%), t=4100
Worker 13: checkpoint 165000/200000 (82.5%), t=4125
Worker 16: checkpoint 163000/200000 (81.5%), t=4075
Worker 10: checkpoint 165000/200000 (82.5%), t=4125
Worker 9: checkpoint 163000/200000 (81.5%), t=4075
Worker 2: checkpoint 159000/200000 (79.5%), t=3975
Worker 3: checkpoint 159000/200000 (79.5%), t=3975
Worker 11: checkpoint 161000/200000 (80.5%), t=4025
Worker 8: checkpoint 166000/200000 (83.0%), t=4150
Worker 4: checkpoint 163000/200000 (81.5%), t=4075
Worker 14: checkpoint 164000/200000 (82.0%), t=4100
Worker 7: checkpoint 164000/200000 (82.0%), t=4100
Worker 15: checkpoint 164000/200000 (82.0%), t=4100
Worker 1: checkpoint 164000/200000 (82.0%), t=4100
Worker 5: checkpoint 165000/200000 (82.5%), t=4125
Worker 6: checkpoint 166000/200000 (83.0%), t=4150
Worker 16: checkpoint 164000/200000 (82.0%), t=4100
Worker 12: checkpoint 165000/200000 (82.5%), t=4125
Worker 13: checkpoint 166000/200000 (83.0%), t=4150
Worker 10: checkpoint 166000/200000 (83.0%), t=4150
Worker 2: checkpoint 160000/200000 (80.0%), t=4000
Worker 9: checkpoint 164000/200000 (82.0%), t=4100
Worker 3: checkpoint 160000/200000 (80.0%), t=4000
Worker 11: checkpoint 162000/200000 (81.0%), t=4050
Worker 8: checkpoint 167000/200000 (83.5%), t=4175
Worker 4: checkpoint 164000/200000 (82.0%), t=4100
Worker 14: checkpoint 165000/200000 (82.5%), t=4125
Worker 15: checkpoint 165000/200000 (82.5%), t=4125
Worker 7: checkpoint 165000/200000 (82.5%), t=4125
Worker 1: checkpoint 165000/200000 (82.5%), t=4125
Worker 5: checkpoint 166000/200000 (83.0%), t=4150
Worker 16: checkpoint 165000/200000 (82.5%), t=4125
Worker 6: checkpoint 167000/200000 (83.5%), t=4175
Worker 12: checkpoint 166000/200000 (83.0%), t=4150
Worker 13: checkpoint 167000/200000 (83.5%), t=4175
Worker 10: checkpoint 167000/200000 (83.5%), t=4175
Worker 2: checkpoint 161000/200000 (80.5%), t=4025
Worker 9: checkpoint 165000/200000 (82.5%), t=4125
Worker 3: checkpoint 161000/200000 (80.5%), t=4025
Worker 11: checkpoint 163000/200000 (81.5%), t=4075
Worker 8: checkpoint 168000/200000 (84.0%), t=4200
Worker 4: checkpoint 165000/200000 (82.5%), t=4125
Worker 14: checkpoint 166000/200000 (83.0%), t=4150
Worker 15: checkpoint 166000/200000 (83.0%), t=4150
Worker 1: checkpoint 166000/200000 (83.0%), t=4150
Worker 7: checkpoint 166000/200000 (83.0%), t=4150
Worker 5: checkpoint 167000/200000 (83.5%), t=4175
Worker 16: checkpoint 166000/200000 (83.0%), t=4150
Worker 6: checkpoint 168000/200000 (84.0%), t=4200
Worker 12: checkpoint 167000/200000 (83.5%), t=4175
Worker 13: checkpoint 168000/200000 (84.0%), t=4200
Worker 10: checkpoint 168000/200000 (84.0%), t=4200
Worker 2: checkpoint 162000/200000 (81.0%), t=4050
Worker 9: checkpoint 166000/200000 (83.0%), t=4150
Worker 3: checkpoint 162000/200000 (81.0%), t=4050
Worker 11: checkpoint 164000/200000 (82.0%), t=4100
Worker 8: checkpoint 169000/200000 (84.5%), t=4225
Worker 14: checkpoint 167000/200000 (83.5%), t=4175
Worker 4: checkpoint 166000/200000 (83.0%), t=4150
Worker 1: checkpoint 167000/200000 (83.5%), t=4175
Worker 15: checkpoint 167000/200000 (83.5%), t=4175
Worker 7: checkpoint 167000/200000 (83.5%), t=4175
Worker 5: checkpoint 168000/200000 (84.0%), t=4200
Worker 16: checkpoint 167000/200000 (83.5%), t=4175
Worker 6: checkpoint 169000/200000 (84.5%), t=4225
Worker 12: checkpoint 168000/200000 (84.0%), t=4200
Worker 13: checkpoint 169000/200000 (84.5%), t=4225
Worker 10: checkpoint 169000/200000 (84.5%), t=4225
Worker 2: checkpoint 163000/200000 (81.5%), t=4075
Worker 9: checkpoint 167000/200000 (83.5%), t=4175
Worker 3: checkpoint 163000/200000 (81.5%), t=4075
Worker 11: checkpoint 165000/200000 (82.5%), t=4125
Worker 8: checkpoint 170000/200000 (85.0%), t=4250
Worker 14: checkpoint 168000/200000 (84.0%), t=4200
Worker 4: checkpoint 167000/200000 (83.5%), t=4175
Worker 1: checkpoint 168000/200000 (84.0%), t=4200
Worker 15: checkpoint 168000/200000 (84.0%), t=4200
Worker 7: checkpoint 168000/200000 (84.0%), t=4200
Worker 16: checkpoint 168000/200000 (84.0%), t=4200
Worker 5: checkpoint 169000/200000 (84.5%), t=4225
Worker 6: checkpoint 170000/200000 (85.0%), t=4250
Worker 12: checkpoint 169000/200000 (84.5%), t=4225
Worker 13: checkpoint 170000/200000 (85.0%), t=4250
Worker 10: checkpoint 170000/200000 (85.0%), t=4250
Worker 2: checkpoint 164000/200000 (82.0%), t=4100
Worker 3: checkpoint 164000/200000 (82.0%), t=4100
Worker 9: checkpoint 168000/200000 (84.0%), t=4200
Worker 8: checkpoint 171000/200000 (85.5%), t=4275
Worker 11: checkpoint 166000/200000 (83.0%), t=4150
Worker 14: checkpoint 169000/200000 (84.5%), t=4225
Worker 4: checkpoint 168000/200000 (84.0%), t=4200
Worker 1: checkpoint 169000/200000 (84.5%), t=4225
Worker 15: checkpoint 169000/200000 (84.5%), t=4225
Worker 7: checkpoint 169000/200000 (84.5%), t=4225
Worker 16: checkpoint 169000/200000 (84.5%), t=4225
Worker 5: checkpoint 170000/200000 (85.0%), t=4250
Worker 6: checkpoint 171000/200000 (85.5%), t=4275
Worker 12: checkpoint 170000/200000 (85.0%), t=4250
Worker 13: checkpoint 171000/200000 (85.5%), t=4275
Worker 10: checkpoint 171000/200000 (85.5%), t=4275
Worker 2: checkpoint 165000/200000 (82.5%), t=4125
Worker 3: checkpoint 165000/200000 (82.5%), t=4125
Worker 9: checkpoint 169000/200000 (84.5%), t=4225
Worker 8: checkpoint 172000/200000 (86.0%), t=4300
Worker 11: checkpoint 167000/200000 (83.5%), t=4175
Worker 14: checkpoint 170000/200000 (85.0%), t=4250
Worker 4: checkpoint 169000/200000 (84.5%), t=4225
Worker 1: checkpoint 170000/200000 (85.0%), t=4250
Worker 15: checkpoint 170000/200000 (85.0%), t=4250
Worker 7: checkpoint 170000/200000 (85.0%), t=4250
Worker 16: checkpoint 170000/200000 (85.0%), t=4250
Worker 5: checkpoint 171000/200000 (85.5%), t=4275
Worker 6: checkpoint 172000/200000 (86.0%), t=4300
Worker 12: checkpoint 171000/200000 (85.5%), t=4275
Worker 13: checkpoint 172000/200000 (86.0%), t=4300
Worker 10: checkpoint 172000/200000 (86.0%), t=4300
Worker 2: checkpoint 166000/200000 (83.0%), t=4150
Worker 3: checkpoint 166000/200000 (83.0%), t=4150
Worker 9: checkpoint 170000/200000 (85.0%), t=4250
Worker 8: checkpoint 173000/200000 (86.5%), t=4325
Worker 14: checkpoint 171000/200000 (85.5%), t=4275
Worker 1: checkpoint 171000/200000 (85.5%), t=4275
Worker 11: checkpoint 168000/200000 (84.0%), t=4200
Worker 4: checkpoint 170000/200000 (85.0%), t=4250
Worker 15: checkpoint 171000/200000 (85.5%), t=4275
Worker 7: checkpoint 171000/200000 (85.5%), t=4275
Worker 16: checkpoint 171000/200000 (85.5%), t=4275
Worker 5: checkpoint 172000/200000 (86.0%), t=4300
Worker 6: checkpoint 173000/200000 (86.5%), t=4325
Worker 12: checkpoint 172000/200000 (86.0%), t=4300
Worker 13: checkpoint 173000/200000 (86.5%), t=4325
Worker 10: checkpoint 173000/200000 (86.5%), t=4325
Worker 2: checkpoint 167000/200000 (83.5%), t=4175
Worker 3: checkpoint 167000/200000 (83.5%), t=4175
Worker 9: checkpoint 171000/200000 (85.5%), t=4275
Worker 8: checkpoint 174000/200000 (87.0%), t=4350
Worker 14: checkpoint 172000/200000 (86.0%), t=4300
Worker 1: checkpoint 172000/200000 (86.0%), t=4300
Worker 4: checkpoint 171000/200000 (85.5%), t=4275
Worker 11: checkpoint 169000/200000 (84.5%), t=4225
Worker 15: checkpoint 172000/200000 (86.0%), t=4300
Worker 16: checkpoint 172000/200000 (86.0%), t=4300
Worker 7: checkpoint 172000/200000 (86.0%), t=4300
Worker 5: checkpoint 173000/200000 (86.5%), t=4325
Worker 6: checkpoint 174000/200000 (87.0%), t=4350
Worker 12: checkpoint 173000/200000 (86.5%), t=4325
Worker 13: checkpoint 174000/200000 (87.0%), t=4350
Worker 10: checkpoint 174000/200000 (87.0%), t=4350
Worker 2: checkpoint 168000/200000 (84.0%), t=4200
Worker 3: checkpoint 168000/200000 (84.0%), t=4200
Worker 8: checkpoint 175000/200000 (87.5%), t=4375
Worker 9: checkpoint 172000/200000 (86.0%), t=4300
Worker 14: checkpoint 173000/200000 (86.5%), t=4325
Worker 1: checkpoint 173000/200000 (86.5%), t=4325
Worker 4: checkpoint 172000/200000 (86.0%), t=4300
Worker 15: checkpoint 173000/200000 (86.5%), t=4325
Worker 16: checkpoint 173000/200000 (86.5%), t=4325
Worker 7: checkpoint 173000/200000 (86.5%), t=4325
Worker 11: checkpoint 170000/200000 (85.0%), t=4250
Worker 5: checkpoint 174000/200000 (87.0%), t=4350
Worker 6: checkpoint 175000/200000 (87.5%), t=4375
Worker 12: checkpoint 174000/200000 (87.0%), t=4350
Worker 13: checkpoint 175000/200000 (87.5%), t=4375
Worker 10: checkpoint 175000/200000 (87.5%), t=4375
Worker 3: checkpoint 169000/200000 (84.5%), t=4225
Worker 2: checkpoint 169000/200000 (84.5%), t=4225
Worker 8: checkpoint 176000/200000 (88.0%), t=4400
Worker 14: checkpoint 174000/200000 (87.0%), t=4350
Worker 9: checkpoint 173000/200000 (86.5%), t=4325
Worker 1: checkpoint 174000/200000 (87.0%), t=4350
Worker 4: checkpoint 173000/200000 (86.5%), t=4325
Worker 16: checkpoint 174000/200000 (87.0%), t=4350
Worker 15: checkpoint 174000/200000 (87.0%), t=4350
Worker 7: checkpoint 174000/200000 (87.0%), t=4350
Worker 5: checkpoint 175000/200000 (87.5%), t=4375
Worker 11: checkpoint 171000/200000 (85.5%), t=4275
Worker 6: checkpoint 176000/200000 (88.0%), t=4400
Worker 12: checkpoint 175000/200000 (87.5%), t=4375
Worker 13: checkpoint 176000/200000 (88.0%), t=4400
Worker 10: checkpoint 176000/200000 (88.0%), t=4400
Worker 3: checkpoint 170000/200000 (85.0%), t=4250
Worker 2: checkpoint 170000/200000 (85.0%), t=4250
Worker 8: checkpoint 177000/200000 (88.5%), t=4425
Worker 14: checkpoint 175000/200000 (87.5%), t=4375
Worker 1: checkpoint 175000/200000 (87.5%), t=4375
Worker 9: checkpoint 174000/200000 (87.0%), t=4350
Worker 4: checkpoint 174000/200000 (87.0%), t=4350
Worker 16: checkpoint 175000/200000 (87.5%), t=4375
Worker 7: checkpoint 175000/200000 (87.5%), t=4375
Worker 15: checkpoint 175000/200000 (87.5%), t=4375
Worker 5: checkpoint 176000/200000 (88.0%), t=4400
Worker 6: checkpoint 177000/200000 (88.5%), t=4425
Worker 11: checkpoint 172000/200000 (86.0%), t=4300
Worker 12: checkpoint 176000/200000 (88.0%), t=4400
Worker 13: checkpoint 177000/200000 (88.5%), t=4425
Worker 10: checkpoint 177000/200000 (88.5%), t=4425
Worker 3: checkpoint 171000/200000 (85.5%), t=4275
Worker 2: checkpoint 171000/200000 (85.5%), t=4275
Worker 8: checkpoint 178000/200000 (89.0%), t=4450
Worker 1: checkpoint 176000/200000 (88.0%), t=4400
Worker 14: checkpoint 176000/200000 (88.0%), t=4400
Worker 4: checkpoint 175000/200000 (87.5%), t=4375
Worker 9: checkpoint 175000/200000 (87.5%), t=4375
Worker 16: checkpoint 176000/200000 (88.0%), t=4400
Worker 7: checkpoint 176000/200000 (88.0%), t=4400
Worker 15: checkpoint 176000/200000 (88.0%), t=4400
Worker 5: checkpoint 177000/200000 (88.5%), t=4425
Worker 6: checkpoint 178000/200000 (89.0%), t=4450
Worker 12: checkpoint 177000/200000 (88.5%), t=4425
Worker 11: checkpoint 173000/200000 (86.5%), t=4325
Worker 13: checkpoint 178000/200000 (89.0%), t=4450
Worker 10: checkpoint 178000/200000 (89.0%), t=4450
Worker 3: checkpoint 172000/200000 (86.0%), t=4300
Worker 8: checkpoint 179000/200000 (89.5%), t=4475
Worker 2: checkpoint 172000/200000 (86.0%), t=4300
Worker 1: checkpoint 177000/200000 (88.5%), t=4425
Worker 14: checkpoint 177000/200000 (88.5%), t=4425
Worker 4: checkpoint 176000/200000 (88.0%), t=4400
Worker 16: checkpoint 177000/200000 (88.5%), t=4425
Worker 9: checkpoint 176000/200000 (88.0%), t=4400
Worker 7: checkpoint 177000/200000 (88.5%), t=4425
Worker 5: checkpoint 178000/200000 (89.0%), t=4450
Worker 15: checkpoint 177000/200000 (88.5%), t=4425
Worker 6: checkpoint 179000/200000 (89.5%), t=4475
Worker 12: checkpoint 178000/200000 (89.0%), t=4450
Worker 11: checkpoint 174000/200000 (87.0%), t=4350
Worker 10: checkpoint 179000/200000 (89.5%), t=4475
Worker 13: checkpoint 179000/200000 (89.5%), t=4475
Worker 3: checkpoint 173000/200000 (86.5%), t=4325
Worker 8: checkpoint 180000/200000 (90.0%), t=4500
Worker 2: checkpoint 173000/200000 (86.5%), t=4325
Worker 1: checkpoint 178000/200000 (89.0%), t=4450
Worker 14: checkpoint 178000/200000 (89.0%), t=4450
Worker 4: checkpoint 177000/200000 (88.5%), t=4425
Worker 16: checkpoint 178000/200000 (89.0%), t=4450
Worker 7: checkpoint 178000/200000 (89.0%), t=4450
Worker 5: checkpoint 179000/200000 (89.5%), t=4475
Worker 15: checkpoint 178000/200000 (89.0%), t=4450
Worker 9: checkpoint 177000/200000 (88.5%), t=4425
Worker 6: checkpoint 180000/200000 (90.0%), t=4500
Worker 12: checkpoint 179000/200000 (89.5%), t=4475
Worker 11: checkpoint 175000/200000 (87.5%), t=4375
Worker 10: checkpoint 180000/200000 (90.0%), t=4500
Worker 13: checkpoint 180000/200000 (90.0%), t=4500
Worker 3: checkpoint 174000/200000 (87.0%), t=4350
Worker 8: checkpoint 181000/200000 (90.5%), t=4525
Worker 2: checkpoint 174000/200000 (87.0%), t=4350
Worker 1: checkpoint 179000/200000 (89.5%), t=4475
Worker 14: checkpoint 179000/200000 (89.5%), t=4475
Worker 4: checkpoint 178000/200000 (89.0%), t=4450
Worker 16: checkpoint 179000/200000 (89.5%), t=4475
Worker 7: checkpoint 179000/200000 (89.5%), t=4475
Worker 5: checkpoint 180000/200000 (90.0%), t=4500
Worker 15: checkpoint 179000/200000 (89.5%), t=4475
Worker 9: checkpoint 178000/200000 (89.0%), t=4450
Worker 6: checkpoint 181000/200000 (90.5%), t=4525
Worker 12: checkpoint 180000/200000 (90.0%), t=4500
Worker 11: checkpoint 176000/200000 (88.0%), t=4400
Worker 10: checkpoint 181000/200000 (90.5%), t=4525
Worker 13: checkpoint 181000/200000 (90.5%), t=4525
Worker 3: checkpoint 175000/200000 (87.5%), t=4375
Worker 8: checkpoint 182000/200000 (91.0%), t=4550
Worker 2: checkpoint 175000/200000 (87.5%), t=4375
Worker 1: checkpoint 180000/200000 (90.0%), t=4500
Worker 14: checkpoint 180000/200000 (90.0%), t=4500
Worker 4: checkpoint 179000/200000 (89.5%), t=4475
Worker 16: checkpoint 180000/200000 (90.0%), t=4500
Worker 7: checkpoint 180000/200000 (90.0%), t=4500
Worker 5: checkpoint 181000/200000 (90.5%), t=4525
Worker 15: checkpoint 180000/200000 (90.0%), t=4500
Worker 6: checkpoint 182000/200000 (91.0%), t=4550
Worker 9: checkpoint 179000/200000 (89.5%), t=4475
Worker 12: checkpoint 181000/200000 (90.5%), t=4525
Worker 10: checkpoint 182000/200000 (91.0%), t=4550
Worker 11: checkpoint 177000/200000 (88.5%), t=4425
Worker 13: checkpoint 182000/200000 (91.0%), t=4550
Worker 3: checkpoint 176000/200000 (88.0%), t=4400
Worker 8: checkpoint 183000/200000 (91.5%), t=4575
Worker 1: checkpoint 181000/200000 (90.5%), t=4525
Worker 2: checkpoint 176000/200000 (88.0%), t=4400
Worker 4: checkpoint 180000/200000 (90.0%), t=4500
Worker 14: checkpoint 181000/200000 (90.5%), t=4525
Worker 16: checkpoint 181000/200000 (90.5%), t=4525
Worker 7: checkpoint 181000/200000 (90.5%), t=4525
Worker 5: checkpoint 182000/200000 (91.0%), t=4550
Worker 15: checkpoint 181000/200000 (90.5%), t=4525
Worker 6: checkpoint 183000/200000 (91.5%), t=4575
Worker 12: checkpoint 182000/200000 (91.0%), t=4550
Worker 9: checkpoint 180000/200000 (90.0%), t=4500
Worker 10: checkpoint 183000/200000 (91.5%), t=4575
Worker 11: checkpoint 178000/200000 (89.0%), t=4450
Worker 13: checkpoint 183000/200000 (91.5%), t=4575
Worker 3: checkpoint 177000/200000 (88.5%), t=4425
Worker 8: checkpoint 184000/200000 (92.0%), t=4600
Worker 1: checkpoint 182000/200000 (91.0%), t=4550
Worker 2: checkpoint 177000/200000 (88.5%), t=4425
Worker 16: checkpoint 182000/200000 (91.0%), t=4550
Worker 4: checkpoint 181000/200000 (90.5%), t=4525
Worker 14: checkpoint 182000/200000 (91.0%), t=4550
Worker 7: checkpoint 182000/200000 (91.0%), t=4550
Worker 5: checkpoint 183000/200000 (91.5%), t=4575
Worker 15: checkpoint 182000/200000 (91.0%), t=4550
Worker 6: checkpoint 184000/200000 (92.0%), t=4600
Worker 12: checkpoint 183000/200000 (91.5%), t=4575
Worker 9: checkpoint 181000/200000 (90.5%), t=4525
Worker 10: checkpoint 184000/200000 (92.0%), t=4600
Worker 11: checkpoint 179000/200000 (89.5%), t=4475
Worker 13: checkpoint 184000/200000 (92.0%), t=4600
Worker 3: checkpoint 178000/200000 (89.0%), t=4450
Worker 8: checkpoint 185000/200000 (92.5%), t=4625
Worker 1: checkpoint 183000/200000 (91.5%), t=4575
Worker 2: checkpoint 178000/200000 (89.0%), t=4450
Worker 16: checkpoint 183000/200000 (91.5%), t=4575
Worker 4: checkpoint 182000/200000 (91.0%), t=4550
Worker 14: checkpoint 183000/200000 (91.5%), t=4575
Worker 7: checkpoint 183000/200000 (91.5%), t=4575
Worker 5: checkpoint 184000/200000 (92.0%), t=4600
Worker 15: checkpoint 183000/200000 (91.5%), t=4575
Worker 6: checkpoint 185000/200000 (92.5%), t=4625
Worker 12: checkpoint 184000/200000 (92.0%), t=4600
Worker 9: checkpoint 182000/200000 (91.0%), t=4550
Worker 10: checkpoint 185000/200000 (92.5%), t=4625
Worker 13: checkpoint 185000/200000 (92.5%), t=4625
Worker 11: checkpoint 180000/200000 (90.0%), t=4500
Worker 3: checkpoint 179000/200000 (89.5%), t=4475
Worker 8: checkpoint 186000/200000 (93.0%), t=4650
Worker 1: checkpoint 184000/200000 (92.0%), t=4600
Worker 16: checkpoint 184000/200000 (92.0%), t=4600
Worker 2: checkpoint 179000/200000 (89.5%), t=4475
Worker 4: checkpoint 183000/200000 (91.5%), t=4575
Worker 14: checkpoint 184000/200000 (92.0%), t=4600
Worker 7: checkpoint 184000/200000 (92.0%), t=4600
Worker 5: checkpoint 185000/200000 (92.5%), t=4625
Worker 15: checkpoint 184000/200000 (92.0%), t=4600
Worker 6: checkpoint 186000/200000 (93.0%), t=4650
Worker 12: checkpoint 185000/200000 (92.5%), t=4625
Worker 9: checkpoint 183000/200000 (91.5%), t=4575
Worker 10: checkpoint 186000/200000 (93.0%), t=4650
Worker 13: checkpoint 186000/200000 (93.0%), t=4650
Worker 11: checkpoint 181000/200000 (90.5%), t=4525
Worker 3: checkpoint 180000/200000 (90.0%), t=4500
Worker 8: checkpoint 187000/200000 (93.5%), t=4675
Worker 1: checkpoint 185000/200000 (92.5%), t=4625
Worker 16: checkpoint 185000/200000 (92.5%), t=4625
Worker 4: checkpoint 184000/200000 (92.0%), t=4600
Worker 14: checkpoint 185000/200000 (92.5%), t=4625
Worker 2: checkpoint 180000/200000 (90.0%), t=4500
Worker 7: checkpoint 185000/200000 (92.5%), t=4625
Worker 5: checkpoint 186000/200000 (93.0%), t=4650
Worker 15: checkpoint 185000/200000 (92.5%), t=4625
Worker 6: checkpoint 187000/200000 (93.5%), t=4675
Worker 12: checkpoint 186000/200000 (93.0%), t=4650
Worker 10: checkpoint 187000/200000 (93.5%), t=4675
Worker 9: checkpoint 184000/200000 (92.0%), t=4600
Worker 13: checkpoint 187000/200000 (93.5%), t=4675
Worker 11: checkpoint 182000/200000 (91.0%), t=4550
Worker 3: checkpoint 181000/200000 (90.5%), t=4525
Worker 8: checkpoint 188000/200000 (94.0%), t=4700
Worker 1: checkpoint 186000/200000 (93.0%), t=4650
Worker 16: checkpoint 186000/200000 (93.0%), t=4650
Worker 4: checkpoint 185000/200000 (92.5%), t=4625
Worker 14: checkpoint 186000/200000 (93.0%), t=4650
Worker 7: checkpoint 186000/200000 (93.0%), t=4650
Worker 5: checkpoint 187000/200000 (93.5%), t=4675
Worker 2: checkpoint 181000/200000 (90.5%), t=4525
Worker 15: checkpoint 186000/200000 (93.0%), t=4650
Worker 6: checkpoint 188000/200000 (94.0%), t=4700
Worker 12: checkpoint 187000/200000 (93.5%), t=4675
Worker 10: checkpoint 188000/200000 (94.0%), t=4700
Worker 9: checkpoint 185000/200000 (92.5%), t=4625
Worker 13: checkpoint 188000/200000 (94.0%), t=4700
Worker 3: checkpoint 182000/200000 (91.0%), t=4550
Worker 11: checkpoint 183000/200000 (91.5%), t=4575
Worker 8: checkpoint 189000/200000 (94.5%), t=4725
Worker 1: checkpoint 187000/200000 (93.5%), t=4675
Worker 16: checkpoint 187000/200000 (93.5%), t=4675
Worker 4: checkpoint 186000/200000 (93.0%), t=4650
Worker 14: checkpoint 187000/200000 (93.5%), t=4675
Worker 7: checkpoint 187000/200000 (93.5%), t=4675
Worker 5: checkpoint 188000/200000 (94.0%), t=4700
Worker 2: checkpoint 182000/200000 (91.0%), t=4550
Worker 15: checkpoint 187000/200000 (93.5%), t=4675
Worker 6: checkpoint 189000/200000 (94.5%), t=4725
Worker 12: checkpoint 188000/200000 (94.0%), t=4700
Worker 10: checkpoint 189000/200000 (94.5%), t=4725
Worker 9: checkpoint 186000/200000 (93.0%), t=4650
Worker 13: checkpoint 189000/200000 (94.5%), t=4725
Worker 3: checkpoint 183000/200000 (91.5%), t=4575
Worker 11: checkpoint 184000/200000 (92.0%), t=4600
Worker 8: checkpoint 190000/200000 (95.0%), t=4750
Worker 1: checkpoint 188000/200000 (94.0%), t=4700
Worker 16: checkpoint 188000/200000 (94.0%), t=4700
Worker 4: checkpoint 187000/200000 (93.5%), t=4675
Worker 14: checkpoint 188000/200000 (94.0%), t=4700
Worker 5: checkpoint 189000/200000 (94.5%), t=4725
Worker 7: checkpoint 188000/200000 (94.0%), t=4700
Worker 15: checkpoint 188000/200000 (94.0%), t=4700
Worker 6: checkpoint 190000/200000 (95.0%), t=4750
Worker 2: checkpoint 183000/200000 (91.5%), t=4575
Worker 12: checkpoint 189000/200000 (94.5%), t=4725
Worker 10: checkpoint 190000/200000 (95.0%), t=4750
Worker 9: checkpoint 187000/200000 (93.5%), t=4675
Worker 13: checkpoint 190000/200000 (95.0%), t=4750
Worker 3: checkpoint 184000/200000 (92.0%), t=4600
Worker 8: checkpoint 191000/200000 (95.5%), t=4775
Worker 11: checkpoint 185000/200000 (92.5%), t=4625
Worker 1: checkpoint 189000/200000 (94.5%), t=4725
Worker 16: checkpoint 189000/200000 (94.5%), t=4725
Worker 4: checkpoint 188000/200000 (94.0%), t=4700
Worker 5: checkpoint 190000/200000 (95.0%), t=4750
Worker 7: checkpoint 189000/200000 (94.5%), t=4725
Worker 14: checkpoint 189000/200000 (94.5%), t=4725
Worker 15: checkpoint 189000/200000 (94.5%), t=4725
Worker 6: checkpoint 191000/200000 (95.5%), t=4775
Worker 2: checkpoint 184000/200000 (92.0%), t=4600
Worker 12: checkpoint 190000/200000 (95.0%), t=4750
Worker 10: checkpoint 191000/200000 (95.5%), t=4775
Worker 13: checkpoint 191000/200000 (95.5%), t=4775
Worker 9: checkpoint 188000/200000 (94.0%), t=4700
Worker 3: checkpoint 185000/200000 (92.5%), t=4625
Worker 8: checkpoint 192000/200000 (96.0%), t=4800
Worker 11: checkpoint 186000/200000 (93.0%), t=4650
Worker 1: checkpoint 190000/200000 (95.0%), t=4750
Worker 16: checkpoint 190000/200000 (95.0%), t=4750
Worker 4: checkpoint 189000/200000 (94.5%), t=4725
Worker 5: checkpoint 191000/200000 (95.5%), t=4775
Worker 7: checkpoint 190000/200000 (95.0%), t=4750
Worker 14: checkpoint 190000/200000 (95.0%), t=4750
Worker 6: checkpoint 192000/200000 (96.0%), t=4800
Worker 15: checkpoint 190000/200000 (95.0%), t=4750
Worker 2: checkpoint 185000/200000 (92.5%), t=4625
Worker 12: checkpoint 191000/200000 (95.5%), t=4775
Worker 10: checkpoint 192000/200000 (96.0%), t=4800
Worker 13: checkpoint 192000/200000 (96.0%), t=4800
Worker 9: checkpoint 189000/200000 (94.5%), t=4725
Worker 3: checkpoint 186000/200000 (93.0%), t=4650
Worker 8: checkpoint 193000/200000 (96.5%), t=4825
Worker 11: checkpoint 187000/200000 (93.5%), t=4675
Worker 1: checkpoint 191000/200000 (95.5%), t=4775
Worker 16: checkpoint 191000/200000 (95.5%), t=4775
Worker 4: checkpoint 190000/200000 (95.0%), t=4750
Worker 5: checkpoint 192000/200000 (96.0%), t=4800
Worker 7: checkpoint 191000/200000 (95.5%), t=4775
Worker 14: checkpoint 191000/200000 (95.5%), t=4775
Worker 6: checkpoint 193000/200000 (96.5%), t=4825
Worker 15: checkpoint 191000/200000 (95.5%), t=4775
Worker 2: checkpoint 186000/200000 (93.0%), t=4650
Worker 12: checkpoint 192000/200000 (96.0%), t=4800
Worker 10: checkpoint 193000/200000 (96.5%), t=4825
Worker 13: checkpoint 193000/200000 (96.5%), t=4825
Worker 9: checkpoint 190000/200000 (95.0%), t=4750
Worker 3: checkpoint 187000/200000 (93.5%), t=4675
Worker 8: checkpoint 194000/200000 (97.0%), t=4850
Worker 1: checkpoint 192000/200000 (96.0%), t=4800
Worker 11: checkpoint 188000/200000 (94.0%), t=4700
Worker 16: checkpoint 192000/200000 (96.0%), t=4800
Worker 4: checkpoint 191000/200000 (95.5%), t=4775
Worker 5: checkpoint 193000/200000 (96.5%), t=4825
Worker 7: checkpoint 192000/200000 (96.0%), t=4800
Worker 14: checkpoint 192000/200000 (96.0%), t=4800
Worker 6: checkpoint 194000/200000 (97.0%), t=4850
Worker 15: checkpoint 192000/200000 (96.0%), t=4800
Worker 2: checkpoint 187000/200000 (93.5%), t=4675
Worker 12: checkpoint 193000/200000 (96.5%), t=4825
Worker 10: checkpoint 194000/200000 (97.0%), t=4850
Worker 13: checkpoint 194000/200000 (97.0%), t=4850
Worker 9: checkpoint 191000/200000 (95.5%), t=4775
Worker 3: checkpoint 188000/200000 (94.0%), t=4700
Worker 8: checkpoint 195000/200000 (97.5%), t=4875
Worker 1: checkpoint 193000/200000 (96.5%), t=4825
Worker 11: checkpoint 189000/200000 (94.5%), t=4725
Worker 16: checkpoint 193000/200000 (96.5%), t=4825
Worker 5: checkpoint 194000/200000 (97.0%), t=4850
Worker 4: checkpoint 192000/200000 (96.0%), t=4800
Worker 7: checkpoint 193000/200000 (96.5%), t=4825
Worker 14: checkpoint 193000/200000 (96.5%), t=4825
Worker 6: checkpoint 195000/200000 (97.5%), t=4875
Worker 15: checkpoint 193000/200000 (96.5%), t=4825
Worker 2: checkpoint 188000/200000 (94.0%), t=4700
Worker 12: checkpoint 194000/200000 (97.0%), t=4850
Worker 10: checkpoint 195000/200000 (97.5%), t=4875
Worker 13: checkpoint 195000/200000 (97.5%), t=4875
Worker 3: checkpoint 189000/200000 (94.5%), t=4725
Worker 8: checkpoint 196000/200000 (98.0%), t=4900
Worker 9: checkpoint 192000/200000 (96.0%), t=4800
Worker 1: checkpoint 194000/200000 (97.0%), t=4850
Worker 11: checkpoint 190000/200000 (95.0%), t=4750
Worker 16: checkpoint 194000/200000 (97.0%), t=4850
Worker 5: checkpoint 195000/200000 (97.5%), t=4875
Worker 7: checkpoint 194000/200000 (97.0%), t=4850
Worker 4: checkpoint 193000/200000 (96.5%), t=4825
Worker 14: checkpoint 194000/200000 (97.0%), t=4850
Worker 6: checkpoint 196000/200000 (98.0%), t=4900
Worker 15: checkpoint 194000/200000 (97.0%), t=4850
Worker 12: checkpoint 195000/200000 (97.5%), t=4875
Worker 2: checkpoint 189000/200000 (94.5%), t=4725
Worker 10: checkpoint 196000/200000 (98.0%), t=4900
Worker 13: checkpoint 196000/200000 (98.0%), t=4900
Worker 8: checkpoint 197000/200000 (98.5%), t=4925
Worker 3: checkpoint 190000/200000 (95.0%), t=4750
Worker 9: checkpoint 193000/200000 (96.5%), t=4825
Worker 1: checkpoint 195000/200000 (97.5%), t=4875
Worker 16: checkpoint 195000/200000 (97.5%), t=4875
Worker 11: checkpoint 191000/200000 (95.5%), t=4775
Worker 5: checkpoint 196000/200000 (98.0%), t=4900
Worker 7: checkpoint 195000/200000 (97.5%), t=4875
Worker 4: checkpoint 194000/200000 (97.0%), t=4850
Worker 6: checkpoint 197000/200000 (98.5%), t=4925
Worker 14: checkpoint 195000/200000 (97.5%), t=4875
Worker 15: checkpoint 195000/200000 (97.5%), t=4875
Worker 12: checkpoint 196000/200000 (98.0%), t=4900
Worker 2: checkpoint 190000/200000 (95.0%), t=4750
Worker 10: checkpoint 197000/200000 (98.5%), t=4925
Worker 13: checkpoint 197000/200000 (98.5%), t=4925
Worker 8: checkpoint 198000/200000 (99.0%), t=4950
Worker 3: checkpoint 191000/200000 (95.5%), t=4775
Worker 1: checkpoint 196000/200000 (98.0%), t=4900
Worker 9: checkpoint 194000/200000 (97.0%), t=4850
Worker 16: checkpoint 196000/200000 (98.0%), t=4900
Worker 11: checkpoint 192000/200000 (96.0%), t=4800
Worker 5: checkpoint 197000/200000 (98.5%), t=4925
Worker 7: checkpoint 196000/200000 (98.0%), t=4900
Worker 6: checkpoint 198000/200000 (99.0%), t=4950
Worker 4: checkpoint 195000/200000 (97.5%), t=4875
Worker 14: checkpoint 196000/200000 (98.0%), t=4900
Worker 15: checkpoint 196000/200000 (98.0%), t=4900
Worker 12: checkpoint 197000/200000 (98.5%), t=4925
Worker 2: checkpoint 191000/200000 (95.5%), t=4775
Worker 10: checkpoint 198000/200000 (99.0%), t=4950
Worker 8: checkpoint 199000/200000 (99.5%), t=4975
Worker 13: checkpoint 198000/200000 (99.0%), t=4950
Worker 3: checkpoint 192000/200000 (96.0%), t=4800
Worker 1: checkpoint 197000/200000 (98.5%), t=4925
Worker 9: checkpoint 195000/200000 (97.5%), t=4875
Worker 16: checkpoint 197000/200000 (98.5%), t=4925
Worker 11: checkpoint 193000/200000 (96.5%), t=4825
Worker 5: checkpoint 198000/200000 (99.0%), t=4950
Worker 7: checkpoint 197000/200000 (98.5%), t=4925
Worker 6: checkpoint 199000/200000 (99.5%), t=4975
Worker 4: checkpoint 196000/200000 (98.0%), t=4900
Worker 14: checkpoint 197000/200000 (98.5%), t=4925
Worker 15: checkpoint 197000/200000 (98.5%), t=4925
Worker 12: checkpoint 198000/200000 (99.0%), t=4950
Worker 2: checkpoint 192000/200000 (96.0%), t=4800
Worker 10: checkpoint 199000/200000 (99.5%), t=4975
Worker 8: checkpoint 200000/200000 (100.0%), t=5000
Worker 8/16: PID 5896, 2 particles, 2931.34 s
Worker 13: checkpoint 199000/200000 (99.5%), t=4975
Worker 3: checkpoint 193000/200000 (96.5%), t=4825
Worker 1: checkpoint 198000/200000 (99.0%), t=4950
Worker 9: checkpoint 196000/200000 (98.0%), t=4900
Worker 16: checkpoint 198000/200000 (99.0%), t=4950
Worker 5: checkpoint 199000/200000 (99.5%), t=4975
Worker 7: checkpoint 198000/200000 (99.0%), t=4950
Worker 11: checkpoint 194000/200000 (97.0%), t=4850
Worker 6: checkpoint 200000/200000 (100.0%), t=5000
Worker 6/16: PID 5895, 2 particles, 2957.25 s
Worker 4: checkpoint 197000/200000 (98.5%), t=4925
Worker 14: checkpoint 198000/200000 (99.0%), t=4950
Worker 15: checkpoint 198000/200000 (99.0%), t=4950
Worker 12: checkpoint 199000/200000 (99.5%), t=4975
Worker 2: checkpoint 193000/200000 (96.5%), t=4825
Worker 10: checkpoint 200000/200000 (100.0%), t=5000
Worker 10/16: PID 5886, 1 particles, 2991.16 s
Worker 13: checkpoint 200000/200000 (100.0%), t=5000
Worker 13/16: PID 5890, 1 particles, 2992.30 s
Worker 3: checkpoint 194000/200000 (97.0%), t=4850
Worker 1: checkpoint 199000/200000 (99.5%), t=4975
Worker 9: checkpoint 197000/200000 (98.5%), t=4925
Worker 16: checkpoint 199000/200000 (99.5%), t=4975
Worker 5: checkpoint 200000/200000 (100.0%), t=5000
Worker 5/16: PID 5889, 2 particles, 3012.60 s
Worker 7: checkpoint 199000/200000 (99.5%), t=4975
Worker 11: checkpoint 195000/200000 (97.5%), t=4875
Worker 4: checkpoint 198000/200000 (99.0%), t=4950
Worker 14: checkpoint 199000/200000 (99.5%), t=4975
Worker 15: checkpoint 199000/200000 (99.5%), t=4975
Worker 12: checkpoint 200000/200000 (100.0%), t=5000
Worker 12/16: PID 5892, 1 particles, 3031.36 s
Worker 2: checkpoint 194000/200000 (97.0%), t=4850
Worker 3: checkpoint 195000/200000 (97.5%), t=4875
Worker 1: checkpoint 200000/200000 (100.0%), t=5000
Worker 1/16: PID 5887, 2 particles, 3053.87 s
Worker 16: checkpoint 200000/200000 (100.0%), t=5000
Worker 16/16: PID 5898, 1 particles, 3063.00 s
Worker 9: checkpoint 198000/200000 (99.0%), t=4950
Worker 7: checkpoint 200000/200000 (100.0%), t=5000
Worker 7/16: PID 5897, 2 particles, 3070.95 s
Worker 4: checkpoint 199000/200000 (99.5%), t=4975
Worker 11: checkpoint 196000/200000 (98.0%), t=4900
Worker 14: checkpoint 200000/200000 (100.0%), t=5000
Worker 14/16: PID 5884, 1 particles, 3074.50 s
Worker 15: checkpoint 200000/200000 (100.0%), t=5000
Worker 15/16: PID 5893, 1 particles, 3081.77 s
Worker 2: checkpoint 195000/200000 (97.5%), t=4875
Worker 3: checkpoint 196000/200000 (98.0%), t=4900
Worker 9: checkpoint 199000/200000 (99.5%), t=4975
Worker 4: checkpoint 200000/200000 (100.0%), t=5000
Worker 4/16: PID 5891, 2 particles, 3131.01 s
Worker 11: checkpoint 197000/200000 (98.5%), t=4925
Worker 2: checkpoint 196000/200000 (98.0%), t=4900
Worker 3: checkpoint 197000/200000 (98.5%), t=4925
Worker 9: checkpoint 200000/200000 (100.0%), t=5000
Worker 9/16: PID 5894, 1 particles, 3180.66 s
Worker 11: checkpoint 198000/200000 (99.0%), t=4950
Worker 2: checkpoint 197000/200000 (98.5%), t=4925
Worker 3: checkpoint 198000/200000 (99.0%), t=4950
Worker 11: checkpoint 199000/200000 (99.5%), t=4975
Worker 2: checkpoint 198000/200000 (99.0%), t=4950
Worker 3: checkpoint 199000/200000 (99.5%), t=4975
Worker 11: checkpoint 200000/200000 (100.0%), t=5000
Worker 11/16: PID 5888, 1 particles, 3309.90 s
Worker 2: checkpoint 199000/200000 (99.5%), t=4975
Worker 3: checkpoint 200000/200000 (100.0%), t=5000
Worker 3/16: PID 5885, 2 particles, 3341.10 s
Worker 2: checkpoint 200000/200000 (100.0%), t=5000
Worker 2/16: PID 5881, 2 particles, 3388.40 s
Complete: BM4Implicit, 24 particles, 5000 cycles, 200000 steps per particle.
Original particle IDs: [1, 3, 5, 7, 9, 11, 13, 15, 17, 19, 21, 23, 25, 27, 29, 31, 33, 35, 37, 39, 41, 43, 45, 47]
/home/ubuntu/poincare/Poincare_BM4Implicit_24_impares_5000_ciclos_40_steps_spot/resultados/aws_bm4implicit_24odd_5000c_40s_20260920

Success: /home/ubuntu/poincare/Poincare_BM4Implicit_24_impares_5000_ciclos_40_steps_spot/resultados/aws_bm4implicit_24odd_5000c_40s_20260920
