particle,q,rms_over_L,p95_over_L,max_over_L,first_half_rms,second_half_rms
1,1,0.019663416316899957,0.03092481464211636,0.03336737424109468,0.019658785304144458,0.019668046239243207
3,1,0.009779958980636404,0.014141927400785353,0.014836416696455093,0.009779000107545588,0.009780917759724016
1,2,0.03548387127098489,0.050000350760383755,0.05131660213652603,0.035476167741227825,0.03549270822183854
3,2,0.017425736313012235,0.023008299605468917,0.023777548706763296,0.017425546667527884,0.01742758949502816
1,3,0.04541146782035069,0.059002964909058674,0.05993702315263713,0.045407326264322666,0.045419044488688415
3,3,0.02147417176509677,0.027765964186246318,0.028453665509634588,0.021475339019951186,0.021476319720649038
1,4,0.04844018973884943,0.05966258807986969,0.060391373988299316,0.048442556485326735,0.048440872678746694
3,4,0.02126337495630916,0.02748513021654947,0.02844221457041317,0.021264469230797344,0.02126457979484719
1,5,0.04428656241666241,0.05804495237476826,0.059157597566854264,0.04429110986758329,0.044282749394307624
3,5,0.016826528549841617,0.02239729728301474,0.023222639900780596,0.016826174972349863,0.016827373200680767
1,6,0.03333836027953959,0.04769305860219875,0.049095496878174126,0.03334002024154067,0.03333592523239687
3,6,0.00890109607001362,0.013124601045652991,0.013820943352697252,0.00890035097894919,0.00890231912426874
1,7,0.01674533618930235,0.02670156702953234,0.027909170119449482,0.016744938388517868,0.016745415921357976
3,7,0.001079796849744333,0.0016420648435009188,0.0017880784242740968,0.0010795116797711133,0.0010796120306309689
1,8,0.0032850811344114893,0.005434787150903099,0.0058071307593212,0.00328332910992043,0.00328465876014122
3,8,0.010652421645577281,0.015116391720997017,0.01573733118627788,0.010651976455524499,0.010654075861775456
1,9,0.022489821475445034,0.03493073891648606,0.03778397213345138,0.02248295927820241,0.02249343376368128
3,9,0.017991744913838512,0.023503008610876706,0.024191022913743743,0.017992655540606424,0.017995105889323883
1,10,0.037479098962078274,0.0521618258061968,0.05362422774369102,0.037470310207232994,0.037486733979523804
3,10,0.021639462053435213,0.027861474145488094,0.028294222816192278,0.02164185749165482,0.021643455065799372
1,11,0.04636018823001376,0.059555053430760334,0.06056069352320756,0.04635643738513577,0.046365575106072955
3,11,0.02100533390772592,0.02729067150420927,0.028266607217777472,0.021007429340739486,0.021008455949003992
1,12,0.048255517033946906,0.05973622696789236,0.060537359581106696,0.04825860351939978,0.04825445026028927
3,12,0.016189111695342442,0.02167924711759603,0.022506492060640666,0.016189615612797633,0.016191851356384207
1,13,0.042987125409712945,0.057067764120098376,0.05810934573287616,0.04299192177546531,0.042983508683071055
3,13,0.00801361312376626,0.011973566183202321,0.01267620550188915,0.008013657029631277,0.008016359927688654
1,14,0.03105067756986668,0.04558693865059622,0.04655118226751789,0.031052931761938306,0.031049689046726614
3,14,0.0021449425719714432,0.003275601530582392,0.0035424838352319924,0.0021441837246382574,0.002144049585200909
1,15,0.013754758107544372,0.022102276678614044,0.02235058339049507,0.013755823276883667,0.013756938215297559
3,15,0.011513279275880268,0.016008055476120088,0.016525122870476725,0.011512949311915086,0.011514713224981604
1,16,0.006506423640037549,0.010622362748493782,0.011129599244014575,0.006503695381016068,0.006503359795685375
3,16,0.01852334686518582,0.023981135748101134,0.024462560961887196,0.018524879799787484,0.018527043739831054
1,17,0.025199378332360554,0.03855684399363989,0.041183348487641505,0.02519170482763375,0.02520060741181085
3,17,0.0217590719042714,0.027754813946916514,0.02799990093582773,0.021762206856139985,0.021763666425751102
1,18,0.03931353322170628,0.05396667003022507,0.054982418710696174,0.03930525347773192,0.039319053592376196
3,18,0.020699387930422357,0.02698001376055395,0.027925865992245148,0.020702011179283646,0.020703369605635707
1,19,0.047130867310593905,0.0597026881025269,0.06091304075046384,0.047128777694533976,0.04713408213426969
3,19,0.015511652532983061,0.020836068765256493,0.021644097750678822,0.015512630641485286,0.015515573767731692
1,20,0.04789224089577232,0.060035181711072104,0.060576245301684005,0.04789677689776589,0.047890470306425514
3,20,0.007113601893705716,0.010764768326991232,0.011423274350116395,0.007114352237898487,0.0071175697505603906
1,21,0.04152535156334589,0.055934157694392105,0.056719821375601415,0.041530629975199566,0.04152342156274632
3,21,0.003184472675179747,0.004874532987626783,0.005245971914894646,0.0031831300373913493,0.0031825236050540004
1,22,0.02863619483496122,0.04286459832218628,0.04443617925084509,0.028638688683063924,0.02863796051241626
3,22,0.012357043063371558,0.016891611558066504,0.01721726426505528,0.012356297317507595,0.012357417827230861
1,23,0.010704150717261366,0.017103547280990776,0.01754441268878536,0.010705870846536413,0.010708855809928825
3,23,0.019021674450598013,0.024613240824261674,0.02478385020492141,0.019023064826600232,0.019024493417736644
1,24,0.009647301257261636,0.015473617160175398,0.015944287320986506,0.009644079030467262,0.00964319685935849
3,24,0.021836055128721738,0.02748599373815239,0.02778656394606187,0.021839073907126975,0.021839889184264258
1,25,0.027780947734445754,0.04183549629477492,0.04372265446466288,0.027773376989487425,0.02778189685353722
3,25,0.02034806976822977,0.026478769800448214,0.027398640149789977,0.020350412327674455,0.0203516646608484
1,26,0.04098670766386867,0.055508359619633824,0.05620039377599107,0.040979689010625334,0.040992072558266215
3,26,0.014793923680635751,0.0199017783530109,0.02061443236987443,0.01479477328924538,0.014798045315429043
1,27,0.04772675805407841,0.06000401103991679,0.06060409319100737,0.047726538066967146,0.04772974326180937
3,27,0.006194920391198648,0.009450610183395507,0.010044262913555518,0.0061961389584243385,0.006199466508334926
1,28,0.04735515465607642,0.05984820773123883,0.06088635494113973,0.04736083865215119,0.047354063312486455
3,28,0.0041924734480839766,0.0064311049486260536,0.006884286576026663,0.004190485337200795,0.00418945406881668
1,29,0.039905736377235726,0.05452658047664974,0.05537034380549203,0.03991078816045294,0.03990572134374025
3,29,0.013177520240202963,0.017893151251488444,0.018061652381378034,0.013175943232924966,0.013176382860778614
1,30,0.02609728179419232,0.03969102501017727,0.04209382969980923,0.026098914069793876,0.026100926406537283
3,30,0.019486789040692162,0.02518114816935924,0.025777773161486918,0.019487340774269675,0.01948790060264536
1,31,0.00758821340704417,0.012316150143836517,0.012849058008666633,0.007589514027550038,0.007593546034670207
3,31,0.021873445274328898,0.027137280558886184,0.027484367693533452,0.02187551637983739,0.0218755126893624
1,32,0.012718469728067556,0.020330683303434547,0.020642810210379895,0.01271523939773513,0.012716159112904836
3,32,0.0199550852434864,0.0259174084855443,0.026714857757037313,0.019956372775324322,0.019957301554569137
1,33,0.0302372681241416,0.0447299745314097,0.045830870397473876,0.030230004377860976,0.030240665651687634
3,33,0.014037679567076054,0.01889523357398296,0.019453161176940226,0.014037827687785968,0.014041112954596114
1,34,0.042502392845154544,0.056688830420033094,0.057644789101748556,0.04249639412607008,0.04250955480841874
3,34,0.0052511741433342324,0.008044058445232056,0.008576995408557253,0.005252509787726458,0.0052555700911929735
1,35,0.04815001049634843,0.05984245815109884,0.0605151999118654,0.04815067542233687,0.04815394226208936
3,35,0.005167924137624335,0.007911949355643598,0.00844976820843492,0.005165379713441272,0.005164166971910382
1,36,0.046644778195743176,0.059586873204923854,0.060763741144065894,0.04665000028915062,0.04664451237433745
3,36,0.01396897047952233,0.018804669194518925,0.019349053227576747,0.013966480812291663,0.01396636854818198
1,37,0.03812661211836143,0.05280525283620229,0.05421514542474633,0.03812973724625436,0.03812749073299404
3,37,0.0199175089420353,0.025855068564364998,0.026648502599380588,0.019916934602155597,0.019916656569912795
1,38,0.02343106400413716,0.036150784537766184,0.03908173277894752,0.023430403446002147,0.023434795454784926
3,38,0.02187333987328636,0.02713240222179819,0.027455083699238186,0.021874055636196384,0.0218732064594579
1,39,0.004394904639496102,0.007250140413631533,0.007674234961483917,0.004394925404839987,0.004398747089183657
3,39,0.019524376575389246,0.02523775569505908,0.025850174416737415,0.019524232319302493,0.019524699925289598
1,40,0.015729285789345845,0.02524108160839563,0.0259332367739172,0.015726363987588924,0.01573011366746153
3,40,0.01324656091095831,0.017960311600524914,0.018171700344689647,0.013245711566550923,0.013248715948144989
1,41,0.03256879404558624,0.04695811240863337,0.04826442601392458,0.03256189158455732,0.032575135281509245
3,41,0.004277189690958139,0.006566120602886918,0.007014662644192026,0.004278331967587878,0.004280805000733779
1,42,0.04385853495990139,0.0577148649560349,0.0587959098878325,0.043853483071830665,0.0438668399716308
3,42,0.00611357424906443,0.009319002001729589,0.009932769343570166,0.006110739330184554,0.006109670088810844
1,43,0.04839703283802911,0.05949728932531714,0.060463245780138515,0.048398233280224696,0.04840040815499071
3,43,0.014726763833196908,0.01980784823890642,0.020528408667504393,0.01472366411495894,0.014723211581861167
1,44,0.04575769776210434,0.05921633039903021,0.06011350143658451,0.04576201897095141,0.04575626959245811
3,44,0.02031154580600491,0.026420590994319336,0.02735126928906739,0.02031007764767993,0.020309070030167745
1,45,0.03618610030639256,0.05080846596606095,0.05216668201987676,0.0361872982036843,0.0361856052756048
3,45,0.021836396366767444,0.02745792065947305,0.027766264357482844,0.021835919382402202,0.021834264420994388
1,46,0.020642626527428782,0.032313071802627755,0.03503136986014763,0.020640174196206035,0.020644419464341007
3,46,0.019059369962866186,0.024636585579865606,0.024870873280792155,0.01905794135344496,0.01905786355727294
1,47,0.0011281884539871493,0.0018772774117017013,0.0020135440565606584,0.0011273848008108976,0.0011293963273925408
3,47,0.01242586599305672,0.016967712860963304,0.01727039263422157,0.012424100668652906,0.012426574686455544
1,48,0.018674176473475794,0.029519279699759562,0.0315637346779549,0.018670643128650313,0.018677813498093783
3,48,0.0032703132422053616,0.00500576656371278,0.005381829222876913,0.003271077805033386,0.0032727693207205664
1,49,0.03476565739757136,0.04916230373613341,0.050601463195565945,0.034758577621547646,0.03477381967309537
3,49,0.00703461244033983,0.01065404115898007,0.01131164168775679,0.007031846513134129,0.007031286445943858
1,50,0.04504558927118031,0.05875947700790087,0.059710393127058906,0.04504146954227111,0.04505323654606061
3,50,0.015447669214362737,0.020747741078531324,0.02156383268957405,0.015444529644907364,0.01544408193399036
1,51,0.04846078101384703,0.05977886098075948,0.06019548259548574,0.04846297569046961,0.048461865931196314
3,51,0.02066582206016834,0.02693712386249922,0.027888756669093868,0.020664089791318053,0.020662663859866114
1,52,0.044691554677232556,0.058423249302436406,0.059455944337202665,0.044695978709405684,0.044687926565271194
3,52,0.021761642745406602,0.027737214715023883,0.027968643123017,0.02176059994338146,0.021758389931615676
1,53,0.03408924223542771,0.048425138974976384,0.04990464687398818,0.034090414828653895,0.034086921576157635
3,53,0.01856234112939997,0.024016579143587156,0.02447958598499242,0.018560225405294395,0.018559692827333937
1,54,0.017752604394373487,0.028217375674727534,0.029844411839755156,0.017751039777869668,0.01775282333138682
3,54,0.011582081556168494,0.016075199059778746,0.016586411832497348,0.011579834610093192,0.011581669583614063
1,55,0.002166785275045281,0.003591024759474934,0.00385712536160934,0.002166305131307225,0.0021664570225579725
3,55,0.0022316661600618377,0.003412426944570432,0.0036869528090360103,0.0022320194962530404,0.0022329415842436405
1,56,0.02153503096110254,0.033472722732182644,0.03639199616581063,0.021529393800258145,0.02153889918327674
3,56,0.007937301601325704,0.011875124591256923,0.012583122710111564,0.007934934491636209,0.007935217192540533
1,57,0.036814199101079755,0.051481910189406156,0.052920450845740846,0.036805988290509815,0.03682220931952369
3,57,0.016129914363019214,0.02160648924418686,0.022444117513332577,0.016127348822837048,0.016127418881524472
1,58,0.046055441162597854,0.05943094843763246,0.06035008623434105,0.04605165524416274,0.04606147409511158
3,58,0.02097691885519417,0.02726211503642618,0.02824531149140436,0.020975662192971985,0.020974453138187295
1,59,0.048338678414589165,0.059624843668310265,0.06049992441242027,0.04834159229582623,0.04833794390880805
3,59,0.021646571709391316,0.027857219510324223,0.028276117720331447,0.021645742206941102,0.021643593875716845
1,60,0.04344989096806883,0.057399958392148,0.05848581201429555,0.04345453080335579,0.04344592606949816
3,60,0.01803387771719063,0.02353867733416705,0.02421868110064917,0.018031850296444385,0.01803126129867923
1,61,0.031847553478373196,0.04633239136857576,0.0474647632497663,0.03184927512765347,0.031845967974707824
3,61,0.01072195077886743,0.015188111930899218,0.015806357797101562,0.010719818828416671,0.010721171144442609
1,62,0.014784415768841092,0.02381222232597415,0.02413844564735078,0.014784487945706052,0.014786021879846276
3,62,0.0011671728599922215,0.001775299662717152,0.0019326876967427104,0.0011672441297133484,0.0011675466678876876
1,63,0.005413816306357974,0.00888401826899387,0.009323380682444477,0.005411925770104193,0.00541129608235454
3,63,0.008827479116093925,0.01303665956108003,0.013729640997568831,0.008825728070590778,0.008826985292593152
1,64,0.024286787708780858,0.03736559051513987,0.04017215343738994,0.02427966936926247,0.02428851673933853
3,64,0.01677316340751113,0.02234046151611165,0.023168975581227904,0.016771624376937407,0.016772680083773698
1,65,0.038704162019254654,0.05340038284890799,0.05460408029979851,0.03869580021364155,0.038710259144661696
3,65,0.021241802605416804,0.027474311410456708,0.028434113551440033,0.021241588353272053,0.021241313604948894
1,66,0.04688680251016772,0.059618590349628485,0.06086135570192516,0.04688416904677954,0.04689065682725561
3,66,0.02148778173920924,0.02778054142217993,0.028446897730101544,0.021487766375151048,0.021486459004169668
1,67,0.048035857380495706,0.05999142351380255,0.06052804105004949,0.048039878034287484,0.048034258446566155
3,67,0.01747275449412911,0.023049610230822578,0.023815781261963313,0.017471426366080522,0.017471401741304488
1,68,0.04204280748247784,0.05631474304939186,0.05720549419132807,0.042047796716376526,0.042040402363895564
3,68,0.009851099002911975,0.014227045953518312,0.014912983447488223,0.009849557638424381,0.009850880934782395
1,69,0.029475626542225405,0.043884882856687187,0.04514849376945813,0.029477741789819097,0.029476792115560545
3,69,8.769415613310168e-05,0.00013210012962374217,0.0001515769617454045,8.774386300043482e-05,8.763681930252356e-05
1,70,0.011754135016814778,0.01876035516118393,0.01914603996281759,0.011755178381746464,0.011758539666020902
3,70,0.009708944344312605,0.01406772912547929,0.014760406163043574,0.009707879168342913,0.0097098955866202
1,71,0.00858177817346146,0.013842108792071942,0.014344973425081143,0.008579303537947735,0.008577317962698274
3,71,0.017378363308214632,0.02296417993483038,0.0237386713189761,0.01737806348321342,0.01738013685461377
1,72,0.02691230706708872,0.04079272343499422,0.04290341066162004,0.026905145300206573,0.026912758820837913
3,72,0.021458730827488098,0.02775179182539125,0.02845909200651502,0.021459845993182472,0.021460753687282997
1,73,0.04043217755637192,0.05503620495568804,0.055757107017563964,0.040425090049634106,0.040437229951200956
3,73,0.021282158756870822,0.02750252003320168,0.02844907816299169,0.021283250028456477,0.021283195025308246
1,74,0.047542161741363866,0.05992824363252521,0.06075575750936064,0.04754170068523819,0.04754498861821267
3,74,0.01687646862979084,0.02244253027880094,0.023275121399794964,0.016876114398132504,0.01687714310970921
1,75,0.04755798662330771,0.05993289925867546,0.060743633273896744,0.04756367664723695,0.04755659471897716
3,75,0.008972579972601018,0.01321517149693385,0.01391133142048366,0.008971837247587164,0.008973674858678718
1,76,0.04047717290840318,0.05507297337911749,0.05579334944322476,0.04048251766090115,0.04047673844860385
3,76,0.0009927388419637062,0.0015093316280510487,0.001650142698337734,0.0009924111224002986,0.0009926559694660288
1,77,0.026979588387142903,0.04087138666021504,0.04297089640085524,0.02698142323804638,0.026983122189706436
3,77,0.010582167928557405,0.01504632457948254,0.015667861092556093,0.010581652006563434,0.010583912233754338
1,78,0.008661911275722094,0.013974982248710233,0.014479006233487097,0.008662997777124048,0.00866774711967116
3,78,0.01794723964360325,0.023462488007594588,0.024162289658608973,0.017948100109327583,0.017950656595749317
1,79,0.011675256429063738,0.018644563366093814,0.019012999253682866,0.011672516803040855,0.01167173250032954
3,79,0.021627842395001037,0.027861316377694536,0.02831170945163186,0.02163025415247015,0.021631858362180695
1,80,0.029411082726815908,0.043820543890275225,0.045083167805250096,0.02940415228055163,0.029413287813867952
3,80,0.021028068645904896,0.027298475321981604,0.028286864958216768,0.02103022902837708,0.021031156713881772
1,81,0.042001619371501486,0.056289578533276284,0.057164671825753605,0.04199567252313414,0.0420081468482883
3,81,0.016242245144627868,0.02175044876982306,0.022568448159762864,0.016242812087800255,0.016244918962770402
1,82,0.04802467685973137,0.059992678582202495,0.06053299763611988,0.04802547436078253,0.048028500343135536
3,82,0.008085901907633237,0.012073253495752863,0.012769089743952203,0.008085988103180298,0.008088576586405705
1,83,0.04690729012395177,0.05962297182337715,0.06086697887682965,0.04691306569138317,0.0469071559820636
3,83,0.0020595326865981093,0.00314611210823851,0.003403175618722504,0.0020587192393231447,0.0020587582489902936
1,84,0.03875311804387618,0.0534452686198104,0.05463393814105622,0.03875704837439592,0.03875432738865568
3,84,0.011444145074538743,0.015934422892612755,0.016463672724426528,0.011443779262836908,0.011445740342457182
1,85,0.024357114844661628,0.03747480997708955,0.04026503525034999,0.02435703544537797,0.024361577683052152
3,85,0.018481571285255762,0.023942482554908204,0.024444852673197067,0.018483120988840324,0.01848543969669512
1,86,0.00549601928050783,0.009009116736354439,0.009479620528591345,0.005496042218199373,0.005501069699738071
3,86,0.021751045368738023,0.027770165779219175,0.028030209036219594,0.021754275896896047,0.021755796846871456
1,87,0.014706519101413382,0.023692177825719554,0.02399049991230541,0.014704062709624842,0.014705953635543997
3,87,0.020725934771830212,0.027021216988661147,0.027961416338026294,0.02072870029771678,0.020730013262006387
1,88,0.03178594466260572,0.046281597271328356,0.04738975208672001,0.031779413951983346,0.03179137472753575
3,88,0.015568070548967923,0.020903437114822253,0.021723144990006358,0.01556917912077377,0.015572040235479227
1,89,0.043413214082707194,0.057375824046381724,0.05845675921842082,0.043408270943498084,0.043421584240583434
3,89,0.0071871259994885665,0.010867122062973437,0.011534007565948943,0.00718796158536404,0.0071911032834055585
1,90,0.048332804155040085,0.05963932332788595,0.060504876100540055,0.04833423274934316,0.04833696970579456
3,90,0.0031014193477638704,0.004744481527848959,0.005114614429493753,0.003100002660769883,0.0030995695281097156
1,91,0.04608114481973494,0.05944954949764186,0.06036586223399546,0.04608606534692719,0.046080768393085524
3,91,0.012289510554591066,0.0168140770632379,0.017165564996604488,0.01228874396363608,0.012290064336944248
1,92,0.03686770297776166,0.05155073313486289,0.052984289442230915,0.03686951984692735,0.03686844116489226
3,92,0.018982560937483815,0.024579800800082447,0.024698976647218207,0.01898401481609913,0.018985603868693347
1,93,0.021608914424614288,0.03360317243887126,0.03651428835443333,0.02160664068467943,0.02161213857724548
3,93,0.02183134736057606,0.02751446380388499,0.027805668233766487,0.02183452242839782,0.021835406941372083
1,94,0.002251857588376946,0.003725803159997479,0.00400136890125286,0.0022507439281384363,0.002254472661725168
3,94,0.020378153934827333,0.026526180360939185,0.027445356472750638,0.020380696880075183,0.02038192204232808
1,95,0.017675533322485944,0.028089100273576736,0.02968511710562005,0.017672925484480257,0.017678089072510613
3,95,0.014853560251382188,0.019983211619992614,0.020700419056108265,0.014854589887160218,0.014857810862774469
1,96,0.034030501357065056,0.04836284483948557,0.04983745021941363,0.034024121284925955,0.03403821789417858
3,96,0.006270201494245543,0.009556683236974832,0.010156886744353772,0.0062715487670036915,0.006274830187878826
1,97,0.04465940306731536,0.05839935849733722,0.05943187527522388,0.04465556945602019,0.044667651210249106
3,97,0.004112063172152832,0.0063078314393682,0.0067570814567148646,0.004109974627369552,0.004109091958877221
1,98,0.048460035548067694,0.05977894767092561,0.06021234780586368,0.04846243850831001,0.048462310286876
3,98,0.01311208231228484,0.01783166448428362,0.017951182582508097,0.013110466047778843,0.013111083250586122
1,99,0.04507634267919699,0.05878394541540957,0.059734015933031834,0.04508106891128896,0.045073841350477886
3,99,0.019450372051643173,0.0251230459098936,0.025704889666645747,0.019450987830337454,0.019451684536703314
1,100,0.03482338302440348,0.04922881649132246,0.05066502716218152,0.034824490436374075,0.03482209005128144
3,100,0.02187182716820355,0.02715544289681557,0.027512744667894985,0.021874064016381194,0.021874107493237892
1,101,0.018750800825618075,0.029648556299485068,0.0317132541077777,0.018748430738678983,0.018751912760071078
3,101,0.0199883770157435,0.02597422120475815,0.026779747637800146,0.01998987240833875,0.019990770528008
1,102,0.001042494409144488,0.001731450721542366,0.0018691605614593184,0.0010430895188639083,0.0010417660093853388
3,102,0.014100311153028686,0.018975027796157534,0.019556596689714444,0.01410064970345091,0.01410390009206127
1,103,0.020567735944700637,0.03222781036047608,0.03490180483961297,0.02056331618860492,0.020571770186599513
3,103,0.005328696165390359,0.00815654793087758,0.008704310564270483,0.005330191425172594,0.005333217345503939
1,104,0.0361312199067201,0.05075451353553805,0.05209788837175065,0.03612376566296922,0.03613979063970195
3,104,0.005090085422264595,0.007796543947114119,0.008324680704869296,0.005087405789099623,0.005086312124833566
1,105,0.04573043046653637,0.05920639107135199,0.060085208562686884,0.04572689445454795,0.045737561289776345
3,105,0.013906058984808817,0.018722194913159212,0.01924510135360227,0.01390348061069757,0.013903515414938273
1,106,0.04840137498578174,0.05947948850511274,0.06045868288221022,0.04840441853424311,0.04840165064512316
3,106,0.01988392986654604,0.025812376908189282,0.026580935868563072,0.019883372181111043,0.019883197520765065
1,107,0.04389394528365457,0.05773512250682374,0.05882702260502967,0.04389874273201837,0.043890411530264524
3,107,0.021874690673345108,0.02713992502396286,0.027424978486644158,0.021875525614394035,0.02187469182376673
1,108,0.032629717752556,0.04701697415673757,0.0483281313043388,0.03263121733090116,0.03262827118789357
3,108,0.019560564976009897,0.025291225610168982,0.025922484759328786,0.019560582167895236,0.019561006467711906
1,109,0.015807142573337787,0.025362112236679255,0.026099544393933753,0.01580648297896986,0.015808700571782953
3,109,0.013311823115790464,0.018029297631163815,0.018280947365778837,0.013311133074735467,0.013314107722638557
1,110,0.004311622188277472,0.007118725672027547,0.007548890545493284,0.004310392842960957,0.004309458688233625
3,110,0.004357290546907068,0.006689689279852631,0.007146683514616954,0.004358602572291425,0.0043610354044216655
1,111,0.023359588812884798,0.03603284172511688,0.038998790386083,0.02335300170316811,0.023361881343993255
3,111,0.006037981262018781,0.009211487156352526,0.00982124707120384,0.006034977420123916,0.006034002524807322
1,112,0.038076313598212355,0.05276548121309767,0.054169927571795985,0.03806797032750428,0.03808318336599784
3,112,0.014666710855079394,0.01973239539781443,0.020441888243601877,0.014663461056211897,0.014663121760444237
1,113,0.04662278500853029,0.0595964348140799,0.060750273443831423,0.046619822918323096,0.04662758635094161
3,113,0.020281032290604902,0.026376216863342086,0.02730305286328024,0.020279508292426127,0.020278562552591674
1,114,0.04815968286985059,0.05983968481203887,0.06051921341871931,0.04816349056888452,0.04815858244206637
3,114,0.0218407302412425,0.02742877835553948,0.027744874220660437,0.02184029298279709,0.02183861210759764
1,115,0.042542363550510436,0.05671673548682359,0.057686386959152514,0.04254736994382243,0.0425397691898134
3,115,0.019098217573638332,0.024660192668025584,0.02495786441161895,0.019096870862436433,0.0190967254937808
1,116,0.030301051432122764,0.04479077757214875,0.045894718920843694,0.03030305664927681,0.03030184871114486
3,116,0.012493278629023906,0.01705157027421169,0.01732517588127489,0.012491613284158567,0.012494047956446132
1,117,0.01279717838543777,0.020473937650424715,0.020767705277133366,0.012797813593373602,0.012801414838128529
3,117,0.0033530829462924735,0.005129105264092378,0.005520209858819188,0.00335400948348519,0.0033556326462614848
1,118,0.007507467908907448,0.012186355522294624,0.012727391702770933,0.007505456955758566,0.0075026732363410705
3,118,0.006960791752499804,0.010550064188893421,0.011199442434710079,0.006957835853274861,0.006957355624459466
1,119,0.02602904935034703,0.03961850309203368,0.04203062371765502,0.026022022581403157,0.026029147584358803
3,119,0.015390692223799497,0.020672237302419308,0.021482595193891174,0.015387354392520914,0.01538698073970379
1,120,0.039859532602345114,0.05449162885020701,0.055331306019273295,0.039852124619961876,0.03986447275400709
3,120,0.020638656463782906,0.02690038221160644,0.027850296549127664,0.020636804951289882,0.020635382698141313
1,121,0.04733790488097344,0.059838459083670685,0.06089281871082428,0.047336978958221865,0.047340801584598184
3,121,0.021769113622530454,0.02772072986428558,0.02793687363308998,0.02176803578163954,0.021765738483621774
1,122,0.04774120356622526,0.060009724866779086,0.06059809911907227,0.04774672478794487,0.047739695249283065
3,122,0.018603732500251848,0.024062627380228862,0.024495786127851662,0.01860161935767408,0.01860097603661367
1,123,0.041030634399333195,0.05553729489390318,0.056242929296437254,0.04103618273939651,0.04102990270852106
3,123,0.011651101032217615,0.016142888840630625,0.016647158920662965,0.011648889919861719,0.011650656693897312
1,124,0.02784750063042929,0.04190587656272358,0.04378969149194252,0.027849575862281106,0.02785102088218913
3,124,0.0023168478404104764,0.003544541989923802,0.003831864637096851,0.0023173429256138243,0.002318151935012706
1,125,0.009727162198404289,0.015608218275240957,0.016085348563470624,0.00972823205781661,0.00973358191778396
3,125,0.007864744449217613,0.011769703944679433,0.012489282597260655,0.007862185841789377,0.00786255395698473
1,126,0.01062473560565087,0.016985391372446687,0.017419599261882288,0.010622219950717804,0.010619805933963741
3,126,0.016076111839503138,0.021546850386804196,0.02238119228794965,0.016073333088534345,0.01607344424236086
1,127,0.028570558110414614,0.04279258643095792,0.0443891635964762,0.028563616408331424,0.028571364295514934
3,127,0.020953387735157526,0.02723097086991465,0.02822322785227542,0.02095198662851489,0.02095071918016471
1,128,0.04148267829515313,0.055900342354470056,0.05667591033476627,0.041476431325128786,0.04148831287916702
3,128,0.021657442591201177,0.0278580495721241,0.02825733136678773,0.021656542519206654,0.021654236416085278
1,129,0.04787930536379307,0.06003487746613318,0.06057881150354373,0.04787993370680925,0.04788268981253863
3,129,0.018077847657216917,0.023568960877171162,0.024245177710014002,0.018075778357231134,0.01807502240358789
1,130,0.047149654341864876,0.05971645072333458,0.0609137275208275,0.047155781844963864,0.04714928715868557
3,130,0.01079206133923159,0.015265548910077269,0.015874541623583923,0.010789924796678955,0.01079116119946858
1,131,0.03936108273504782,0.05400987009983881,0.05501557276093568,0.03936577051172313,0.03936233151737074
3,131,0.0012541032780987583,0.0019054717416055976,0.002080533298135792,0.001254290089242874,0.0012544335849158893
1,132,0.02526866148932967,0.038609978441991676,0.04126363276830364,0.02526929505472878,0.02527374701280105
3,132,0.00875576783901999,0.012949829930683334,0.013637700029301099,0.008753841132566326,0.008755218922841493
1,133,0.006587888898677079,0.010756654995300263,0.011272040681165992,0.006588184499995068,0.00659428215672014
3,133,0.01672251551439772,0.02228009573811781,0.02311430822849348,0.016720784450842983,0.016721881676617187
1,134,0.013676384914721314,0.02195407074071798,0.02223443695393046,0.013673976573029255,0.013673974917765832
3,134,0.021222122423257408,0.027472750398585544,0.028424923291938835,0.021221783966616455,0.02122142355312677
1,135,0.030987861824214803,0.045522563828075166,0.0464860470200606,0.030981227073711273,0.030991733595292555
3,135,0.02150234384806023,0.027797271651932007,0.02843880768091422,0.021502272378940743,0.02150076548217599
1,136,0.04294863622638205,0.057030676816653005,0.05807185659480663,0.042943351762877335,0.04295632200856142
3,136,0.017519469636818392,0.023098893440152868,0.02385328664297981,0.017518106173666715,0.017517870103776326
1,137,0.048247575181990986,0.059745861788605414,0.06053918743641163,0.048248886014258904,0.048251794698630765
3,137,0.009921929828073666,0.014301746059379842,0.014989717092372665,0.009920383782268885,0.009921538246879507
1,138,0.04638390751322439,0.05957185887574172,0.06058060310128768,0.0463892327856458,0.046383970814444044
3,138,0.0001753744562052196,0.00026395371769720374,0.0003028101644746146,0.00017551763244313915,0.00017520986092500024
1,139,0.03753095271501013,0.052201088964492416,0.053672663184171694,0.0375334018556902,0.03753250171097587
3,139,0.009637880706719991,0.013980264335418555,0.014684420715614994,0.009636668111701236,0.00963886593975684
1,140,0.022562551094687706,0.03504905705019315,0.03789922948817041,0.022560709497676735,0.022567072410949938
3,140,0.01733075380739709,0.02292012924077781,0.02369918178972696,0.017330307896163202,0.017332474646817465
1,141,0.003369404825935002,0.005582438644321981,0.005975040387769333,0.0033683487406136548,0.0033737245783116393
3,141,0.02144297563329633,0.027733541984391867,0.028463189798238565,0.0214440171351497,0.02144488051551454
1,142,0.01666772025195509,0.026588040857234766,0.02777074385279839,0.016665450647612844,0.016668635004023824
3,142,0.021300622552280733,0.02753277955470971,0.02845478678429755,0.02130170593297922,0.02130147556141618
1,143,0.0332783510792768,0.04763442379752844,0.04903361318504447,0.033271966708768995,0.03328498629076086
3,143,0.016926157898801007,0.022499046228874223,0.02332635715530233,0.01692581274710215,0.01692663005662246
1,144,0.04425261165949814,0.05801627102113083,0.05912848764798746,0.044248312713436884,0.04426084859265829
3,144,0.009044010771812827,0.01330633169440974,0.014000502062988581,0.009043293165777393,0.009044934893432133
1,145,0.04843750298542208,0.059644446749316564,0.0604016574606072,0.04843945432003654,0.04844042873764174
3,145,0.0009056002891543105,0.0013779592413869616,0.0015122959469963805,0.0009051913110825352,0.0009056709891894123
1,146,0.04544040405247943,0.059027019746505406,0.05995102066590294,0.0454449703765806,0.045438665200499724
3,146,0.010511845439337248,0.014973239870638567,0.015598234898915236,0.01051122051231394,0.010513723871260025
1,147,0.03554019905243887,0.050063083944562145,0.05138170290537792,0.035541048604089825,0.035539813375458425
3,147,0.017902511030132334,0.023424566768452813,0.024132595271930485,0.017903289340896855,0.017906013289479248
1,148,0.019739284292631342,0.03099789951238603,0.033505554850709704,0.01973622079201123,0.019741479189310424
3,148,0.021615922864099368,0.027858996734642105,0.028328607991472136,0.021618333106455685,0.021619971373238817
1,149,8.640325455147561e-05,0.0001413811550082722,0.00017731086150400834,8.501824055430226e-05,8.807141815276273e-05
3,149,0.021050487744502355,0.027323467360620492,0.028305999229020752,0.02105271118308536,0.021053529485728396
1,150,0.01958846634463715,0.030795099729506635,0.03324584285694021,0.019584932655271513,0.019591867020842663
3,150,0.016295115309123528,0.021806245458416224,0.022630096256033922,0.016295757113100138,0.016297693020884737
1,151,0.03542978537926286,0.04993606884198818,0.05125385382675531,0.03542267733282955,0.035437979703002616
3,151,0.008158111482390222,0.012163792541049009,0.01286287297696816,0.008158262840130704,0.008160672335034296
1,152,0.04538429527787175,0.058983870631658754,0.05992288692094298,0.04538053058392965,0.04539164308735647
3,152,0.001973961710369223,0.0030127061744979204,0.00326710489225675,0.0019730581522599214,0.0019733569134098477
1,153,0.0484424754991994,0.05968059803716772,0.06037877379842247,0.048445179386383486,0.04844305937820142
3,153,0.011374906828878116,0.01586301023626098,0.0164024938637785,0.011374471495472788,0.011376710896628367
1,154,0.04431810800780768,0.05806946667051669,0.05918675690174761,0.04432271187530043,0.04431449209738524
3,154,0.018439582063256296,0.023904901862390204,0.0244265224224976,0.018441122486572727,0.01844365657218268
1,155,0.033396123560433824,0.047743520305361394,0.04916303853240846,0.03339718862441993,0.033394499074478744
3,155,0.021742741309244973,0.02778343727895507,0.02805951984891865,0.021746055497730437,0.021747665654280234
1,156,0.016822324336375184,0.026825522527318145,0.028077176223679175,0.01682075503174078,0.01682376388175455
3,156,0.020752184275101376,0.027049245135968902,0.027995504661758888,0.020755095447355473,0.020756353673996232
1,157,0.003200253142119077,0.005278266843099451,0.005650906860781819,0.0031998410977930065,0.0031982988261058205
3,157,0.015624224470306524,0.020977259371297057,0.021800743077554988,0.01562547949777652,0.01562821802142318
1,158,0.022417642472225198,0.034852009199231655,0.03768474050193333,0.022411700654392724,0.022420147103737888
3,158,0.0072605313615010745,0.010969810432913731,0.011643503072242408,0.007261475957944563,0.007264480311466194
1,159,0.03742912503622702,0.05209720099322619,0.053578332139245205,0.03742078561641371,0.03743621097952965
3,159,0.0030181618224080406,0.004616056225723128,0.004983895768680065,0.003016638004264913,0.003016460647364621
1,160,0.04633766131027728,0.0595380398456562,0.06054323711065756,0.046334224475734945,0.04634279872833426
3,160,0.012221833171642894,0.01673963466038406,0.017113979178858697,0.012221017268029263,0.01222261558042523
1,161,0.0482625155682281,0.059733868195018774,0.06053426050740229,0.04826591101922228,0.048261290427550965
3,161,0.018943235987381214,0.02453784921514561,0.02461762235659212,0.018944734630425227,0.018946541909649523
1,162,0.04302298506856567,0.057088489988526746,0.05814568529619248,0.043027788930924196,0.04301956933374019
3,162,0.021826384303689685,0.027540768361145027,0.027823482623696653,0.021829711420396025,0.021830691276188842
1,163,0.031111824298067907,0.04563691413479117,0.04662204522024164,0.03111345990309273,0.031111676193819982
3,163,0.020407967042495284,0.0265631135115653,0.02749152744010071,0.020410720638632498,0.020411909105574638
1,164,0.013833346007878727,0.022248595928863493,0.02249765509905145,0.013833323496271309,0.01383693560657914
3,164,0.014912945065684427,0.02006330469536022,0.020786560253350468,0.014914175833841133,0.01491730662332322
1,165,0.006423665857625147,0.010496902320653987,0.01100953060418516,0.006422139425035767,0.0064190055134459145
3,165,0.00634532219639519,0.009664214914354156,0.010270783504687742,0.006346823760747092,0.006350001075090835
1,166,0.025130449030918205,0.0384244951708622,0.04111108089290398,0.02512349729325331,0.025130478474543954
3,166,0.0040314389868305826,0.00618407706211578,0.006630754272381133,0.00402921933566433,0.004028561469780744
1,167,0.03926775845016211,0.05392884960809675,0.054952980339847156,0.03925979980312763,0.039272653748599944
3,167,0.013046460536300902,0.017767872822788834,0.01784653504009885,0.013044780506791809,0.013045648038734994
1,168,0.04711291623986965,0.059701358161504216,0.06091220532846778,0.04711111177594135,0.04711579515794194
3,168,0.019413736367982444,0.025068482359476573,0.025631151216121327,0.0194144032837228,0.01941528946813306
1,169,0.047903806969794904,0.06003592627610871,0.0605722251650816,0.047908655454425374,0.04790188998555994
3,169,0.02186996880929701,0.027179715176119352,0.027540208548129896,0.021872373412805377,0.021872486059620125
1,170,0.041565352134016055,0.05596280427445108,0.05676209951597925,0.04157062717418971,0.041563793310733614
3,170,0.020021424868800788,0.02601997201120256,0.026843083901688138,0.0200231437860033,0.020023999928157645
1,171,0.02870057778058321,0.04292913818926159,0.044492946561548855,0.02870247977123862,0.028703422485529696
3,171,0.014162715149208539,0.019057281222010048,0.019658836089123038,0.014163269087294985,0.014166446278102218
1,172,0.010784331142467964,0.017225433290211555,0.01768418697916659,0.010785069006269413,0.010790674505298947
3,172,0.0054060233030487105,0.00827249432318179,0.008830831032385716,0.005407706187979018,0.005410641974094286
1,173,0.009566499215699542,0.01535489138752069,0.01581959499542479,0.009564320802974492,0.009560655228468854
3,173,0.005012048568278773,0.00767757130988677,0.008202834530663177,0.005009204351122349,0.005008299216770971
1,174,0.027715281507153224,0.0417260382965636,0.0436547543040348,0.027708291184708307,0.02771493344982376
3,174,0.01384293108567365,0.018644095812086377,0.01914325913433254,0.013840240668529118,0.013840489366426784
1,175,0.04094503100821436,0.055480013902545616,0.05615702700186157,0.04093829303434233,0.04094971365638571
3,175,0.0198501162116913,0.0257510119817275,0.026512239172885935,0.0198495642389338,0.019849540166166246
1,176,0.047713289835775316,0.059995020023589966,0.06061018897886155,0.0477134164925342,0.047715915279231566
3,176,0.021875805552044287,0.027155549656080934,0.0273940886675463,0.021876763612007064,0.02187596328933183
1,177,0.047371223433426264,0.05984842566361876,0.06087908332306643,0.047377302061686534,0.047370072895113316
3,177,0.019596532380299483,0.025346211854283155,0.025994562564403283,0.019596727891735465,0.019597096514895808
1,178,0.03994987462199006,0.05457429376199935,0.0554091518920399,0.039954957796473047,0.039950447099458546
3,178,0.013376892224292851,0.018098814809060323,0.018389137778155734,0.013376387220945416,0.01337929529992311
1,179,0.026164985612201038,0.039754750188865755,0.042169670039588665,0.026166050876683656,0.02616995719884398
3,179,0.004437177600516668,0.006809713121011561,0.007278468368923309,0.004438688885052521,0.004441027598453326
1,180,0.007670305747805562,0.01244409157957424,0.012983064421097005,0.007670686885689022,0.007677448006377788
3,180,0.0059622227160517904,0.009098152240268276,0.009708876514955167,0.005959020620433215,0.005958203723752448
1,181,0.012639262767263633,0.0202003643474815,0.02052815821786309,0.012636946199620084,0.012635247844968178
3,181,0.01460641771345783,0.01965334176432342,0.02035443342335946,0.014602993082708536,0.01460282885286138
1,182,0.030174783451290186,0.04466825657494484,0.04577044705949781,0.03016800565523593,0.030177008864638782
3,182,0.020250262182780594,0.026332168473367074,0.027253752638783123,0.02024866952442974,0.02024782908020196
1,183,0.04246479412014431,0.0566611620599449,0.05760230170776122,0.042459065965575714,0.04247142417658374
3,183,0.021844820878475814,0.02740024095216677,0.027722469602806613,0.021844424821602017,0.021842734086278962
1,184,0.048141076535489435,0.05985689326636037,0.06051460784123442,0.048142125339116035,0.04814480883511105
3,184,0.01913685898852076,0.02470629543746842,0.025043936135969093,0.019135608149699165,0.019135383474407058
1,185,0.04666543931327083,0.05959553413769761,0.06077614858862238,0.04667105575040006,0.04666531750184888
3,185,0.012560540326734928,0.01713983260368139,0.017380784781893435,0.012558998391269999,0.012561359477635632
1,186,0.03817499732160408,0.05285348972043255,0.0542579526277749,0.03817807621975954,0.03817669102780263
3,186,0.0034356438669683694,0.005257616356025385,0.005658640047186622,0.003436761946729722,0.0034382647669320265
1,187,0.023502128958504148,0.03622431088945329,0.039169558962253416,0.02350080617176409,0.023507349547637505
3,187,0.0068868462830617184,0.010442170638393337,0.011087352346235908,0.006883670654193478,0.006883329034846254
1,188,0.004479121668553804,0.007377852142411446,0.007821066216894748,0.004478180735918108,0.004484782583291998
3,188,0.015333461027611746,0.020598131199472555,0.02140065452311961,0.015329897515238174,0.015329655568938352
1,189,0.01565164330531847,0.025141835831524403,0.02579968972713517,0.015649598647877006,0.01565098517216216
3,189,0.02061120953017667,0.02687347305538206,0.027810537228827883,0.02060922186094095,0.02060784411038062
1,190,0.03250965851364876,0.0469084948398125,0.048207343554397264,0.03250321545440782,0.03251511780836734
3,190,0.0217763232412751,0.027703291681320415,0.02791588390193943,0.021775206540188892,0.021772837434656477
1,191,0.04382522240598185,0.05769201229823439,0.05876732932846841,0.043820463586085774,0.043833231278297476
3,191,0.01864492110976311,0.02410570184480866,0.024511160033765914,0.018642818757760624,0.018642054864266743
1,192,0.04839281282662805,0.059504274006811624,0.06046695675919506,0.04839440980167363,0.048396138692865534
3,192,0.01172001391396308,0.01621420860291451,0.01670711554885553,0.011717857195719746,0.011719525143079671
1,193,0.045783040103524436,0.05923887263822619,0.06014038484337277,0.04578768503085796,0.045781857603828684
3,193,0.002401857250250078,0.0036772578404608,0.003975986612845462,0.0024025225143299756,0.0024031677999807204
1,194,0.03623867619337845,0.05084526927604729,0.05223993299943496,0.036239672887571905,0.03623905154555861
3,194,0.007792101849141601,0.011680219342762962,0.012394310106255366,0.0077893221988295566,0.007789829856636286
1,195,0.02071666774839425,0.03242260273995383,0.03516378599251984,0.020713394794594105,0.02071991064358807
3,195,0.016022051153714786,0.02148065034443745,0.022317383757658932,0.016019029809278527,0.0160192348297352
1,196,0.001213985927640054,0.0020193613420897093,0.002188515897145792,0.0012121265191337236,0.0012168325460730014
3,196,0.020929553145226175,0.027198751300402144,0.028200284814549503,0.02092798700760578,0.020926698178796017
1,197,0.018598480128652894,0.029432102523558733,0.03143858359437409,0.01859581114569751,0.018600925500191916
3,197,0.021668028172590083,0.027854921688293163,0.028237761140888266,0.021667048469468705,0.021664598321537675
1,198,0.034710251019793505,0.049098706037450174,0.050540026863345126,0.0347036253915983,0.03471779593812217
3,198,0.018121606369135224,0.023601027888863344,0.024270539440074807,0.018119497112087078,0.01811856570497775
1,199,0.04501684323350623,0.05872592852037262,0.05968551844450807,0.04501306355297308,0.04502429792290911
3,199,0.010862103325273749,0.015339240058203068,0.015941752890333772,0.010859974841403105,0.010861068350892223
1,200,0.04846141883973555,0.0597814056012526,0.060178260463692755,0.04846404373589866,0.048462421318008944
3,200,0.0013409314374861088,0.0020361080923738633,0.002228225425794553,0.001341260028059582,0.001341195302833751
1,201,0.04472154658793016,0.058456605091655525,0.059480057793364585,0.0447262486279016,0.044718079165283184
3,201,0.008683998242744413,0.012854806108607645,0.01354557593430179,0.00868186768693174,0.008683416018942106
1,202,0.03414573292688007,0.048489522779144395,0.049971100191647806,0.03414660764979561,0.034144149230416865
3,202,0.016671615153896258,0.022231022734646364,0.023058782727762763,0.016669663091012584,0.01667084855419369
1,203,0.017828918364057915,0.02833016548344105,0.03001031628425414,0.01782648206383419,0.017830396514568907
3,203,0.02120212591501338,0.027465285888305095,0.02841451973465824,0.021201641885191358,0.021201226834553253
1,204,0.0020814766427914213,0.003457959839356206,0.0037249630948284662,0.0020820568540263003,0.002079742528161981
3,204,0.021516598924778092,0.027808975789759948,0.028429504916810653,0.02151646001325873,0.021514763328950547
1,205,0.021461874243699015,0.03338573101922406,0.03628436133501799,0.021456967605263517,0.021464778259754312
3,205,0.017565956900974348,0.02313869556265357,0.023889974707800896,0.01756455609969293,0.017564099686256638
1,206,0.036762837283872904,0.05142122817190397,0.05286027001489143,0.03675496428760292,0.036770418735931724
3,206,0.009992714178328069,0.014378639831066029,0.015066084887167177,0.009991171513311725,0.009992132547478598
1,207,0.04603136285341311,0.05941115589543794,0.06033469384732479,0.04602787252159502,0.046037239384184206
3,207,0.00026303197677994436,0.00039595347485205595,0.0004532311247033747,0.0002632912849690048,0.0002627366502341033
1,208,0.04834410998957839,0.059617208686309785,0.06049419518879882,0.04834743256936018,0.0483432364320538
3,208,0.009566764286348388,0.013894704616203348,0.014607817734923733,0.009565378469702275,0.009567804709649078
1,209,0.043484317580369226,0.05742001311247169,0.058515599525322946,0.043489179489411466,0.04348047672199094
3,209,0.01728290407710899,0.02287923926270176,0.0236589491124244,0.017282285932723507,0.017284587680249933
1,210,0.031907574399889255,0.04637611200409586,0.047542917300014274,0.03190895567886394,0.03190669078017944
3,210,0.021426905103727155,0.02771440297224385,0.028466015125123558,0.02142785393897828,0.02142869867177275
1,211,0.01486246167961012,0.02393223858904798,0.024304017132074147,0.014861738606186631,0.014865294098979182
3,211,0.02131876845252516,0.027561580062934608,0.028459411997882385,0.02131983382911365,0.021319433996392214
1,212,0.005330365637591488,0.0087413342094106,0.00920109949963457,0.005329395160475083,0.005326457135617385
3,212,0.01697560138249993,0.022550605662711717,0.023376211688107836,0.016975263012135918,0.01697585874262201
1,213,0.02421677409287541,0.03729847628619901,0.040080927376497814,0.024210165855733306,0.02421750588797629
3,213,0.00911539427331686,0.013392993129066071,0.014088183804704201,0.009114708307329135,0.009116130068388795
1,214,0.03865700863590686,0.05335805800925563,0.054578738426553634,0.03864882972888964,0.038662642240321815
3,214,0.0008183823754325625,0.001245915617292139,0.0013734472904376224,0.0008178732727695657,0.0008186301862805504
1,215,0.046867346956996805,0.059614049780930586,0.06085540222358218,0.046864958998002366,0.04687096229222453
3,215,0.010441452158096236,0.014899925101243494,0.015528429679840578,0.010440695755712041,0.010443487839026497
1,216,0.04804591258809771,0.059983625057627776,0.060522449237337975,0.04805033408177798,0.04804415026115484
3,216,0.017857555748439915,0.0233814159067287,0.02410201168254883,0.017858230087644134,0.017861161486870364
1,217,0.042081423388159726,0.056341837875929154,0.0572456285992823,0.042086620631602664,0.0420792548189743
3,217,0.021603701940720695,0.027854403775656126,0.02834489467250217,0.02160609578576152,0.02160779307169962
1,218,0.029538902471584506,0.043952564379271225,0.04521330842609466,0.02954070899968368,0.029540943216429832
3,218,0.021072592624321287,0.027339579414443368,0.02832411314933644,0.021074872242992246,0.021075587566866383
1,219,0.011833724988994423,0.018885040451477025,0.019285344907494457,0.011834093908997416,0.011839543930972038
3,219,0.016347727033768338,0.021874729786896974,0.022691088632876503,0.016348443665896332,0.016350199620670924
1,220,0.008500397251303832,0.01371968296715647,0.014224138722702952,0.008498697149729931,0.008494386101742123
3,220,0.0082302496018907,0.01226632233389995,0.012957347978171867,0.008230473228217822,0.008232681024752707
1,221,0.026845593568939174,0.04071738913054249,0.04284322594417685,0.026838794193270715,0.026844896165709814
3,221,0.0018882279721752148,0.002882691800715357,0.0031308734182245164,0.0018872180166313454,0.0018878150618391308
1,222,0.040389169780268304,0.054994870799528084,0.055723465473870006,0.040382220738301715,0.040393635895379795
3,222,0.011305563192119767,0.015791864792306157,0.01634187137291408,0.011305040348798567,0.011307602048562435
1,223,0.04752721906954562,0.05990967403015027,0.06076773491633347,0.04752707285464684,0.04752970764242163
3,223,0.01839737623326817,0.023865068918851835,0.02440760154645011,0.018398891305772613,0.018401680533620225
1,224,0.04757255701009759,0.05994063306091811,0.060730852876524785,0.047578748038988004,0.04757102738745591
3,224,0.021734157853312508,0.02779514085429149,0.028087683780355102,0.021737546506192293,0.02173927244427839
1,225,0.04051991366321547,0.05509947405619449,0.05583001388245799,0.040525526164785754,0.040519905081869985
3,225,0.020778136998775516,0.027080217282589955,0.028027965233045144,0.020781191935310812,0.020782404730938384
1,226,0.027046147960530054,0.04097624518937231,0.0430409796172829,0.02704773328678026,0.027050810456534496
3,226,0.015680118250469586,0.021043826087315212,0.021876710504558552,0.01568152371317796,0.015684133971469984
1,227,0.008743288315491631,0.014105218199986677,0.014614706884007159,0.008743803497673633,0.008750748460394288
3,227,0.007333826467141651,0.011069044757103843,0.0117514964932956,0.007334888311546003,0.00733773660476063
1,228,0.011595568341280726,0.018523564259384683,0.01890189473170064,0.011593450024891285,0.011590454440774056
3,228,0.0029346955404602926,0.004485897365263796,0.004852279022820361,0.002933049601434467,0.002933163174017446
1,229,0.02934755811766403,0.043749133075551914,0.04502969041027662,0.029340882682127874,0.02934865440137158
3,229,0.012154009361310792,0.016666055303227695,0.017061875887422726,0.012153130794645974,0.012155048121240863
1,230,0.04196266953178546,0.056264219779190786,0.05712294804295535,0.04195685542861142,0.04196868945572646
3,230,0.01890369704011942,0.024484721934690964,0.024591290300436414,0.018905230950511595,0.018907294491441202
1,231,0.04801423016938459,0.05999735439175431,0.060536998912503685,0.04801541073643922,0.048017823381134875
3,231,0.02182116414146196,0.027563395069481317,0.027840039234143764,0.021824640927757842,0.0218257428778291
1,232,0.04692641330022458,0.059618803310866005,0.06087164646368599,0.0469327439134374,0.04692632467114285
3,232,0.020437509103229955,0.02661068421842452,0.0275371589453899,0.02044047751448068,0.02044164071632818
1,233,0.03880007530187423,0.053499966478222596,0.05466676516152791,0.03880425830079067,0.03880195483849796
3,233,0.014972080954649107,0.020144015564919928,0.0208724797420962,0.014973521321393925,0.014976560094886415
1,234,0.024427056327076865,0.03754610758244837,0.04035689631756373,0.024426691557946027,0.02443285338724637
3,234,0.006420290642319483,0.009775801504910713,0.010384661210804582,0.006421956117605375,0.006425016088724035
1,235,0.005579500604661862,0.009141140153887466,0.009638567360376441,0.005578956988304895,0.005586239025184661
3,235,0.0039505939201720615,0.006060137552251571,0.0065037967993745996,0.003948229386875203,0.003947826283563553
1,236,0.014628347663671791,0.02357966612181536,0.023866523919159433,0.014626446206442179,0.014626363870147546
3,236,0.012980652744663269,0.01770040559137717,0.017750808806129004,0.012978898682588221,0.012980053036602676
1,237,0.031725672506806864,0.046240611902550154,0.04732487886919729,0.031719359546226504,0.03173025488341922
3,237,0.019376879864491138,0.025015297698678045,0.02555619235959624,0.019377593196635744,0.01937870324061838
1,238,0.043378454988411475,0.05736025454180579,0.05842932690608893,0.043373675042612636,0.04338655287293394
3,238,0.02186786877529628,0.027205224040196218,0.027566753805901043,0.02187044382573071,0.021870650451431363
1,239,0.04832700286239571,0.05963552826987589,0.06050914823032453,0.04832885430491022,0.0483311158844695
3,239,0.020054228601830027,0.026074956416516422,0.026904695329577025,0.02005617949116642,0.020057005787376278
1,240,0.04610492879073522,0.05944817291727305,0.06038176302145434,0.04611036786263374,0.04610475015949473
3,240,0.01422489316906722,0.019138812212211916,0.01975953602476344,0.014225673900718,0.014228779449532868
1,241,0.03691890111828951,0.05159077040819143,0.05304861830083766,0.036920841017902044,0.03692043109329611
3,241,0.005483162413152729,0.00838579827190171,0.008956112043667043,0.005485044050194815,0.0054878812550345655
1,242,0.021682023861530075,0.03368720506547651,0.03663758691191246,0.021679318946442646,0.02168660959889045
3,242,0.004933805028440812,0.0075573013550350576,0.008081513922708873,0.004930782817687416,0.004930090319366531
1,243,0.0023372100900361176,0.0038576685877886917,0.004170692466104621,0.002335445270518672,0.0023413820908737494
3,243,0.013779583843444493,0.018565041645112083,0.01904353184931783,0.013776771232707315,0.013777265422152862
1,244,0.017599142540259505,0.02799717941861451,0.029552105720358122,0.01759708635040034,0.017600567704214067
3,244,0.019816066135916875,0.025705483227423064,0.02644270298169789,0.019815515791269448,0.019815673010700523
1,245,0.03397382437278127,0.048302551513910344,0.049775499470114386,0.033967667766825825,0.033980979927434346
3,245,0.021876683527095788,0.027173411460148393,0.027362581756963718,0.021877767807586688,0.021877024082248193
1,246,0.04462913000319778,0.05836500976132316,0.059409993850563454,0.04462551420601627,0.04463725640366367
3,246,0.0196322785125305,0.025399073290675023,0.026066174376108853,0.019632660526995853,0.019632987035260622
1,247,0.04845906814917939,0.059772866850243314,0.06022908551576254,0.0484619263080653,0.04846130769898327
3,247,0.013441768506728596,0.018172202318596,0.018496016165587693,0.013441459455039651,0.013444306547867876
1,248,0.04510481475064207,0.058802522754316085,0.05975744281890246,0.045109997169627256,0.04510246460933353
3,248,0.004516855446368759,0.006934478201584349,0.007409234538259483,0.004518577248611586,0.0045208181619260795
1,249,0.03487861479139702,0.04929670891822082,0.05072755958175178,0.03487970938107245,0.03487800748765926
3,249,0.005886289363704236,0.008989334676471169,0.00959518030101253,0.005882875111397092,0.005882235040737637
1,250,0.01882642665093257,0.029739864108797687,0.031873152613395864,0.018823512410454123,0.018828714982677058
3,250,0.014545880706822167,0.019577645195767043,0.02026568106634415,0.014542268554066779,0.014542307213407633
1,251,0.0009568229911623724,0.0015910843923404873,0.0017353394329035687,0.00095814252451075,0.0009547968674933419
3,251,0.020219233714659668,0.026284952995561172,0.027203272596953734,0.020217564852040206,0.02021685853012945
1,252,0.020493660241632426,0.03210017785563521,0.03478228843301417,0.020489705892163913,0.020496859261066792
3,252,0.021848667655439847,0.027372301716567446,0.0276992136504225,0.021848311550295336,0.021846634478418767
1,253,0.03607849540063279,0.05069512948781179,0.052037890980305035,0.03607119238605366,0.03608674117679602
3,253,0.019175293983593262,0.024756456814868804,0.02512887420023909,0.019174142455628547,0.019173855223333144
1,254,0.045704815650625154,0.05920181050313584,0.060061272161312074,0.04570149260787335,0.04571186957471098
3,254,0.01262765008575307,0.017231979782811626,0.017436578034499252,0.012626238585786872,0.012628536724039168
1,255,0.048405249074041104,0.05946871668648088,0.06045390954926325,0.04840875576846101,0.04840539553024862
3,255,0.0035179973389018234,0.005383264592505626,0.00579631735006574,0.003519316516793329,0.0035207003964612964
1,256,0.04392694680837584,0.05777018758000154,0.05885873942028847,0.043932161647564326,0.04392345490517649
3,256,0.006812766998839391,0.010337493580261203,0.010977122019686801,0.006809357279452738,0.006809168250379051
1,257,0.032688620807845944,0.04706839371352063,0.0483960150956474,0.03269006911279564,0.03268773805156845
3,257,0.01527597131056828,0.020520572494760296,0.021318359627212985,0.01527216577762292,0.015272080462828049
1,258,0.015884664521412385,0.025480124475974662,0.026272416519221083,0.01588353203846929,0.0158872735606846
3,258,0.020583479384847003,0.02683341370287557,0.027769699003097725,0.020581342326322687,0.020580037378362948
1,259,0.004227448834951559,0.00698409423409004,0.007426679443399666,0.004226810523888593,0.004224087841938081
3,259,0.02178327123373621,0.027683646484093834,0.027906864530711246,0.021782107125194544,0.0217796917229639
1,260,0.023288478982754896,0.03594008799406481,0.03891452184770295,0.02328214269167438,0.023289954130474938
3,260,0.018685906994089112,0.02415576281262836,0.024525706536927237,0.018683811135505463,0.018682947877585676
1,261,0.038027756180302894,0.05272229313883344,0.05412441672502959,0.03801941147413927,0.03803429047841559
3,261,0.011788818426098373,0.016285023269589204,0.016766108376097377,0.011786716619747502,0.01178830216363486
1,262,0.046601806491799916,0.05959680220632102,0.06073615922204857,0.046599013496431835,0.046606427286448204
3,262,0.0024866916056604216,0.003810389196388021,0.004118761986662054,0.002487533557548609,0.0024880209058967414
1,263,0.048168222149811105,0.05983201675099358,0.060522706552952305,0.04817249737093366,0.04816689909957784
3,263,0.007719366055014771,0.011578781224251662,0.01229801926363032,0.007716351712568483,0.007717007829868922
1,264,0.042579609097633864,0.05674590845641064,0.05772579758069613,0.04258502669594334,0.042577076136444736
3,264,0.01596772772262347,0.021412436462338372,0.022252444762260005,0.01596444493063572,0.015964764996015922
1,265,0.030363259389297313,0.04484801166163642,0.04595824637990147,0.030365244659161017,0.030364696594199898
3,265,0.020905413041627987,0.027177120041740076,0.02817642938509609,0.020903663804345864,0.020902379982294602
1,266,0.01287625188328421,0.020612007744763877,0.020912087304829435,0.012876541010803273,0.012881657145085044
3,266,0.021678328269747596,0.02785189805152581,0.02821726850504395,0.02167725358136058,0.0216746854787321
1,267,0.007425406443210273,0.012065461745386148,0.012611757613880965,0.007423848910094044,0.007419264323574791
3,267,0.018165154430632647,0.023645198012192246,0.02429470817359641,0.018162993050759788,0.018161910978619585
1,268,0.02596122443679042,0.039519136324594695,0.0419710410256322,0.02595428037184092,0.025960330150808522
3,268,0.010932075199350333,0.015411912061839122,0.016007801927602507,0.010929948076610485,0.010930920388132023
1,269,0.03981514097484188,0.05445718823327745,0.05529432684612821,0.039807659579992286,0.03981958748326085
3,269,0.0014276497432601555,0.0021689034449720963,0.0023749286074464856,0.0014281227116790282,0.0014278594344299378
1,270,0.04732145663100427,0.059822142796433414,0.060897343273048875,0.0473207440997939,0.047324021600723305
3,270,0.008612164911192524,0.012766915235132945,0.013453826484881847,0.008609819203774322,0.008611542042205609
1,271,0.047754269441910135,0.060015762314200936,0.06059209591419533,0.047760338705137496,0.04775251533437748
3,271,0.016620457965364932,0.02217190600626928,0.023002672467229295,0.016618266587182136,0.016619556218707473
1,272,0.041071999532133883,0.05556762542294681,0.05628448405511289,0.041078011150501144,0.04107149230919284
3,272,0.021181810885495395,0.027447143297525362,0.028403018676886983,0.02118116207970673,0.021180714316893882
1,273,0.027912961236170517,0.041990084452785285,0.04385523394595322,0.02791508710063197,0.027917371675732643
3,273,0.02153054685619778,0.027818090874880512,0.028418938246467313,0.02153032218251275,0.021528459701249607
1,274,0.009807918830564373,0.015737344332093263,0.01622459658455058,0.009808771933263426,0.009815745098587724
3,274,0.017612217569611316,0.023184665129848167,0.023925674991202878,0.017610762509661617,0.017610111984510325
1,275,0.010544482303889638,0.01686346411976738,0.017312809668660334,0.010542252153110677,0.010538085220395758
3,275,0.010063451993361845,0.014453065370870525,0.015141706794275778,0.010061900740532197,0.010062693454181374
1,276,0.028505935559851606,0.04271086774480337,0.04434314146567779,0.02849895147936714,0.02850568491076988
3,276,0.00035065743566806997,0.0005295271342753748,0.0006026711284745557,0.00035103035664922345,0.00035024286334677744
1,277,0.04144233424453733,0.05586756005494924,0.05663112442639918,0.041436002121105826,0.04144744870071143
3,277,0.00949559249118046,0.013819349242059612,0.014530136982983026,0.009494025701092309,0.00949668039339031
1,278,0.047867317054438675,0.06003335271061025,0.060580566220821884,0.047868246373303065,0.047870377385925825
3,278,0.01723481045558724,0.022830636463819005,0.02361782615062845,0.01723400529543291,0.01723645325409675
1,279,0.047167224788586044,0.05971715711220026,0.060913091052089224,0.04717399733445843,0.04716672223139899
3,279,0.021410516967028857,0.02769461187032668,0.02846761500143952,0.021411356811347468,0.02141220040477065
1,280,0.039406612851310786,0.054049691081442294,0.05504826846066773,0.03941180198454508,0.03940830314629646
3,280,0.021336596224769744,0.02758934469678917,0.028462975955603154,0.021337626779837703,0.02133707893149818
1,281,0.025337481299635915,0.038739330131425595,0.041344319937501914,0.0253381853337763,0.02534367949333187
3,281,0.017024800921273342,0.02259460455022632,0.023424533935115267,0.01702445215027276,0.017024852610753854
1,282,0.00667067461265352,0.01088832123825313,0.011423527638491728,0.006670806948253676,0.006678592807328743
3,282,0.009186732718323114,0.013473222374952503,0.014174504809360276,0.009186064955740718,0.009187292846954067
1,283,0.01359765268766851,0.02182175616402401,0.022117963280309367,0.013595424867170837,0.013593878426327843
3,283,0.00073108796678904,0.0011127197627104285,0.0012331651423281708,0.0007304838818922984,0.0007314999091053533
1,284,0.030926422020030046,0.045462450304505075,0.046438390410616,0.030919684225221553,0.03092942419223576
3,284,0.010370987785391852,0.01482657008523125,0.015458254342780772,0.010370096312614588,0.010373175092803395
1,285,0.04291239551243894,0.05700980686504849,0.05803450185499938,0.042907051155742996,0.04291974276023541
3,285,0.017812370914580145,0.02333449763818844,0.024070635908084774,0.017812931480433922,0.01781608045822693
1,286,0.048240154924291644,0.05975099965300213,0.06053977269370953,0.04824182485816497,0.0482442050807051
3,286,0.021591177184120295,0.027851200414685005,0.02836053343361851,0.021593542985000616,0.021595317281125445
1,287,0.046406095159402375,0.0595662515725201,0.060599767193414825,0.04641206311446637,0.04640618604482175
3,287,0.021094382536842197,0.027349224324035942,0.028341085687910918,0.021096705120505592,0.0210973409744392
1,288,0.037580733420881134,0.05226265435972581,0.053722159772105184,0.03758358943525473,0.037582882746017225
3,288,0.016400082055270142,0.02193083118712447,0.02275129035998294,0.016400858803663012,0.01640246384636772
1,289,0.0226346660644761,0.03512396299795729,0.03801672582624737,0.022632779398809172,0.02264037688918071
3,289,0.008302320482340305,0.012353184258566532,0.013051669595345946,0.008302603986052513,0.008304637889671564
1,290,0.003454256857844608,0.005740976731202939,0.006141415550470124,0.003452979685315136,0.0034600209884199365
3,290,0.0018023330953517043,0.002751085483802616,0.0029935201663972948,0.0018012242963020638,0.001802097991874955
1,291,0.016590630713047262,0.026474590278680345,0.02763902883667713,0.01658853174626247,0.016590454312815427
3,291,0.011236115040429345,0.01571990947227147,0.016281284410736112,0.011235505764409908,0.01123838605169118
1,292,0.03322036210949339,0.04758771332662121,0.04897711238425468,0.03321388132566998,0.03322642683833998
3,292,0.01835495162339157,0.02383277997311697,0.024388153337178236,0.018356437286854467,0.018359492686718267
1,293,0.044220742803498976,0.05798041891284262,0.05910081109608016,0.04421644249696324,0.04422883035453484
3,293,0.02172529245350738,0.02781079407463698,0.028114644877902863,0.02172874948508154,0.02173061266578882
1,294,0.04843484834284109,0.05962503391567798,0.06041084276009112,0.04843719724121231,0.04843766717056633
3,294,0.020803791481444393,0.02711392618592604,0.02805882414339776,0.02080698169947485,0.02080817770702116
1,295,0.045467273983425815,0.05903652544361258,0.05996450413378118,0.04547242351192598,0.045465556125369316
3,295,0.015735752819299946,0.021116047315036003,0.021951018503478425,0.01573729780204684,0.015739814218853763
1,296,0.035594097005239016,0.05011747812565575,0.051445757524211634,0.035595205887691515,0.03559424432279801
3,296,0.007407016378849569,0.011172163716975169,0.011857865980235444,0.007408184465660839,0.00741090924572241
1,297,0.01981415889914083,0.031107274685139453,0.03364959647677913,0.019810904662903753,0.019817385361521812
3,297,0.002851019729698234,0.004359741982782301,0.004719277143173811,0.0028492595188774022,0.0028496403061156854
1,298,0.00017271795219210966,0.00028261194095712813,0.000351493436065282,0.00017106416474111318,0.00017555640838762376
3,298,0.01208604013840944,0.01659323840213879,0.017008982913982014,0.012085104201541033,0.012087334520841753
1,299,0.01951348880703053,0.030693300471488907,0.03312705043199477,0.019510097759205463,0.019516125306331487
3,299,0.018863942568077538,0.0244164994335392,0.024580376870393758,0.018865513566532932,0.01886784435822327
1,300,0.03537563277619489,0.04987519067157256,0.05120550295135399,0.035368423125923816,0.0353835117155439
3,300,0.021815684514573393,0.02758895750508863,0.027855257692478173,0.021819310814568074,0.02182055893168067
1,301,0.04535703754055951,0.05897604753934522,0.05990880343293409,0.04535333476847844,0.04536428236544423
3,301,0.02046677814811313,0.026647744423471297,0.02758212761121237,0.020469958011653928,0.020471129458438198
1,302,0.04844466903074074,0.059696722642070627,0.060365911636750584,0.048447834095196346,0.048445032059069235
3,302,0.015030967714104915,0.0202155835843841,0.020957619361996756,0.01503261057682027,0.015035598095514077
1,303,0.044349565355235133,0.05809642746824166,0.059214790662825895,0.04435474872139622,0.04434581292359746
3,303,0.006495111604640698,0.009880186038405042,0.010497760639438736,0.006496931051483575,0.006499913271678683
1,304,0.033453811129154014,0.04780166319452155,0.049229865243001096,0.03345510242211466,0.03345252743201869
3,304,0.003869524900177197,0.00593744448462749,0.006375530420820402,0.003867023155961964,0.0038668477787953026
1,305,0.016899270026964175,0.026933113689395296,0.028243872863235306,0.01689754686971966,0.016901524486821244
3,305,0.012914659533489517,0.01761988631786408,0.01767402912831161,0.01291283890504059,0.012914270688337257
1,306,0.0031154197511154644,0.00513355866754671,0.005518015901964813,0.003115256941630169,0.0031124990426322063
3,306,0.019339801594915162,0.02496517471598453,0.0254799234152993,0.019340566825199034,0.019341910018324228
1,307,0.022345415091811063,0.03474252816459645,0.0375924420241776,0.022339452977400726,0.022347291796130826
3,307,0.02186552516835998,0.027235806101918787,0.0275925554025982,0.02186827431374624,0.02186859951692792
1,308,0.03737907635320294,0.052040096040324876,0.05353346634167697,0.037370527049596515,0.0373859353480928
3,308,0.02008678602649217,0.02611872578351894,0.02696445386966355,0.020088968605844745,0.020089801870225337
1,309,0.046315048193323306,0.059545201185151955,0.060528347622753574,0.04631166686545033,0.04632002939923659
3,309,0.014286843746801402,0.019218262790138538,0.019858506883182407,0.014287846146615128,0.01429092666239833
1,310,0.04826942629604293,0.05973230544890116,0.060530656186922195,0.048273316820763544,0.048267873873710704
3,310,0.005560117002150862,0.008500402024795996,0.009079847057387387,0.005562188105837506,0.005564973280969579
1,311,0.043058764712014495,0.05710838133053497,0.05818018436609183,0.04306415341167275,0.04305517249560333
3,311,0.0048553500847300785,0.0074388947660379385,0.00795927967636235,0.004852156734296895,0.004851645648706473
1,312,0.03117290547899755,0.045687444457627416,0.046701613188127,0.031174787718401847,0.031173087395453415
3,312,0.013716017136404612,0.018490312016916522,0.01894380392629998,0.013713088778416626,0.013713815597154535
1,313,0.013911902010062423,0.022388122377769208,0.02265090935966854,0.013911843996205866,0.013916329420509169
3,313,0.01978177903426445,0.025646268217768404,0.026372572165097585,0.019781235036133223,0.019781581074823505
1,314,0.006340877764241038,0.010360458583323653,0.010890709187990198,0.00633947207633671,0.006335181669088287
3,314,0.02187732316243932,0.02718451571639792,0.027330601792320327,0.021878536136338306,0.021877874148448294
1,315,0.02506145971278369,0.03836916226627325,0.04104570772764891,0.02505430508638782,0.02506074273988611
3,315,0.0196678010860355,0.025457100306766216,0.02613712210349544,0.01966836750703835,0.01966869240786205
1,316,0.03922190572775717,0.05388425773715547,0.05492766613795441,0.039213647956026845,0.03922646003793684
3,316,0.013506449106177612,0.018246974006599172,0.018601469983124213,0.01350632903615198,0.013509167980939847
1,317,0.04709488016009087,0.059705371467499546,0.06090989594606553,0.047093161356055124,0.04709746761583814
3,317,0.004596325336155773,0.007059883541070888,0.007538443218008555,0.004598247109556075,0.004600443995967049
1,318,0.047915289675246775,0.06003615062875167,0.060567192641541354,0.04792070284328612,0.04791301578311747
3,318,0.005810175623759067,0.008874604820193411,0.009480013500510028,0.005806554776656175,0.005806056291519639
1,319,0.04160527836898197,0.05599184772674527,0.05680293291187684,0.041611187913956946,0.041603690886196726
3,319,0.01448509890548359,0.019504174125951464,0.020175284273902642,0.014481301864467422,0.014481528348117886
1,320,0.02876489994172586,0.04299227260154972,0.04455298933818326,0.02876712937066824,0.028768303672711847
3,320,0.020187946347935953,0.026243345636269098,0.02715126967144325,0.0201862008210197,0.020185636244934437
1,321,0.010864481296604542,0.017358694977320593,0.01782270535969687,0.010865332826370123,0.010871895187181867
3,321,0.021852269483165047,0.027341662928927084,0.027675296870039084,0.021851949421579257,0.02185031372372232
1,322,0.009485665721143136,0.015216371231269104,0.015710566977842046,0.0094834486777038,0.009478615289809344
3,322,0.019213520278291176,0.024807138522391442,0.025212402243554363,0.01921245920787518,0.019212155206928816
1,323,0.02764955146878515,0.041662649562161536,0.04359313642232504,0.027642234661984403,0.027648319426839648
3,323,0.012694603704180484,0.01731910174163156,0.017492089954594888,0.012693310016008806,0.012695605029749073
1,324,0.04090327526402844,0.0554432074461643,0.056116311606009064,0.040896242197057876,0.04090751446778119
3,324,0.0036001413346257827,0.005507321737966457,0.005932551998527955,0.0036016474199358013,0.0036029738436676017
1,325,0.04769973757422296,0.059978866072845874,0.06061654759509884,0.04770007779584693,0.047702001694775904
3,325,0.0067385483366203475,0.01023037559587222,0.01086818358420234,0.006734909356510739,0.006734833610133273
1,326,0.04738721214880469,0.0598560245766526,0.06087015636415651,0.04739401106796284,0.047385759898637934
3,326,0.015218221394842968,0.020445934638985856,0.021236187723970807,0.015214171610134051,0.01521422663592873
1,327,0.03999394253872299,0.05460869226897475,0.05544732743085899,0.03999976120641337,0.039994689958491404
3,327,0.020555465276967933,0.026796471026105325,0.027727832265254628,0.02055317081798648,0.020551947883557246
1,328,0.02623263326861306,0.03984634009352295,0.04224710142039394,0.026234108798217453,0.026238410040846434
3,328,0.021789956661949505,0.027665110787802795,0.027896885330505054,0.02178873164830366,0.021786301903547585
1,329,0.007752367723493016,0.012560037092603412,0.013119334100885813,0.007752972348503323,0.007760753379395672
3,329,0.018726688015154605,0.02420885954853596,0.024539472837334538,0.018724579802425763,0.01872366939731691
1,330,0.012560020735761788,0.02005801831892531,0.020413832941373077,0.012557529088192373,0.012554825576600093
3,330,0.011857509452442065,0.016356403749642347,0.01682394531546193,0.011855441513346143,0.011857011763338305
1,331,0.030112228885506756,0.044602947378519525,0.045719129621982345,0.03010505235425532,0.030113682053992105
3,331,0.0025713447588268093,0.003938479083497367,0.004260003176898582,0.0025723439483316237,0.002572741665681752
1,332,0.04242711181665924,0.05662646168159184,0.05755928814627323,0.04242112849362866,0.042433431282711265
3,332,0.007646532594244927,0.01148078443000063,0.012199976335133188,0.007643289428169588,0.0076440499797104395
1,333,0.048132057137530514,0.05987007099389613,0.06051364048221715,0.048133424899997106,0.04813556941949256
3,333,0.01591313940165052,0.02135170551661957,0.022186071831048777,0.01590958959930386,0.015910006260568155
1,334,0.04668602294146594,0.05959099701208628,0.06078808705161963,0.04669242902846364,0.046685789545058295
3,334,0.02088096631984112,0.027158953808606247,0.028151525159503657,0.020879019639800225,0.020877750102836268
1,335,0.03822331809147799,0.052887876618314504,0.05429893132474937,0.038227114162385764,0.03822540637700722
3,335,0.02168834195016802,0.027844694324766536,0.028195676125160943,0.02168715003033142,0.021684498555036503
1,336,0.023573149634552207,0.03635820699467061,0.03926919046571764,0.023572189966854788,0.02357932745424124
3,336,0.01820849007071984,0.023681722461822992,0.024317774840930173,0.01820624791435961,0.018205072635773503
1,337,0.004563321053789972,0.007513857927756171,0.007975882668148164,0.004562600774386885,0.004570212784035654
3,337,0.011001971892203269,0.01548583964877585,0.016072577545014826,0.010999816258729199,0.011000740650326359
1,338,0.015573953718586721,0.025027145870491686,0.025664692583815048,0.015571703588049187,0.015572351929193432
3,338,0.0015142475904370433,0.0023004455776067406,0.002520279181744981,0.0015148395173958736,0.0015144516244871011
1,339,0.03245044214184049,0.04686060577849078,0.04815027847148767,0.03244361120059588,0.0324554326244296
3,339,0.008540265574306889,0.01267327636974403,0.013362305459556315,0.008537713874828929,0.00853956227088149
1,340,0.04379181927911112,0.05767686375688453,0.0587429004868612,0.043786890628502544,0.04379975243965606
3,340,0.01656904182755126,0.02210904511576524,0.022946083217306346,0.016566606028427865,0.016567977546399364
1,341,0.04838850582823965,0.059523629773613064,0.060469630222814735,0.048390507405574816,0.04839174542918976
3,341,0.021161175878878828,0.027435145697901564,0.028390497133158978,0.02116034619019805,0.02115987229666105
1,342,0.0458083096385704,0.05926293943775705,0.06016634120626475,0.04581373929796411,0.04580709273406089
3,342,0.021544186594157553,0.027831109745731285,0.028407166591418783,0.021543849956141843,0.021541855904754516
1,343,0.03629119899799712,0.050899292070949266,0.052312935549034656,0.03629280853183263,0.036291994369186946
3,343,0.0176582504099582,0.02322918824546689,0.023960468232281384,0.01765670659814994,0.017655922193099565
1,344,0.02079068789747836,0.03253653612230834,0.03529298241457979,0.020787654293084202,0.020794814178500765
3,344,0.010134139508723652,0.01453187816112878,0.01521638930850517,0.01013254365451838,0.010133245018113007
1,345,0.0012998216109247397,0.0021608651300703448,0.0023625430225856663,0.0012981145855401376,0.0013036755787391551
3,345,0.0004382403609299725,0.0006644909575382917,0.0007505019619313692,0.00043869516046144926,0.0004377535658675282
1,346,0.018522720387836172,0.029312496106154867,0.03131476179918181,0.018519851727788698,0.018524547057956822
3,346,0.009424365894466238,0.01373063321677199,0.014451088893790674,0.009422632109899612,0.009425462302772187
1,347,0.03465475392306339,0.04902877961004907,0.05048699477433921,0.03464778439761391,0.034662105650602335
3,347,0.017186471431902748,0.0227832941675324,0.023575660926642875,0.017185478391804558,0.017188046672289504
1,348,0.0449880033814506,0.05870694218043326,0.059662020868301184,0.04498417246548536,0.04499546694878465
3,348,0.02139380960288258,0.027671951363865657,0.028468116912162084,0.021394527718352464,0.021395373643754136
1,349,0.048461972607272086,0.05978566289988542,0.060161227894914446,0.0484651123834555,0.04846281236619231
3,349,0.02135410464011339,0.027615127213238392,0.028465573568213595,0.021355075946250683,0.02135441301173714
1,350,0.04475147436660191,0.058486546185994845,0.05950333981553705,0.04475698034904605,0.04474783337905841
3,350,0.01707375581002257,0.022653910395279333,0.023471437253026143,0.01707336192966268,0.017073628370812353
1,351,0.034202184668483585,0.04855217367615433,0.05003671365409361,0.034203624368488034,0.034200827003985766
3,351,0.009258024640677041,0.013555028487220223,0.014258985258299323,0.00925733770401697,0.009258449432908569
1,352,0.01790523361430075,0.02842954490802437,0.03017430536366845,0.017903017354269433,0.017907346705649037
3,352,0.0006437233008098285,0.000979494864445902,0.0010912924299684363,0.0006430583359103126,0.0006442505087490708
1,353,0.001996128607069192,0.003315629874302736,0.003589858765541764,0.0019965724243849177,0.0019936686311257945
3,353,0.01030045532171829,0.014749591515958742,0.015387275172546304,0.010299447947306088,0.010302758586911136
1,354,0.021388634774195506,0.033297652709469876,0.03618655132888793,0.02138341237183352,0.02139117178567204
3,354,0.017766955813942515,0.023299072756643707,0.024038628744369114,0.017767407537468676,0.017770748428990867
1,355,0.036711378538510114,0.051380596231767994,0.052804626251657355,0.03670308943867386,0.03671895557146555
3,355,0.021578346830865014,0.027844179996753024,0.028375461988265998,0.02158067726927649,0.021582534174709518
1,356,0.046007192442232205,0.05939771459313622,0.06031943425058175,0.04600366997836278,0.046013080486293614
3,356,0.021115855811708998,0.027368065726207605,0.028357035515290358,0.021118201111295493,0.021118794096102206
1,357,0.048349465276696015,0.05960120738505814,0.06048844886440889,0.04835334987695247,0.04834831730674106
3,357,0.01645217969839942,0.021997529166678676,0.022810573508035007,0.016452984736402627,0.01645450403008631
1,358,0.04351869223434989,0.05743550854523538,0.05854492527049725,0.04352436116492694,0.04351458487145727
3,358,0.008374324861032892,0.012448109545696258,0.013145387140663578,0.008374632592067702,0.008376571659703819
1,359,0.03196757105575531,0.04642143728465745,0.047621124736960965,0.03196952151275372,0.031966824149887905
3,359,0.0017162832013604024,0.0026184264608229853,0.002854480887010721,0.0017151121428887525,0.0017161772322054818
1,360,0.014940524708500543,0.02404234390430168,0.0244685013103272,0.014940133556923219,0.01494392005223605
3,360,0.01116656671374331,0.01564719763708715,0.016220147017084206,0.011165895248131608,0.011169038264040572
1,361,0.0052468337667253015,0.008609772723009657,0.00908161886685661,0.005245595603341376,0.005242219386372268
3,361,0.018312308311200055,0.023796369100970338,0.02436804880750325,0.01831377548607508,0.018317074054085152
1,362,0.024146662854623163,0.03717193741067981,0.03999482364008811,0.024139536341431355,0.024146970538870986
3,362,0.02171614333074436,0.027819086376670132,0.028140314373705944,0.021719667168472435,0.02172167885864298
1,363,0.03860975462388186,0.053300439601549225,0.054553093956912,0.038601047362607305,0.038615308680069065
3,363,0.020829145482836302,0.02713876400626358,0.028088211019487518,0.020832455555536988,0.02083367868422331
1,364,0.046847801257190694,0.0596150068973145,0.06084910805072783,0.04684539442197351,0.046851287902383194
3,364,0.01579112690863504,0.021181772734837886,0.022023345332246643,0.015792783526999546,0.01579527827616001
1,365,0.04805589746253943,0.05997184263484329,0.060516988204964546,0.048060943176813226,0.04805378033709259
3,365,0.007480103041918268,0.01126650663795125,0.01196233822642021,0.0074813437858534,0.007484028795923732
1,366,0.04211999543382864,0.056370728345982384,0.057284103980310364,0.04212604847011903,0.04211763475027541
3,366,0.002767138190191765,0.004229527809549923,0.0045844601073707185,0.002765299505506422,0.002765862205310139
1,367,0.029602162063897,0.04401517038561765,0.04527788433333409,0.02960462315473484,0.029604488692810967
3,367,0.012017930078589973,0.016521763564122962,0.01695510628478927,0.012016964940995604,0.012019451267664735
1,368,0.011913337456378216,0.019014793703886763,0.019423770244991367,0.011914200514922047,0.011919903728325406
3,368,0.01882397338356619,0.02435479484495446,0.024568902815299595,0.018825597811263802,0.01882817490841031
1,369,0.00841893130050648,0.013592861288968087,0.01410883907811021,0.008416826774734423,0.008412018707694334
3,369,0.02180994394938647,0.027613385527252284,0.027869144639677216,0.021813723578382283,0.021815134238034193
1,370,0.026778777228449163,0.04061994567309537,0.04278480504015681,0.026771335100900146,0.026777451887216246
3,370,0.02049577159779353,0.026692594978033616,0.02762646779539324,0.020499152080439082,0.020500382963145682
1,371,0.04034606027548702,0.05495782632937121,0.05569383933518595,0.040338587921104965,0.04035026362626338
3,371,0.01508960318268033,0.02029940803405395,0.02104185679886013,0.015091424204232541,0.015094440816643767
1,372,0.047512188003781985,0.05990355551524272,0.06077907685370749,0.04751216366059577,0.047514385194469266
3,372,0.006569787138096799,0.009991413156169427,0.010609710600402616,0.006571728255981049,0.006574724062163746
1,373,0.04758706177775079,0.059944992569526664,0.060717847539350084,0.04759405529473754,0.04758515584583621
3,373,0.0037882331828133554,0.005814933537395693,0.006245488735321003,0.003785628157023697,0.0037855945041428006
1,374,0.040562616209454706,0.05513182750294974,0.05586577241821841,0.04056921406630974,0.040562582931844414
3,374,0.012848485043197782,0.01751942868587523,0.01762032939182729,0.012846627304929876,0.012848277802555243
1,375,0.027112696775073667,0.041035699112418306,0.04311028549664752,0.027115056495889876,0.027117893983317223
3,375,0.01930250302958824,0.024915633571199094,0.02540199846637606,0.01930333924294562,0.019304894993934178
1,376,0.008824688706881125,0.014238722630638991,0.014747333818435139,0.008825848963402681,0.008833112940642228
3,376,0.02186293713845169,0.027267093942234633,0.027617709307828177,0.021865867084174838,0.021866329911418465
1,377,0.011515793679264133,0.018399695814355483,0.018795513937094183,0.011513113715017375,0.011509715194939114
3,377,0.020119094589448466,0.026169188378537683,0.027022401482921954,0.0201215003477951,0.020122396968952686
1,378,0.029283925519116356,0.04367166115601225,0.044982072421814435,0.029276523485269573,0.029284401885040806
3,378,0.014348563782848937,0.01930114818699585,0.01995551774040927,0.014349765020074751,0.014352908165440555
1,379,0.041923614291732005,0.0562329958849455,0.05708255882623098,0.0419173233899697,0.04192941329983476
3,379,0.005636888333580726,0.00861367832724857,0.009201623120978747,0.005639117011458385,0.0056419493418599755
1,380,0.04800369389319345,0.05999571384393681,0.06054009729588494,0.04800513729067812,0.04800706680736743
3,380,0.004776682968733982,0.007317160874939941,0.007835684576544153,0.004773349945746451,0.004772932563478611
1,381,0.04694547291657877,0.05961090209640301,0.06087591657308738,0.0469527364202909,0.046945164950345265
3,381,0.013652234309044182,0.018417758594329897,0.018843254609149453,0.013649217439791904,0.01365011640838916
1,382,0.03884699882386809,0.053545621089318735,0.054700006506540125,0.03885221818228428,0.03884908366715856
3,382,0.019747256837139186,0.025592999759484453,0.026302267444241648,0.019746736315499305,0.01974725048322408
1,383,0.02449699586503785,0.037638599619931455,0.04044489503401359,0.024497424156245645,0.024503522927452268
3,383,0.02187772434388825,0.027189697015679658,0.02729853997072015,0.021879070389881586,0.02187851115982908
1,384,0.00566301194640891,0.00925905679529514,0.009796054608088153,0.005663161412857094,0.005670762976492177
3,384,0.01970309783197991,0.02551322906293823,0.026207548089764134,0.019703837357144295,0.01970422180716001
1,385,0.014550081022509685,0.023473051122039203,0.02374215761587152,0.01454755504445807,0.014547311916512116
3,385,0.01357092998781786,0.018318784296246553,0.018705426800221643,0.013570973497205537,0.013573898989285323
1,386,0.03166528302548883,0.04619435425043805,0.047263159337391177,0.0316582423123652,0.03166950775410374
3,386,0.0046755868761117125,0.007177041047807901,0.007666212789886169,0.004677674778798909,0.004679934909473359
1,387,0.04334358396554333,0.05733840049506311,0.0584040899691441,0.04333842131392061,0.04335168502552584
3,387,0.005733879407087467,0.008763529023503077,0.009362793097684225,0.005730080734064909,0.005729634308177105
1,388,0.0483211102217869,0.059640838711900276,0.060512842914233096,0.048323340720141154,0.04832515778276424
3,388,0.014424074723181432,0.01941231846399847,0.02008313192151907,0.014420114792879432,0.014420468160527099
1,389,0.04612865312784544,0.059463378887851484,0.060400090259235935,0.04613505909063198,0.04612838040365053
3,389,0.020156402230352373,0.026191488645854948,0.027097546497958685,0.020154590491978302,0.020154148476107813
1,390,0.03697007523322917,0.0516512364516691,0.053112385508153545,0.03697297667500553,0.03697190278342119
3,390,0.021855626965121326,0.027311258104754762,0.027650975676786368,0.021855339451840494,0.021853769652820675
1,391,0.021755151258146303,0.033770982899874034,0.03675842047173718,0.021753132189025623,0.021760461102267842
3,391,0.019251536112903495,0.02485839751232768,0.025294202985800974,0.019250546154249686,0.019250292238702345
1,392,0.002422626528452267,0.003990311635355158,0.004337153805685294,0.0024214983479600768,0.002427637276145278
3,392,0.012761396369546997,0.017399579452402884,0.017547143990410834,0.012760188457075175,0.012762582122857087
1,393,0.017522642236708807,0.02788978081747856,0.029423388159748386,0.01751997772033504,0.017523599101743503
3,393,0.003682072905346814,0.0056381414336916956,0.006067068344104907,0.00368372727400947,0.0036851119172664603
1,394,0.0339170200151362,0.04825648512630353,0.049719165095138455,0.033910193419852706,0.033924115589179224
3,394,0.006664187661025544,0.010118653992484825,0.010758850078551766,0.0066603464421894475,0.006660292349188595
1,395,0.0445987403686982,0.058334270487268525,0.05939164353473344,0.04459487238151696,0.044607002853512656
3,395,0.015160212719421137,0.0203628326134948,0.02115395308305105,0.015155934340156496,0.015156069447736556
1,396,0.048458010426315104,0.05977223379616883,0.06024463941645746,0.04846136111512414,0.04846015867261846
3,396,0.0205271692185763,0.026761011261079163,0.027685173159953065,0.020524718566302762,0.020523561498245364
1,397,0.04513323407850707,0.05882147442284702,0.05977842032016249,0.04513938926322103,0.04513068733307933
3,397,0.02179638061920999,0.027645251647450412,0.027885818744662675,0.02179507987636851,0.021792665317824925
1,398,0.03493383565193546,0.049374052144034376,0.050789008861240534,0.03493580556207011,0.034933356689298
3,398,0.018767263059136705,0.024265072047088426,0.024552486450688013,0.018765111697804992,0.018764227362495056
1,399,0.018902094300157737,0.02985925309137209,0.032031047984102355,0.018899782720866502,0.01890485948081459
3,399,0.011926081838275879,0.016431714671079976,0.016880628758007662,0.011924006286896133,0.011925669630892154
1,400,0.0008711109442851185,0.0014484960749200004,0.0016000315884639685,0.0008718760664399683,0.0008685707477758158
3,400,0.0026558104754559613,0.004070684085105241,0.004399413928063089,0.002656921678634078,0.0026573524849258737
1,401,0.020419458924441768,0.03203060999335672,0.03466898071878901,0.020414833507906835,0.020422516381022892
3,401,0.007573599233816751,0.011389245342936526,0.012100159518515516,0.007570154798767337,0.007570925220927173
1,402,0.036025637676435636,0.050634348459914574,0.051979373395459966,0.03601764577089386,0.036034060409509364
3,402,0.015858286751838632,0.021277783770594746,0.022117988089598632,0.015854481055352216,0.01585493386684654
1,403,0.045679085153278697,0.05918676362686763,0.06005114283180455,0.045675579581675244,0.04568628046108003
3,403,0.020856214504044752,0.027123210316967496,0.028125469469353234,0.020854063796845314,0.020852793849793334
1,404,0.04840903897316672,0.059467598514203045,0.06044944420961389,0.04841312509321414,0.048408932783391596
3,404,0.02169807043983015,0.027836248976055092,0.02817298121067197,0.021696736206882842,0.021694034088276287
1,405,0.04395990595178841,0.05777912927445516,0.05888982855773243,0.0439661218478363,0.04395603487568505
3,405,0.018251612872212754,0.023721849962517576,0.024339770976217767,0.018249248140015648,0.01824805769926978
1,406,0.03274752636668041,0.04712595465069551,0.04846727903813294,0.032749863581155614,0.032746576900979665
3,406,0.011071788722656994,0.015557936789084622,0.016136170645379307,0.011069553530622073,0.011070543239769203
1,407,0.015962244500003064,0.025581486317892227,0.026442020790431536,0.01596182298832333,0.015965147451048888
3,407,0.0016007154429256373,0.002435313058908007,0.0026638275614923874,0.0016013740115430415,0.0016009893146737126
1,408,0.004143147575869778,0.006866594726657609,0.007302574692352077,0.004141824115250723,0.004139389043958146
3,408,0.008468299476983137,0.012575056492861798,0.013270478559289067,0.008465572725251573,0.008467448891415378
1,409,0.02321722776231682,0.03583301670620534,0.03882928729709507,0.02321002658039842,0.023218566870253893
3,409,0.01651736675424923,0.022057946372884586,0.022888946521774534,0.016514697529313206,0.01651608873771377
1,410,0.03797906241176005,0.05268127881170328,0.05407807151910078,0.03796992365386299,0.037985728297310326
3,410,0.021140221709950963,0.027426008099566725,0.02837693159774374,0.021139202052939773,0.021138686109580612
1,411,0.04658071558614917,0.059587114925137005,0.060721891172005826,0.046577764402162304,0.046585313914505086
3,411,0.021557519125010405,0.02783871078731745,0.028394334207800083,0.021557040773274905,0.021554948114095678
1,412,0.04817668533164176,0.05981873634621806,0.06052601156960204,0.04818161785226681,0.04817494986350402
3,412,0.01770405563629856,0.023268123207670983,0.023994261984561636,0.017702374961752344,0.017701537035743755
1,413,0.04261682300739825,0.0567764846070732,0.05776462587877493,0.042623298969522,0.042613877771434695
3,413,0.010204773563101621,0.014615642637894683,0.015289909376615562,0.010203075820857539,0.010203801092505276
1,414,0.03042548052098976,0.0449060027700396,0.046019368916033414,0.030428437130386933,0.030426886518208605
3,414,0.0005257728675467001,0.0008009375389257864,0.0008968842307878997,0.000526250914233995,0.0005252865418249791
1,415,0.01295539138167029,0.020740830703227936,0.021061394849298667,0.012956556018169073,0.012961191402852937
3,415,0.009353085971090467,0.013649704181798639,0.014370412097798957,0.009351221421013092,0.009354127069542192
1,416,0.007343209540714536,0.011927134034997995,0.01249659867877572,0.0073408455196934674,0.007336491657804432
3,416,0.017137887002262937,0.02273742038286673,0.023532252200473756,0.017136721496838418,0.017139346408415943
1,417,0.025893253119080833,0.03941313157791297,0.04191028649914425,0.025885300899652935,0.02589199600996852
3,417,0.02137678313412299,0.02764898535118698,0.028467657979601418,0.021377374107193564,0.021378204798689248
1,418,0.03977061419193441,0.0544108367277547,0.05526668839954485,0.03976231674545733,0.03977497108529126
3,418,0.02137129414801899,0.027640605498598165,0.028467247870083496,0.021372178681531215,0.021371432948195886
1,419,0.04730490073213482,0.05980628538018961,0.060900808005275094,0.04730414575958675,0.04730722235738941
3,419,0.017122466661048517,0.022693780461269058,0.023516725349374323,0.017121979900659327,0.01712219338386861
1,420,0.04776726699064828,0.060022093771351474,0.06058631708453261,0.04777415187754708,0.04776502268712082
3,420,0.009329269228360845,0.013644857140380898,0.014341956568725497,0.00932850523665447,0.00932961508821105
1,421,0.041113341339879594,0.055604646243376715,0.056324655821774726,0.04112053270968861,0.041112557733586394
3,421,0.0005562941725538703,0.0008462368745190477,0.0009474105160704609,0.0005556293610874928,0.000556864347971291
1,422,0.02797844187769435,0.04209672763027436,0.04391886033037779,0.027981670077601755,0.027983063739873686
3,422,0.010229858235870536,0.014669473335464788,0.01531531903031507,0.010228776734342268,0.010232219250570385
1,423,0.009888743101184025,0.015867873590521393,0.016363034159376247,0.009890648534831731,0.009897210886789512
3,423,0.017721310718175672,0.023258759558077234,0.024005913868489014,0.017721675222986073,0.01772514696525051
1,424,0.010464095603221247,0.01673837797923197,0.0172069097629612,0.01046088927872431,0.01045696631186455
3,424,0.021565210410661978,0.02783519253921707,0.02838960173118492,0.021567506195414924,0.021569432230062264
1,425,0.02844116510761371,0.04262519632771401,0.04429634499840305,0.02843307039669904,0.028440439226919294
3,425,0.02113701216632819,0.027391662854996765,0.028371933324341826,0.021139357749048262,0.02113994497403834
1,426,0.041401855870187625,0.05583897436184574,0.05658656916562555,0.04139474787514938,0.04140680089570698
3,426,0.0165040205181035,0.022051994636562714,0.022868798187379594,0.01650481000276185,0.0165063286255409
1,427,0.04785522435711392,0.060022743464849426,0.06058150859721378,0.047856273429159886,0.04785799613959396
3,427,0.008446264242900965,0.0125378414721928,0.013238204836956566,0.008446541478356172,0.008448499724676933
1,428,0.04718473276885876,0.05971308337803721,0.06091176144645593,0.047192498167849754,0.04718381272506347
3,428,0.0016300845775966185,0.0024852720514092833,0.002713525500420571,0.001628914078508212,0.0016300376818715976
1,429,0.039452126484138685,0.05409575137506584,0.05508060341950694,0.039458603780471405,0.039453738880598596
3,429,0.011096922801913704,0.015575244628176981,0.01615809545337246,0.01109623576595887,0.01109954282578056
1,430,0.025406329657004394,0.03880376619514216,0.04142486023237717,0.02540821521742172,0.025412953777174174
3,430,0.018269447064170514,0.023757235346942775,0.0243472242147815,0.01827092330419885,0.018274409473109723
1,431,0.006753531289647828,0.011023873407967578,0.011571535737836359,0.006754816226667558,0.006762203042939745
3,431,0.021706709755504813,0.027827780092956767,0.02816477471605822,0.021710307133745825,0.021712462065798948
1,432,0.01351878294707568,0.021692107180698708,0.022000549955172574,0.013515473738583545,0.013514373906525348
3,432,0.02085419804120521,0.027169489109898838,0.028116078836324727,0.020857610941197268,0.0208589073564494
1,433,0.030864829204494865,0.04539840985689947,0.04639179853094865,0.030856952124762093,0.030867530885648115
3,433,0.015846240543597748,0.02125200256102378,0.02209388830199108,0.01584796983251653,0.015850535574260857
1,434,0.042876017972753915,0.05698383768561724,0.0579984515468056,0.04286998412065554,0.04288335593895428
3,434,0.007553089436261335,0.011365184393355198,0.012064819019206922,0.007554351780312268,0.0075571143872167675
1,435,0.048232632077625834,0.05975334197914976,0.06053975246058204,0.04823455704499348,0.04823652055864382
3,435,0.0026830548284915395,0.004097639591080292,0.004447648817770415,0.0026811979531419254,0.0026818127336910432
1,436,0.046428227017449746,0.05957101227813161,0.06061811570976066,0.046435259375134444,0.04642803742697842
3,436,0.011949683899304675,0.01645063184857356,0.016900112927753095,0.011948739269910386,0.011951384290764559
1,437,0.03763050848104981,0.052330951395811724,0.053770806908273135,0.03763461706074943,0.037632715285087846
3,437,0.018783790858660367,0.024293374411183,0.02455683635631788,0.018785501052540395,0.018788273822903143
1,438,0.022706827781897247,0.03524118056374011,0.03813190045542021,0.022706050687179537,0.022713015636701167
3,438,0.021803941949085144,0.0276351836909072,0.02788172937993172,0.021807886739423868,0.02180946235293027
1,439,0.003539201864052004,0.005886308826384719,0.006303371095100995,0.0035390526147295385,0.003545603410164299
3,439,0.02052448819663033,0.02673284836740162,0.027670099195019438,0.020528056986198626,0.020529402523691082
1,440,0.01651339166779488,0.026358427266133563,0.027504099126529055,0.016510218871302464,0.016512877265395628
3,440,0.015147986688299479,0.020373053789271973,0.021125043592012224,0.015149951113760834,0.015153098281589322
1,441,0.03316221159211739,0.04754405351454131,0.04892024862778705,0.03315464910281645,0.03316828472122559
3,441,0.006644320731635633,0.010093524682417308,0.010720443569884231,0.0066463350644315605,0.006649468492936297
1,442,0.04418873376532829,0.05795803570291818,0.05907512094650112,0.04418387872617671,0.044196986918185785
3,442,0.0037067199720829907,0.0056880646781042685,0.006113641453557389,0.003704067741974458,0.003704048644903697
1,443,0.04843209360262919,0.05960685487491463,0.06041861230023975,0.04843481882361669,0.048434775656345824
3,443,0.012782133482921149,0.017431027703778943,0.01756618773262417,0.012780288289413775,0.012782060980130499
1,444,0.04549409674162476,0.05905135309789942,0.059977012272993194,0.04550032135214923,0.04549204240382299
3,444,0.019264986177891845,0.024865479038111957,0.025322429895458454,0.019265927474009476,0.019267647924935065
1,445,0.03564800433977871,0.05016517111234748,0.05151769459932478,0.03565026854430323,0.03564808607226871
3,445,0.021860104873644683,0.027298637856294165,0.02764241041734222,0.021863229797145747,0.021863837200100628
1,446,0.019889106661678996,0.03120208020126064,0.033792947120100295,0.01988684576461075,0.019892595819443568
3,446,0.020151153234808986,0.02621585433032696,0.027078455063838363,0.020153772157616684,0.020154793583284446
1,447,0.000259061312136493,0.0004216905815290267,0.0005254715393688919,0.000258472834330247,0.0002622425566445812
3,447,0.014410051973938172,0.0193824157458972,0.020050430147849182,0.014411419331861106,0.014414734015406662
1,448,0.01943834782525354,0.03060881669653447,0.03300565456196926,0.019433883284039315,0.019441005024537494
3,448,0.005713479629579436,0.00872597398628426,0.009321568134791972,0.005715818797664127,0.005718829410022256
1,449,0.03532131379501102,0.04982512105104156,0.05115889657405325,0.035313077767031444,0.035329457317310374
3,449,0.0046978026554131466,0.007195498571708984,0.007710309600826175,0.004694381256944859,0.004693931739130251
1,450,0.04532964196730408,0.058964741172515406,0.05989479921237261,0.04532553054539858,0.04533705938344578
3,450,0.013588238719309476,0.018344427231831523,0.018741309414440598,0.013585179222538202,0.013586154186557488
1,451,0.04844677066093627,0.059714942798185164,0.06035110407086507,0.04845046138838538,0.04844681456170377
3,451,0.0197125020810596,0.0255417601050454,0.026232065697691084,0.019712036091045732,0.01971267197786689
1,452,0.0443809884182658,0.05812583976338191,0.05924202493735288,0.04438731392278826,0.04437666457783475
3,452,0.021877888180122828,0.027189335318708343,0.027287594023709838,0.021879378571404342,0.021878931727664495
1,453,0.03351152441810266,0.047871564749931955,0.0492959598061422,0.033513989932063226,0.033509902419204235
3,453,0.01973816827739534,0.025562366974191623,0.026277744728823174,0.01973906808024004,0.019739578144182566
1,454,0.016976309026185202,0.02705926897879885,0.02840973784568105,0.016975648817549444,0.016978540848440787
3,454,0.013635209334218973,0.018395427800704713,0.01880773308331174,0.013635381615316751,0.013638508813204466
1,455,0.0030304220453211445,0.004991638906849099,0.005386025517217352,0.0030291626985898086,0.003027447345418963
3,455,0.00475464231277184,0.007300329772615003,0.007792027774294762,0.004756848047955584,0.004759309557728005
1,456,0.022273008624968175,0.03465380119684813,0.03750076654563347,0.022265835006032478,0.022275049671717034
3,456,0.005657398079654125,0.008653778977832382,0.009243788027170569,0.005653468053587907,0.0056529487646655744
1,457,0.03732886049125833,0.052000170517622436,0.0534876738031752,0.03731922847490056,0.03733605328061048
3,457,0.014362810512965967,0.01933141254168311,0.01998887957684763,0.014358726697383712,0.014359112119649192
1,458,0.04629230431316723,0.05952285960182934,0.06051387771794039,0.04628857950098312,0.04629735240609171
3,458,0.020124604225607235,0.02615172685493591,0.027042185070120593,0.02012274949509558,0.020122385924257365
1,459,0.04827625790630227,0.05972675009948928,0.06052731266992046,0.048280782960274445,0.048274211451174436
3,459,0.021858742198813428,0.027278486851616823,0.027626388558268933,0.02185849001454498,0.021856998934277613
1,460,0.043094525987006665,0.057139981857419045,0.058213960524498495,0.043101124047526015,0.04309026063383469
3,460,0.019289341916389403,0.02491473637022457,0.025374435531861084,0.019288402159367814,0.019288268865527355
1,461,0.031234028274909682,0.04574164810333776,0.046780012748497,0.03123715152565011,0.03123380711377411
3,461,0.01282802598541503,0.017483663245986446,0.01760151807005467,0.012826862859018653,0.012829475673340857
1,462,0.013990564112934688,0.02251593175758327,0.022801230947918475,0.013991720108836243,0.01399496063734986
3,462,0.003763792568356779,0.005763181512544917,0.0061996957812550935,0.00376554265157697,0.0037671305330881652
1,463,0.006257906858594518,0.010213429161409937,0.010769708709958062,0.006255298109526169,0.006252069316366008
3,463,0.006589681380255634,0.010016451184364164,0.010648516577957845,0.006585680815104258,0.006585523950885144
1,464,0.02499228507123797,0.038247175658481763,0.04097997744714672,0.024983763012915834,0.024991569180454386
3,464,0.015101946529910707,0.020291837816828993,0.021071024576141476,0.015097470613150558,0.015097593341192986
1,465,0.039175889450931416,0.05384741384919434,0.054902443932233216,0.03916651179724734,0.03918060382282707
3,465,0.02049859403163801,0.026715512992004874,0.027641760171606206,0.020495999998057502,0.02049486814696604
1,466,0.047076721875257174,0.05969933750764262,0.06090640686385713,0.04707476305175126,0.047079169186428564
3,466,0.02180254598298845,0.027623250289601792,0.02787364081286821,0.021801160350862797,0.021798777841230937
1,467,0.047926704991414965,0.0600359267252743,0.06056193401172538,0.04793290097147707,0.04792384652104583
3,467,0.01880763360867552,0.02433534054211454,0.02456477769425696,0.01880540676611893,0.018804623279497407
1,468,0.04164519832182505,0.056022863469726465,0.056841655012832754,0.041652435786165155,0.04164305110518677
3,468,0.011994533620456905,0.016504099938039443,0.01693602481814785,0.011992400587604375,0.01199428140017364
1,469,0.028829273186242926,0.04306748768349988,0.044612728397287436,0.028832882756800175,0.02883248804772688
3,469,0.00274008688756713,0.004200035107155648,0.004536866018253828,0.002741251389951614,0.0027418651721010504
1,470,0.01094474052779972,0.01749385136657174,0.017959659608916156,0.010946999460509114,0.010952363220798482
3,470,0.007500562207310636,0.011288171917670675,0.011998359531355925,0.007496958439107558,0.007497613949640703
1,471,0.009404653999368769,0.015092276421709523,0.01560210846250172,0.009401082497572797,0.009397245895696956
3,471,0.015803169816870872,0.021216126771751154,0.022048241109042774,0.015799133336370504,0.015799531315244836
1,472,0.027583638285697848,0.04156637546231742,0.04353704213163295,0.027574858224915098,0.027582208803974155
3,472,0.020831159793151144,0.02710944435122525,0.028098082101307677,0.020828809103331434,0.020827499777680756
1,473,0.04086136187920149,0.05540522407445787,0.05608317750473472,0.04085327050988754,0.04086559134188544
3,473,0.021707516788261976,0.02782871112051615,0.028149032777814144,0.02170602038507061,0.021703286410903678
1,474,0.0476860718161936,0.05998077292034475,0.06062448497365096,0.04768638141897749,0.04768805895488581
3,474,0.01829452518831275,0.023761006121928618,0.02436088234067629,0.01829199477816321,0.018290866192713456
1,475,0.047403144473489166,0.059874040878709095,0.06086014917334,0.047410969318802045,0.0474011149904188
3,475,0.011141524443483588,0.015629444631815783,0.016198573833731713,0.01113915103051572,0.011140331925111003
1,476,0.04003801475532917,0.054640940227398335,0.05548313495553159,0.04004533859317139,0.04003838443636266
3,476,0.0016870491424764453,0.002567464461596149,0.002805433579035248,0.001687709241249966,0.0016874797599517796
1,477,0.026300341427046566,0.039936922878511354,0.04232280029862894,0.026303344066718838,0.026306170496419333
3,477,0.008396263647912412,0.012488911334835238,0.013177889470811102,0.008393406103740153,0.008395184742927206
1,478,0.007834540036613984,0.012676168191414379,0.01325259498714224,0.007836711101017779,0.007843310422606298
3,478,0.016465431681254476,0.021986140745627936,0.022830974734655375,0.01646255304917272,0.01646387309059799
1,479,0.012480600873084896,0.01992863516145462,0.02029643280595213,0.012476617501038779,0.012475053794374365
3,479,0.0211189494085635,0.027411937195390222,0.028362333510332786,0.021117740846598666,0.02111714303720988
1,480,0.030049490401754003,0.044533266853860706,0.04566943776954913,0.030040809652639413,0.030050831063928245
3,480,0.02157054691345671,0.027845817923705884,0.028380515176043185,0.021569902426237946,0.021567728994525876
1,481,0.04238927382027815,0.05659696709181957,0.057519765939440116,0.04238233475437041,0.042395684305800506
3,481,0.017749636027105872,0.023304413651980025,0.024027266050907686,0.017747769822042785,0.017746955127209203
1,482,0.04812292996311871,0.05988665169230279,0.06051207514630083,0.0481244549149741,0.04812627329833399
3,482,0.010275354306518046,0.01469346761907017,0.015362281596980724,0.010273490975478283,0.010274364502466427
1,483,0.046706559787463124,0.05958293451015625,0.06079810104655072,0.0467141433383813,0.046705914728966486
3,483,0.0006132528642424377,0.0009360954892604423,0.0010411716646357933,0.0006136843947766493,0.0006128493227317303
1,484,0.03827165513897834,0.05293689490035092,0.0543375294935305,0.03827700540904322,0.03827356930257058
3,484,0.00928175136953122,0.013561123503113011,0.014288204642760673,0.009279804776863068,0.009282661436021461
1,485,0.02364424712211162,0.036431900574153915,0.03936879094725097,0.023644819193222644,0.023650613537462308
3,485,0.017089055379339625,0.02268385361863898,0.023487402341828542,0.01708774535207948,0.01709033690181242
1,486,0.004647643157469342,0.00765435789788619,0.008129186878032298,0.004648525629786433,0.004654881027176538
3,486,0.021359437166742556,0.0276239287206625,0.028466265401467596,0.021359905900317395,0.02136068080247039
1,487,0.015496077617635665,0.0249069550684894,0.02552914808691159,0.015492319181925677,0.015494375026536923
3,487,0.021388166002656063,0.027663323598055775,0.02846806248131602,0.02138894241325525,0.021388130412757087
1,488,0.03239103618423487,0.046816928871599606,0.048092386804850035,0.03238276120045518,0.03239622367279027
3,488,0.01717093610528037,0.02274763328918478,0.023560638229482078,0.017170309545951966,0.01717054548687569
1,489,0.043758259984149,0.05766063693726821,0.05872056443859398,0.04375253862914953,0.043766507146788536
3,489,0.009400468534149515,0.013726939326224059,0.014423070751865547,0.0093995649238618,0.009400793047556696
1,490,0.048384096631918054,0.0595324182136431,0.060471493881952255,0.04838642851045122,0.04838727100917229
3,490,0.00046880252223655347,0.0007116603200694751,0.0008018817214063185,0.0004682096233784,0.00046933814839728196
1,491,0.04583354399430283,0.05926249326048684,0.06019049139578021,0.04584022224561706,0.045831954239028354
3,491,0.010159196880098621,0.014585536888036352,0.015242199196598052,0.01015809455245554,0.010161548121971724
1,492,0.036343755309010434,0.050953239680910374,0.05238291439999906,0.03634686976970099,0.036344359347036836
3,492,0.017675433699604535,0.023217752523326154,0.0239723523763201,0.017675744736472078,0.01767926297225982
1,493,0.0208648119002768,0.03262505736341567,0.03542167451369525,0.0208632198139422,0.020869007671080162
3,493,0.021551766467591233,0.027828190171462614,0.028402826760605755,0.021554039032052167,0.021555999426290322
1,494,0.0013858167394095577,0.0022960263996544008,0.0025325334679955455,0.0013856596456515438,0.0013897438123119488
3,494,0.021157851658961672,0.027410707024117898,0.028385868773781634,0.021160182417795225,0.021160785409954974
1,495,0.018446761830439775,0.02920626431336927,0.031187458630942244,0.018442420413772583,0.01844884228214604
3,495,0.016555606673454657,0.022116231875781486,0.022926198127901413,0.016556339324161506,0.01655793537559959
1,496,0.03459906366510581,0.048961269378996766,0.05043636012881289,0.03459075860355484,0.034606891315049106
3,496,0.0085181426114269,0.012629714799001235,0.013330314465897788,0.00851833211787802,0.008520426569792981
1,497,0.04495901155887335,0.05868781513653976,0.059642504641688916,0.044954595537553904,0.04496683989278378
3,497,0.00154374034485843,0.00235150104202365,0.002570630804323304,0.001542642008433258,0.0015436791477584386
1,498,0.0484624348514733,0.05978863210839301,0.060144785391557265,0.04846610700334492,0.048463069993017686
3,498,0.011027184834520183,0.01550146184120351,0.01609494783373528,0.011026538943281686,0.011029894524673454
1,499,0.04478138283938221,0.058517867200856506,0.05952534955393559,0.04478823090504225,0.04477715585441782
3,499,0.018226366379565134,0.02371852441030715,0.0243255398737039,0.01822789054970105,0.018231489150984975
1,500,0.03425868978995297,0.04861793574284271,0.05009968717298021,0.03426163820620177,0.03425686792445946
3,500,0.021696989875438687,0.02783596739193985,0.028187908882685103,0.02170067827857128,0.02170295250800958
1,501,0.0179816781756993,0.0285289033499908,0.030332443410836397,0.017980912857632387,0.01798354145821355
3,501,0.020878948371511368,0.027192372602600247,0.028142592657462703,0.0208824552646743,0.020883856635776236
1,502,0.0019105821669377922,0.0031645279765210835,0.003454436248168457,0.0019094976113318196,0.0019083970843351014
3,502,0.015901095186227707,0.02131695492885258,0.02216251492580293,0.015902862386245765,0.015905584184061843
1,503,0.021315182385549452,0.033178427824149294,0.036088353031883895,0.021308399256070327,0.02131824476756247
3,503,0.007625980845607314,0.011458236786145928,0.012165401655054515,0.007627213583241564,0.007630171761659103
1,504,0.03665972754451755,0.051309385791864996,0.05275033617908703,0.03665008788609395,0.03666795746682881
3,504,0.002598770680238325,0.003969355728090246,0.004308936781058582,0.002596962395372356,0.0025974910131782263
1,505,0.04598287949966094,0.05939460753568504,0.06030386423497069,0.045978868687911775,0.04598908219882784
3,505,0.01188130351960351,0.01638027125395908,0.016843919561833804,0.011880437490392746,0.011883130878333136
1,506,0.04835474454687824,0.059591099245896756,0.06048353104074616,0.04835928907506472,0.048353202906478
3,506,0.018743394246268252,0.02423506231208228,0.024544102383088115,0.018745232711840292,0.018748134527817855
1,507,0.043553066668254994,0.0574687973035732,0.05857376104083627,0.043560146085392375,0.043548204215149315
3,507,0.02179767695634661,0.027654851090869834,0.027893144599177713,0.021801809155974513,0.02180353609623313
1,508,0.03202764071367164,0.04647118989486077,0.04769668835873151,0.03203115188827294,0.032026270167956866
3,508,0.020552926869866237,0.02677005927757151,0.027713036643708753,0.020556680391513097,0.02055818252116862
1,509,0.015018734579647109,0.02415952882828055,0.02462687161041576,0.015019939558662187,0.015021761808797421
3,509,0.015206118977252103,0.020449505397994523,0.021207479574632232,0.015208197712738677,0.01521156887793542
1,510,0.00516307112450731,0.008469771792338151,0.008959586395212486,0.005160193968980925,0.0051587434396487605
3,510,0.006718718165151948,0.010206532453772257,0.010830040176197295,0.006720759350790958,0.006724153006861361
1,511,0.024076329496344338,0.03710885076326369,0.03991169751372395,0.024067465591007812,0.024077065555532223
3,511,0.003624983914566762,0.005556999562055134,0.005979739164554491,0.003622344526763656,0.0036222077978546987
1,512,0.038562311764492804,0.05326127403778659,0.05452665863745413,0.03855219441680712,0.038568382924446205
3,512,0.012715606527065394,0.017344159984581727,0.017511370428619506,0.012713830058875268,0.01271561863702937
1,513,0.04682812252558528,0.05962433117172172,0.060842939869223886,0.04682531501377503,0.04683170321107584
3,513,0.01922725110412176,0.024814107993688116,0.025241098718422148,0.01922834053577879,0.019230164603494502
1,514,0.04806581976824399,0.05996786597370418,0.0605123329499491,0.048071666624245814,0.04806315268261998
3,514,0.021857027586127623,0.0273310496665074,0.027666830073982893,0.021860371682280937,0.021861116335082975
1,515,0.042158581945554295,0.0564016672099313,0.05732009462035022,0.0421661614823993,0.04215548973311478
3,515,0.020182961114264406,0.026260241632137922,0.02713266868456155,0.020185792416709602,0.02018698730661405
1,516,0.02966550721527979,0.04407513986823274,0.04533970215267934,0.029669668574672695,0.02966732930873886
3,516,0.014471308455387856,0.019466463163103884,0.020143320838561463,0.01447281624521477,0.014476402553100362
1,517,0.011993103173041066,0.019149648525501127,0.01955830984552648,0.011995763900005054,0.011999485168062938
3,517,0.005789896498333974,0.008841742082401743,0.009439214860022986,0.005792303222145914,0.005795619852104613
1,518,0.008337237674079434,0.013463771735436378,0.013993999486580108,0.008333376681088517,0.008330364486693805
3,518,0.004618705817879172,0.0070784267663530215,0.007583312861543885,0.00461524894233028,0.004614639141375266
1,519,0.026711739866233746,0.04055575284483769,0.042726080942465966,0.026702467285075183,0.026710565139710006
3,519,0.013524031403391793,0.018268883779681642,0.018637915511943527,0.01352097990468711,0.01352192720767444
1,520,0.040302768028540825,0.05492308474005212,0.05566623505215919,0.04029395032418082,0.040307221601259595
3,520,0.019677515499167183,0.025478910972831396,0.02616177701359301,0.019677142940053773,0.019677842440249668
1,521,0.0474970332512726,0.0598821917387428,0.06079003055247546,0.04749683217941401,0.047499076245329994
3,521,0.021877814862872998,0.027185391827048353,0.027319378585424058,0.021879470592901715,0.021879131923088834
1,522,0.047601516012580336,0.059955176851017054,0.06070500877847085,0.04760957764283954,0.04759897508266022
3,522,0.019773012162526502,0.0256207826728613,0.026348020206468235,0.01977406918426649,0.019774757508735502
1,523,0.040605344959280934,0.05517393998510993,0.05589963367960205,0.040613675363277965,0.04060471771595009
3,523,0.013699286783120945,0.018470703404054056,0.018908785688296976,0.013699561358840179,0.013702995059262937
1,524,0.027179340932411623,0.04111959462034423,0.043177125795310266,0.02718358475159139,0.027184276676087797
3,524,0.00483349646104912,0.007420772873649287,0.007916352826734342,0.004835777864233924,0.004838573141172417
1,525,0.008906244093133302,0.014364011322833867,0.014877318263648041,0.00890940134695424,0.008914712317053052
3,525,0.005580726876513682,0.008539555933140094,0.009122557163755336,0.005576711403164913,0.005575994282670804
1,526,0.011435794763330445,0.018272550017187392,0.01868757004582261,0.01143120170332163,0.011429653742422538
3,526,0.014301306441386677,0.019250968942673,0.01989264197707077,0.014297140832634688,0.014297457452944093
1,527,0.029220072340467432,0.04360238177195522,0.04493417270549578,0.029210785531562637,0.02922065880842805
3,527,0.02009255346053855,0.026104831698185626,0.026984899974321068,0.020090685830157475,0.020090345293747383
1,528,0.04188437911342387,0.056199713339539575,0.0570462252036233,0.04187685049427235,0.04189041677384856
3,528,0.021861616346935724,0.027245791603297938,0.027601399430171137,0.02186141180427752,0.021859997630556915
1,529,0.047993039752414354,0.060004145953467404,0.06054262889301947,0.04799453075285554,0.04799627743304991
3,529,0.01932693825658507,0.024963771553995606,0.025452867928189443,0.01932603812608216,0.01932608087971467
1,530,0.04696449093504728,0.05961634972308331,0.06088004690160401,0.046973038668640874,0.046963667877709524
3,530,0.012894491856063204,0.01758474254564031,0.017655318544996808,0.012893342081825718,0.012896281896372591
1,531,0.03889395886290747,0.053594171006475844,0.05473243803325825,0.03890103314831874,0.03889565972954245
3,531,0.003845303642340325,0.005890489737713311,0.006330305825680178,0.0038471048706710457,0.003849032459768787
1,532,0.0245670437330166,0.03773946027986068,0.04053253143917288,0.024569431114869544,0.024573492083221182
3,532,0.006515023838871263,0.009902335477705764,0.010536989337656903,0.006510904274580625,0.006510522293926109
1,533,0.005746685221823706,0.00938047041703034,0.009949036380551982,0.005748921630725446,0.005754512696850132
3,533,0.01504342192093159,0.020209889532066906,0.020987159719547194,0.015038781134049231,0.015038794018138058
1,534,0.014471585092759096,0.0233405730906752,0.02361574441549466,0.014467091904637316,0.014468934491237987
3,534,0.020469740759511162,0.026668444849279497,0.027597697104308733,0.020467022211010207,0.020465863354448607
1,535,0.03160466880295934,0.04614232934466702,0.047200817221565765,0.031595786140713206,0.03160925925262919
3,535,0.021808454569785127,0.027599639524596764,0.027860241441127944,0.021806984351224572,0.021804634510112598
1,536,0.04330853278670866,0.057305301471632555,0.05837972437174403,0.043302300541817204,0.04331707518394999
3,536,0.018847801094867344,0.024393904723636974,0.02457643994310361,0.018845477406903066,0.018844851904786613
1,537,0.04831510484804503,0.05965675090509775,0.060515508022756154,0.048317585987072524,0.048319137447889814
3,537,0.01206286405091862,0.01657462069536358,0.01699027041397155,0.01206063441627303,0.012062841467847297
1,538,0.04615234647754291,0.05948508879984668,0.06041811262675545,0.04616014789962536,0.046151646185271046
3,538,0.0028241751442341905,0.004331826295264493,0.004672379889714376,0.002825343989197871,0.002826278813919915
1,539,0.037021301232787074,0.051707353169972985,0.05317282593917431,0.037026038787311207,0.03702279870818122
3,539,0.007427415624919934,0.011186710892841532,0.011894527959682466,0.007423690123681717,0.007424110153018014
1,540,0.02182841064086719,0.03391622547048873,0.03687737630305939,0.02182827888949949,0.0218335950321314
3,540,0.015747786366631763,0.02114273281164084,0.021976452454745218,0.015743544558074356,0.01574379252128127
1,541,0.002508232405685267,0.004129867285592047,0.004502008375366626,0.0025091547231982287,0.0025130961454298537
3,541,0.020805802366283006,0.027080177747339854,0.028069277691161704,0.02080326116432247,0.02080186128341427
1,542,0.01744590215331256,0.02775482166552541,0.029293589173395782,0.01744131531326595,0.017447323454250714
3,542,0.021716682634607774,0.027816854470713626,0.028123791837411326,0.02171501370327525,0.02171224841067761
1,543,0.03385998675574714,0.04821053298362975,0.04966260800987817,0.03385143945656547,0.033867751316361674
3,543,0.018337228903862482,0.02380224112259433,0.024381218909463,0.018334501364431315,0.018333491037384263
1,544,0.04456817288709344,0.05830348605594899,0.05937356480347534,0.044563454386602065,0.04457698046540842
3,544,0.011211178595520902,0.01570054465046632,0.01625997028075968,0.011208620160140213,0.011210099209740055
1,545,0.04845684822680105,0.059769436657694776,0.06025993151710868,0.04846065433128304,0.04845889651902368
3,545,0.0017732476936921406,0.002701267790964123,0.0029451053792186846,0.0017738556673355386,0.001773917862366769
1,546,0.045161636016930476,0.05884683064543393,0.05979882191492996,0.0451692649656607,0.04515848669762361
3,546,0.00832415287539958,0.012392503579076767,0.013084485956296205,0.008321202959927845,0.008322765236641041
1,547,0.034989126893034905,0.04946223020625294,0.05084716934437721,0.03499289396555601,0.03498806987070506
3,547,0.016413232995842773,0.02193631242856278,0.0227721351788934,0.016410168390121938,0.01641132300002619
1,548,0.01897792077586732,0.02995517739187521,0.03218595713962663,0.018977435935242554,0.01898023891636516
3,548,0.021097357521142876,0.027378086167909918,0.028346787516303887,0.02109596625732636,0.021095233818450014
1,549,0.0007852041242415831,0.001299112746415916,0.0014616613117151259,0.0007839973866274147,0.0007832246061117385
3,549,0.02158327039466093,0.02784848665200886,0.028365818635726563,0.021582445197432725,0.02158018844533349
1,550,0.020345006773229153,0.031907306688181966,0.03455603725054349,0.020338429749618914,0.02034888531170404
3,550,0.01779499319265886,0.023343633880247086,0.024059559779221702,0.0177929053647149,0.01779216692989614
1,551,0.035972552152626076,0.05058675035882337,0.05192007343762189,0.03596288524755683,0.03598187293792255
3,551,0.010345881954976047,0.014770774388679983,0.015433518601581512,0.010343802373894841,0.01034492624729388
1,552,0.04565318534282924,0.059168144787645746,0.06004090096597777,0.045648985057671065,0.04566087504229782
3,552,0.0007006804995980894,0.0010690268323706408,0.0011839009712152225,0.0007010090516377547,0.0007004359623848878
1,553,0.04841273816752813,0.059485829612424816,0.060445438289509164,0.048417454108917075,0.048412283102555756
3,553,0.009210358531248415,0.013483934854552295,0.014204136652803153,0.009208371483252471,0.009211063859179065
1,554,0.04399286483805578,0.05780563604451623,0.05891928715845536,0.044000652630427274,0.043988116506794885
3,554,0.017039972028648993,0.02263717059091848,0.02344113061232545,0.01703854428864254,0.01704101024045714
1,555,0.0328065205393261,0.047184100032685056,0.04853773658182211,0.03281071833368359,0.03280470845605431
3,555,0.0213417684048867,0.027598274851655818,0.02846398351687151,0.021342125154370867,0.021342790313400854
1,556,0.016040001113403604,0.025708263291870172,0.026608623519437644,0.016041547255068147,0.016042206893930353
3,556,0.021404718815157917,0.02768559229363062,0.02846792500611867,0.021405376526502578,0.021404492452618617
1,557,0.004058576025795986,0.006732940035678624,0.007174289358098803,0.004055171620526335,0.0040555006921303115
3,557,0.017219164841602307,0.022795124454395806,0.023603260798415644,0.017218365601749684,0.017218672639253578
1,558,0.02314571589872625,0.03573290205893803,0.038740880205341964,0.02313639596457984,0.023147859668323185
3,558,0.009471623807138986,0.013804599634908246,0.014502677690236084,0.009470532565095145,0.009471973508406754
1,559,0.03793014513599198,0.0526379918302552,0.05403325096020819,0.03791928042688144,0.03793761440986547
3,559,0.00038124999572079803,0.0005766333308205083,0.0006543941226240303,0.00038078766640788796,0.0003816838295279727
1,560,0.046559466309877263,0.059597450844795834,0.06070776333638448,0.046555920050424186,0.04656431654647333
3,560,0.010088469850593595,0.014508034808306874,0.015167963076029228,0.010087391504084529,0.010090747726556245
1,561,0.04818507321940581,0.05980271120581299,0.0605284844781005,0.04819079157963932,0.04818274519095021
3,561,0.017629320269565648,0.023181447372690112,0.02393794349028076,0.01762960999999396,0.01763308997774636
1,562,0.042654053551609866,0.05680921017029579,0.05780054718711249,0.04266222195056745,0.0426501332429092
3,562,0.021538010562684926,0.027821322598805563,0.028414929798809625,0.021540277163429416,0.021542223945702155
1,563,0.030487804809347735,0.04496754810521111,0.046078492293234456,0.030492751434878375,0.030488336117173012
3,563,0.021178371356352525,0.027421896651478733,0.02839878700194721,0.0211806842571884,0.02118130082262372
1,564,0.013034715732069704,0.02085768710560355,0.021207573039856726,0.013038045341170656,0.013039903633672275
3,564,0.016606937808956595,0.022174421343570748,0.02298298934754018,0.016607588253062452,0.016609310402360484
1,565,0.007260742689043331,0.011797963099638438,0.012378285128102197,0.007256203421775662,0.007254485879681195
3,565,0.008589962374048365,0.012724375093029521,0.013421916408725703,0.00859002342567444,0.008592342244145672
1,566,0.02582502244899013,0.039345903662510805,0.041848796147054154,0.025814838313137398,0.025824272694046184
3,566,0.0014572543599898448,0.002217858091329876,0.002425932523859814,0.0014562846336199523,0.0014571169676961219
1,567,0.03972587209943984,0.054368128674741154,0.055241808450046836,0.03971588273490927,0.03973072803286486
3,567,0.010957353330548788,0.015428304281276891,0.01603054432037011,0.01095679533905063,0.010960100101674804
1,568,0.04728819821484754,0.05980529861080823,0.060903652042097356,0.04728704241520372,0.047290461573358374
3,568,0.0181830627002628,0.02367667519075914,0.024302891529324855,0.01818467154543417,0.018188309695924696
1,569,0.047780203446213226,0.06002813256786359,0.06058252822077166,0.047788115869223394,0.04777722022634301
3,569,0.021686979095615785,0.027843961749843917,0.028209844277855486,0.02169078227733854,0.02169313988966974
1,570,0.04115471318132,0.055640040017743864,0.056362397140454774,0.041163789515859334,0.041153057820237766
3,570,0.02090339264489987,0.027206581552416464,0.028167895662859835,0.020906998123794488,0.020908512014048225
1,571,0.028044035640249602,0.042145973291963866,0.0439790468869714,0.028049444643322347,0.02804801908095596
3,571,0.01595568944964665,0.0213842138466308,0.022229398494512775,0.01595747775639598,0.015960409345958212
1,572,0.009969753712261858,0.01599824586296658,0.016495499767944687,0.009974046854807182,0.009977872131361833
3,572,0.0076987804210832435,0.01156018468565237,0.012263911903037345,0.007699951116460855,0.007703191115956424
1,573,0.01038344724285064,0.016625289135169828,0.01709832624313243,0.010377898527072695,0.01037656945292408
3,573,0.002514288104751087,0.003841055293148461,0.004168291928630091,0.002512578513794818,0.0025129122343026875
1,574,0.028376139918279003,0.04253383972142081,0.04424904377858502,0.028365736631440732,0.028375743723589742
3,574,0.011812790727154085,0.016308957019678612,0.016786456734395442,0.011812050072421353,0.011814701122678095
1,575,0.04136116974471328,0.05581092679106119,0.0565449955434505,0.041352467366135556,0.041366464041257024
3,575,0.018702781445241942,0.024182870286048447,0.024530616082709972,0.0187047880383458,0.018707757225216858
1,576,0.04784299529907405,0.06003278862154478,0.06058137724532942,0.04784388758372149,0.04784559632826286
3,576,0.02179114512334049,0.027676356554686997,0.02790349188764189,0.021795493646257005,0.021797347735656034
1,577,0.047202192130749464,0.05972784608372042,0.060910302514024385,0.04721124868454633,0.04720055934429362
3,577,0.020581083659092253,0.026813442365627153,0.027755153574721306,0.02058503304420843,0.02058670953851594
1,578,0.03949768231715503,0.05414289477643727,0.05511049232961762,0.0395062256479813,0.0394986006004282
3,578,0.015263997817754277,0.02053016492847793,0.021289608692154856,0.015266181753816015,0.015269837504774671
1,579,0.02547530312253378,0.038915582839455,0.041502275355161614,0.025479507653361946,0.0254814971157943
3,579,0.006792982735217209,0.010311353623033617,0.010938998801110801,0.006795025578837646,0.0067987677691723385
1,580,0.006836577529523322,0.011155585715680795,0.01171855543244207,0.0068403949265283225,0.006845008649374265
3,580,0.003543025565034105,0.005426057441196265,0.0058440227483623425,0.0035404409237240943,0.003540086177052202
1,581,0.013439651743820311,0.02154824617661529,0.021879651366143456,0.013433897943112309,0.013435577840790474
3,581,0.012648906507234216,0.017259645320819084,0.017456043732346993,0.012647242384968546,0.012648962743053572
1,582,0.030802981906445488,0.045339743275936456,0.04634426727801083,0.030792803700760506,0.030806167521840906
3,582,0.019189297188671135,0.02476543199589248,0.025158235220787216,0.019190574665648105,0.01919244806381674
1,583,0.04283943640336661,0.05696395780266719,0.05796541826167998,0.042831961868777614,0.04284725377754467
3,583,0.02185370265144808,0.027359736969211845,0.027690907436671717,0.02185729712764769,0.021858161884526415
1,584,0.048224981269966195,0.05976052989974629,0.06053842320689779,0.04822696853148706,0.04822878960461997
3,584,0.020214514687908254,0.0263108511059615,0.02718527230501889,0.020217573428937246,0.02021896581674886
1,585,0.046450323192771134,0.05958740397374024,0.06063473635595005,0.04645879581815802,0.04644952594928739
3,585,0.01453233032157414,0.019548359863188532,0.02023427486642583,0.014533974684878659,0.014537898247196646
1,586,0.037680341709083916,0.052364395164645285,0.053816649435794284,0.0376865381117652,0.03768196295499152
3,586,0.0058661418210325484,0.008955430830102303,0.009555246649952784,0.005868596747351246,0.005872310232050033
1,587,0.022779136094274996,0.035336992463481876,0.038241524275004934,0.022780644642944207,0.022784916749485323
3,587,0.004539391489706709,0.006950251716534671,0.007454478041987305,0.00453593255493793,0.004535067646394349
1,588,0.0036243552354842303,0.006044158932673464,0.006461878760571578,0.0036267391087445706,0.0036303602075234407
3,588,0.01345961464903354,0.018195021089072543,0.018533051121274107,0.013456608074003505,0.013457447700160816
1,589,0.01643588298794447,0.026240745129395594,0.027368888538756162,0.01643029769651966,0.016436023383548107
3,589,0.01964229766301591,0.025424520257744183,0.026091047024392088,0.019642053790031838,0.01964276624498327
1,590,0.033103803567129685,0.047491074809030476,0.048862067708970454,0.03309405633700628,0.03311067632409514
3,590,0.021877503096482565,0.02717769619566615,0.02735145035471542,0.02187935241484216,0.021879107503456504
1,591,0.04415652381026421,0.057927543873423006,0.0590504337411201,0.04415044772291239,0.04416540978598872
3,591,0.01980762667731637,0.02567845369880307,0.02641829205054481,0.01980885464141641,0.019809747985218243
1,592,0.04842922013507338,0.05958721592923671,0.06042454409531493,0.048432218046421296,0.04843179885678057
3,592,0.01376315887545166,0.01854907912537962,0.019008828916049467,0.01376353269486471,0.01376734120500081
1,593,0.04552089865790379,0.05906658700506397,0.05998930300263374,0.045528644966077246,0.04551812042888297
3,593,0.004912151238678257,0.007539269776010191,0.00803895301687302,0.004914492197587034,0.004917713649007067
1,594,0.03570198980384915,0.050254638356686615,0.05159056719361099,0.03570628914884649,0.035701297087955525
3,594,0.005503863705894318,0.008427413788381665,0.00899949882407815,0.005499787920795437,0.0054987824243763715
1,595,0.01996423009606042,0.0312945078570725,0.03393091291093894,0.019964158384736332,0.01996703270256647
3,595,0.014239564325613168,0.01916260743739415,0.019794359146641315,0.014235344298266239,0.014235515342829564
1,596,0.00034554100516221716,0.0005628739431085439,0.0006918389862878825,0.0003473661358964073,0.00034798546746596983
3,596,0.020060251261893213,0.026061084946339765,0.026925769690391947,0.020058396708841596,0.020058030719521783
1,597,0.01936292786914029,0.030467129185245405,0.03288237502553894,0.01935608913585756,0.019366630844140097
3,597,0.02186424932514417,0.02721687394165919,0.027575870910948205,0.021864112145395326,0.021862761369196966
1,598,0.03526673894779196,0.049774418628436345,0.05111138239624641,0.035256444040894376,0.035275934289189355
3,598,0.019364323240312953,0.02501913079942798,0.025529799040889832,0.019363469631328876,0.01936371593049395
1,599,0.04530205502583515,0.05894459424695107,0.05988069579341447,0.045296961598944,0.04531006046162032
3,599,0.012960790136839925,0.017677301681359853,0.017717545226651258,0.012959646933949034,0.012962982705172151
1,600,0.04844876887784241,0.059730389098985,0.060335886221573196,0.04845297400019093,0.04844844190983038
3,600,0.003926606467699353,0.006019545652252661,0.006459166409818627,0.003928442660963704,0.00393080296142558
1,601,0.04441240975625736,0.05815770913158863,0.05926751098485795,0.04442039497507502,0.04440703347835932
3,601,0.006440212253600808,0.009792830558543054,0.010424269250299108,0.006435991975250873,0.0064352980196615605
1,602,0.03356933663307654,0.047938831042940555,0.04935929252181287,0.0335739027576665,0.033566572403640554
3,602,0.014984639901766406,0.020143586139837032,0.020902267507559226,0.014979851310060075,0.01497968080613519
1,603,0.017053545432908525,0.02716628138847761,0.028567982605384654,0.017055168889069564,0.01705472688545646
3,603,0.020440610913614893,0.026619842830332044,0.027552938796716313,0.020437782167353015,0.020436549736426855
1,604,0.002945127902945602,0.004832629402734235,0.005250802021561768,0.002941376810922854,0.0029432536486205634
3,604,0.021814107150806682,0.027573397618587563,0.027845529749648098,0.021812560122026876,0.021810229639354164
1,605,0.022200313255129375,0.03455947680930183,0.03740695903295052,0.022190658060876944,0.022203545789466476
3,605,0.01888776457707439,0.024461248500247827,0.024587545921359137,0.018885340593611216,0.01888489968268462
1,606,0.037278394994814036,0.0519370667194319,0.05344148679860585,0.037266704945415154,0.037286679117174766
3,606,0.012131069203384715,0.016643206792960778,0.017043538386226603,0.012128729316213161,0.012131329857888977
1,607,0.046269383255354235,0.0595075446929893,0.060499263850414806,0.04626481817118213,0.046274845234413636
3,607,0.0029080734236575823,0.004457291328741596,0.004806135179309177,0.0029092280458514683,0.002910574865915569
1,608,0.04828300554043286,0.05970876212122503,0.0605245208033792,0.0482882309099145,0.04828032790607194
3,608,0.007354156561565274,0.011093155108686956,0.011788880545137216,0.007350323524978937,0.007350424239728644
1,609,0.04313030691620037,0.05716870683139298,0.05824466965257632,0.04313869038020029,0.04312481301676931
3,609,0.015692136204992695,0.021069333414629677,0.021902903652753575,0.015687698086469023,0.0156877244315144
1,610,0.03129526914796492,0.045799372140749875,0.04685672259561137,0.03130059872598903,0.031293778572426406
3,610,0.02078014299637234,0.027065477284485,0.028038922920356372,0.020777415700982526,0.020775878264739388
1,611,0.014069436403827039,0.022645973737141216,0.022947321678953074,0.01407305283095833,0.014072742260533087
3,611,0.021725568663373284,0.027802357294942077,0.028097287429973916,0.021723724122264764,0.021720911758146444
1,612,0.006174630075574075,0.01007830670362549,0.010644151802442705,0.006169455787551898,0.0061697753196951095
3,612,0.018379723551741774,0.02384033806988452,0.02440088118023406,0.018376785384791306,0.018375916523983096
1,613,0.024922821143386457,0.03818136883914286,0.040913421915987076,0.024911690998790145,0.024923072227753786
3,613,0.011280747470848734,0.015767490426356896,0.016320715040141303,0.011277982910380879,0.01127982311615877
1,614,0.039129633717592975,0.053800397102064336,0.05487657927038615,0.03911821590385071,0.0391351876253732
3,614,0.0018593071603999118,0.0028339991750072346,0.003083085233877106,0.0018598411663725254,0.00186028076673677
1,615,0.04705840135751541,0.05968989428963896,0.06090255793100229,0.04705578271622349,0.04706096497233976
3,615,0.008251964902599405,0.01229382415120331,0.01299034016322654,0.008248936394228029,0.008250201717678549
1,616,0.04793805378399128,0.06003676472318638,0.060557179890974075,0.047945178771753354,0.04793439918075286
3,616,0.016360769049969085,0.021865059183759906,0.02271223343680155,0.016357524749509262,0.01635844295680504
1,617,0.04168515448465788,0.056053581779537766,0.056878301219941245,0.041694362555419556,0.04168185305674158
3,617,0.021075445091027052,0.027367279252889773,0.02833016351253452,0.02107387179937737,0.021072954666690256
1,618,0.02889377648720456,0.04316122522631306,0.04467083903373186,0.028899785305359443,0.028895923437010602
3,618,0.0215956889272062,0.027853038728075496,0.028350416477053865,0.021594675417879003,0.021592314181344444
1,619,0.011025212343480993,0.0176334412693228,0.018089457636208256,0.011030165159479797,0.011031999506734651
3,619,0.017840126254582128,0.02337773094731081,0.024091139565662025,0.017837798477942923,0.017837153543093676
1,620,0.009323347971836714,0.014975072739026018,0.015491647772707041,0.009317073388065224,0.00931664225098418
3,620,0.010416353311578216,0.014847364883116101,0.015503955227420362,0.010414032295435707,0.010415462506539035
1,621,0.02751744393649302,0.041482541074014105,0.043481997919325575,0.02750598997111999,0.02751670262039645
3,621,0.0007880521303424732,0.0012019516689096002,0.0013246206479654297,0.0007882535610946816,0.0007880212795634856
1,622,0.040819221233349835,0.0553797849404422,0.056053785623426576,0.04080921271948401,0.040824034529925106
3,622,0.009138906803421396,0.013398352408175253,0.014118573370546873,0.009136895337911243,0.009139348183168501
1,623,0.0476722587965703,0.05997523901385959,0.06063904528054154,0.04767220522049753,0.047674142352428166
3,623,0.016990634165438695,0.02257991428412112,0.023393226480144188,0.01698909807157392,0.01699136937607141
1,624,0.047419026988461045,0.05988189371083909,0.060849200687258284,0.047428116114471605,0.04741615168412925
3,624,0.02132377375576093,0.027571386443634688,0.028460737828556536,0.021324023209084424,0.021324525985687973
1,625,0.040082138162710994,0.05469232409887394,0.05551738613983489,0.04009168670453219,0.04008151335159813
3,625,0.021420949790234393,0.02770655643488851,0.02846673057637622,0.021421485325579828,0.02142050248072319
1,626,0.02636819170218234,0.04004018020166329,0.04239538923373279,0.026373802727628907,0.026373193935099657
3,626,0.017267150765556825,0.022842848137363436,0.02364467874291621,0.01726616389351926,0.017266552279962485
1,627,0.007916925800132098,0.012797987671249872,0.01338352076897072,0.007921996014989807,0.00792504682756649
3,627,0.009542732606081565,0.013884938823290793,0.014580791897802599,0.009541430980960993,0.009543131246751638
1,628,0.012400891852479895,0.019797141319810134,0.02017725776868277,0.01239406912339885,0.012396021167170987
3,628,0.00029364315980846974,0.0004426625724731889,0.0005056228747819567,0.0002933390188755542,0.00029393238644044405
1,629,0.029986474938847617,0.044459398942201966,0.0456195540882313,0.029975111991577083,0.029988551746950833
3,629,0.01001767869336217,0.014419034710608163,0.015092634813790046,0.01001664317653417,0.01001983565591658
1,630,0.0423512159288639,0.05656713844515909,0.05748582394850275,0.042342528420220446,0.04235826954026189
3,630,0.017582967492713403,0.023141942028233616,0.02390252715372805,0.01758325097173068,0.01758663130726293
1,631,0.048113666826455445,0.059897779832272534,0.0605102768842229,0.04811510342333892,0.048116973635937005
3,631,0.02152393813775066,0.02780777244952897,0.028425959137604075,0.021526211203161224,0.021528096573242783
1,632,0.04672706163360434,0.05958805344945545,0.060807956963115944,0.04673614553954037,0.04672570825700129
3,632,0.02119856653161656,0.027440189977208103,0.02841063437179583,0.02120086662057322,0.021201471552766412
1,633,0.03832005948103429,0.052988729043513996,0.05437385554918566,0.038327748348118425,0.03832116747569497
3,633,0.016658010378607317,0.02222762257203401,0.023039283213238445,0.016658572135670305,0.01666042807007777
1,634,0.023715505569504806,0.03654896329537436,0.03946717999778859,0.023718736900608477,0.02372116789223266
3,634,0.00866172192381863,0.01282006550385176,0.013513481652305065,0.008661639305334522,0.008664220659064215
1,635,0.004732189285752777,0.0077866158249249055,0.00827759225666045,0.004736038809980089,0.004738712946876913
3,635,0.0013706356224645732,0.0020868199994821895,0.0022796359763917152,0.0013698195353757155,0.0013703856564719044
1,636,0.015417907350532058,0.024803570682540077,0.025387447006533795,0.015411311482546463,0.015417144519853978
3,636,0.010887431948887862,0.01535643656768186,0.015964943151174322,0.010886982867947073,0.010890181395132835
1,637,0.03233135233064682,0.04677341156561659,0.04803284524674513,0.03232050933794572,0.03233758917888347
3,637,0.01813953398945193,0.02363935314697326,0.024279108330186566,0.018141248206514003,0.018144876933143442
1,638,0.04372448578129925,0.05762590511151459,0.05869824265221044,0.04371726249273044,0.043733582209348566
3,638,0.021676672527664493,0.027852132740245627,0.028230675017856064,0.021680610946541185,0.02168301560615849
1,639,0.04837956271408291,0.059536909243584714,0.06047317571879652,0.04838207096204891,0.04838276728353845
3,639,0.02092752497249652,0.02722374547392209,0.02819206073098331,0.020931243464595163,0.020932852875637356
1,640,0.04585876014749444,0.059276991318197005,0.060212480679795156,0.045867084837170634,0.04585645621352562
3,640,0.01601001845236287,0.021451900361471092,0.022294881750020878,0.016011831588177726,0.01601498357668664
1,641,0.03639640020361834,0.05100879703985611,0.05245075346313663,0.03640185159475809,0.036396133005614784
3,641,0.007771487038223565,0.01165625195927717,0.012360923794165493,0.007772589551332322,0.00777614590426787
1,642,0.020939126042549803,0.03274788673555205,0.03554281798117984,0.02094012561118493,0.020942448448840516
3,642,0.002429614379052294,0.0037077148202725573,0.004025943930537228,0.002428022936091034,0.0024281104951576374
1,643,0.0014720567031243235,0.0024339217236364597,0.002697492486665561,0.0014748089264880488,0.0014749389448096462
3,643,0.011744150721194394,0.016241078293885314,0.016727875153394595,0.011743557213397964,0.011746120473181392
1,644,0.01837050085661518,0.02910698777732433,0.031059567545234968,0.01836339567697942,0.018373907124289848
3,644,0.01866195200234644,0.024130973233183126,0.02451635348134575,0.018664152062760744,0.01866715121681123
1,645,0.03454309750259026,0.04890433351883,0.05038492276745591,0.03453240521700839,0.034552254740440436
3,645,0.02178434231115567,0.027696659936654038,0.027912803197087607,0.021788934786710443,0.021790890863582126
1,646,0.04492981519012426,0.058663018016153826,0.05962438650178188,0.04492420158851257,0.04493850107176592
3,646,0.02060895244193474,0.026857305954422987,0.02779641448877083,0.020613120848885943,0.020614963543651336
1,647,0.0484627890599254,0.05979336941818807,0.06012828083253163,0.04846693549429765,0.04846323887036998
3,647,0.015321617304997035,0.020596627469727652,0.021371904160898455,0.01532391989519623,0.015327875779011107
1,648,0.04481129416385549,0.05855008415616472,0.059546767175314146,0.04481995347321983,0.04480605286493455
3,648,0.006867113283570796,0.01041706292182344,0.011048599679596295,0.006869160198749061,0.006873285816437649
1,649,0.03431530706555908,0.04869142758269543,0.05016122940746108,0.03432063844139221,0.03431225038345714
3,649,0.0034608503414112427,0.00530155630864506,0.005706827391735245,0.0034583325626867225,0.0034577167095058473
1,650,0.018058339674064304,0.02864845638796516,0.030488622352342405,0.018060192367607125,0.018058930608022963
3,650,0.012582039433749482,0.017170438579682368,0.017400294371172954,0.01258050718973322,0.01258212088238885
1,651,0.001824715545006637,0.0030198421311319504,0.0033124828538723867,0.0018207325364069128,0.0018239961761289851
3,651,0.019151125667124454,0.024720126100365745,0.025073772340600924,0.019152618199762345,0.019154510534494355
1,652,0.02124141869357341,0.0331003000438508,0.03598905319243527,0.021231817309952217,0.021246096236348003
3,652,0.02185012726281802,0.027391817923517848,0.027714461269917827,0.02185400408842282,0.02185496967618899
1,653,0.03660780786102219,0.05125554814805559,0.05269565771047245,0.036595826793891374,0.036617525225227716
3,653,0.020245808253652273,0.026346180891295024,0.027236287980466553,0.020249123659825924,0.020250709970751908
1,654,0.04595837776448162,0.05937963873946237,0.06028778961211717,0.04595334674890769,0.045965321131769536
3,654,0.014593110906913549,0.0196302837902486,0.02032353699704251,0.014594912531285288,0.014599191970156796
1,655,0.04835993705381038,0.05959357140265713,0.06048015717825946,0.048365163479380496,0.04835792720630749
3,655,0.00594221389532114,0.009065553883803536,0.009669290697133877,0.005944726993730296,0.005948872679479137
1,656,0.04358746764879962,0.0574781526236638,0.05860086963946148,0.043596485902122915,0.04358133258863577
3,656,0.0044598635240890045,0.006837478015476367,0.007324230665085761,0.004456406874897645,0.004455248529580975
1,657,0.03208784476307944,0.046524551997300025,0.0477678889216823,0.03209382878610848,0.032085000357017425
3,657,0.013394994596310673,0.01812288364627842,0.01842661733636623,0.01339204651224803,0.013392743521642436
1,658,0.015097178676792507,0.024284344461238897,0.024784567985661508,0.015101172244469718,0.015098766037071137
3,658,0.01960685117919882,0.02536445732213844,0.026019661472048438,0.01960675961241509,0.01960745695726743
1,659,0.005078968691743102,0.008335682575979872,0.008832757404638443,0.005073115607155311,0.005076102463565755
3,659,0.021876951533008452,0.027162522489006864,0.027383138807020393,0.02187902507061553,0.021878855427520407
1,660,0.024005681256108073,0.03697668273164309,0.03982892159181786,0.023993847591023867,0.024007882212764974
3,660,0.0198420069086731,0.025740524713073195,0.026488061988034307,0.019843435398256188,0.01984453072108591
1,661,0.03851460992748664,0.05320169033508726,0.0544995542464096,0.03850214285251865,0.03852195630179774
3,661,0.013826818379849868,0.01863047109596199,0.019108371098578734,0.01382731460323926,0.013831516941671144
1,662,0.04680827056868091,0.05962715430226649,0.060836903639771844,0.046804603733047824,0.04681227359422759
3,662,0.004990603922129079,0.007658839717472079,0.008160461409579435,0.0049930196712624645,0.00499670136322512
1,663,0.04807567418349872,0.059956724380857127,0.06050894564953205,0.04808241968779641,0.0480722938269944
3,663,0.0054268112283976195,0.008310286819699602,0.008874716819823682,0.005422671517254012,0.005421342713808826
1,664,0.04219721386576474,0.056436035070386144,0.057355778509358926,0.04220690785184673,0.04219281752976986
3,664,0.014177589921018224,0.019078085490801068,0.0196941374528244,0.014173319912340911,0.01417331235658161
1,665,0.029729001413057933,0.04414906077727115,0.045399109605474545,0.029735819903486293,0.029729440715084352
3,665,0.020027701148676687,0.026021757877864874,0.026864791545446264,0.020025874817030425,0.02002545538753224
1,666,0.012073108590912544,0.019287639571036703,0.019688022003455815,0.012078791957808241,0.012078242700570412
3,666,0.021866641164732446,0.02718797329899061,0.02754957810408368,0.021866594509457073,0.021865286918399195
1,667,0.008255214983801513,0.013331043052270739,0.013876000726512648,0.008248286161539874,0.008249485697821902
3,667,0.019401493010921308,0.02506862918055591,0.025605079504127423,0.01940070974021527,0.01940115473329417
1,668,0.026644394396221592,0.040444029725125695,0.04266493798246337,0.026632089306081755,0.0266443131888352
3,668,0.013026913301423594,0.01774652204991707,0.017813000624860652,0.013025797197035392,0.01302954622806827
1,669,0.04025922868981504,0.05488421485028009,0.055638929160325444,0.04024818472596985,0.040264588286305844
3,669,0.004007696809925076,0.006145666864351491,0.006586597133652533,0.004009585109852378,0.00401240943698118
1,670,0.04748172010293251,0.05987334778110198,0.060801012429321795,0.04748096722268084,0.04748383557761743
3,670,0.006365248521190539,0.009690781302234788,0.010310603525346624,0.006360916994661766,0.0063598792582221205
1,671,0.04761591920002228,0.059966421894966704,0.06069247968691003,0.047625234389710676,0.04761250816327251
3,671,0.01492560548714423,0.020063096829929076,0.020816594908149445,0.014920663416235698,0.014920278019835663
1,672,0.040648134380000686,0.05521506394417624,0.05593315680265864,0.04065885739925452,0.04064631255981201
3,672,0.02041120839716486,0.026578854716482296,0.027507541029117025,0.020408273381454737,0.02040693875794191
1,673,0.027246145750227376,0.04119717128577889,0.043242915755968905,0.02725328886631621,0.0272499445208276
3,673,0.021819504880261225,0.02754747407295296,0.027829461349058133,0.021817892852655833,0.021815558699905375
1,674,0.00898804013906736,0.014497473199645007,0.015006727994632301,0.008994463535665602,0.008995511677242942
3,674,0.018927521409352437,0.024520682163657576,0.02459817323617191,0.01892501110433871,0.01892474632861516
1,675,0.011355475365570399,0.0181471309924098,0.018577197165787013,0.011347658235116239,0.011350322855560367
3,675,0.012199141667833315,0.01671522604773784,0.01709585401857067,0.012196705682218187,0.01219971307768145
1,676,0.02915591613203445,0.043545761073516764,0.044884639774988265,0.029143568906209606,0.029157494437661174
3,676,0.0029917754932202315,0.004584515800595663,0.004938095324247995,0.0029929322509369967,0.0029947169660925594
1,677,0.04184490448829555,0.05617247232304974,0.057012909602951425,0.04183531657357396,0.04185177257082516
3,677,0.007280786687721414,0.01099305023956626,0.011681413517834449,0.007276831073052677,0.007276583650398962
1,678,0.04798223791181221,0.06001427383820226,0.060544909269450414,0.04798348431786427,0.047985507409908264
3,678,0.015636223197377144,0.02100098837853391,0.021827442238336252,0.015631575001298914,0.015631348548677284
1,679,0.04698347134116984,0.05962491636209529,0.06088419249454186,0.04699357237008892,0.04698185970779483
3,679,0.020754185070677424,0.027031022090219486,0.028006982159572546,0.020751265746572305,0.020749559300256803
1,680,0.03894099337369595,0.05364134698706271,0.054763392332377446,0.038950647773654555,0.03894169459864948
3,680,0.021734176278942887,0.02778775899531187,0.028069534770503883,0.02173215707416252,0.02172926939817817
1,681,0.02463726731941032,0.03780223439639403,0.04061357785429767,0.024642677210693586,0.024642756382126728
3,681,0.01842200732226688,0.023879905285577565,0.02441997602449819,0.018418862263888298,0.018418120577359177
1,682,0.005830604929561879,0.009517329802503586,0.010096578224276875,0.005836231217898743,0.005837457175328071
3,682,0.011350224182525754,0.015841911173530697,0.01638125841658666,0.011347259915576108,0.0113494686349176
1,683,0.014392767143061692,0.023226387951613164,0.02349151171797017,0.014385006168583897,0.014391283257600864
3,683,0.0019452194232149802,0.0029679540752927665,0.003219693684007848,0.001945693458269324,0.0019465279749078346
1,684,0.03154375147145614,0.046085881121544915,0.04713652065144622,0.03153189481435901,0.031549580241525356
3,684,0.008179701883116564,0.01219072148309915,0.012895838821988631,0.008176578729835519,0.008177522002695068
1,685,0.04327324655573707,0.05728196564854621,0.058355154836515814,0.043265197289988476,0.04328279763787122
3,685,0.016308042164896487,0.021814313705714898,0.022651479962952602,0.016304601420893246,0.016305251368222626
1,686,0.048308961691084125,0.05966341345143902,0.06051747090438335,0.048311486953817755,0.04831310848380865
3,686,0.021053213845394696,0.027334629318559026,0.028312489659861016,0.021051448522290867,0.021050310086879805
1,687,0.0461760172354343,0.05948618417270478,0.06043562430517521,0.046185554534592374,0.04617457694989463
3,687,0.021607802804474024,0.027856713034149428,0.028334356012718526,0.021606596881003227,0.021604095112014075
1,688,0.037072620517877755,0.05175574492994964,0.053231562375170585,0.03707996343454661,0.0370731346957252
3,688,0.017885033304497908,0.023411402220123487,0.02412201989213207,0.017882463699527822,0.017881889950627707
1,689,0.02190187127155994,0.034027734582543025,0.036990023131224375,0.021904711340707705,0.021906009293320924
3,689,0.01048676231855815,0.014930519735146577,0.015573892630415715,0.010484201185304541,0.010485936955173475
1,690,0.002594105739222695,0.004269862041792723,0.004660628201651534,0.002598384670864992,0.00259771663336953
3,690,0.0008753594679199308,0.001334673496830949,0.0014639478383485871,0.0008754450991883399,0.0008755618730879751
1,691,0.017368832990736653,0.027671868090003635,0.029158546661563263,0.017361058374946555,0.01737179796548911
3,691,0.009067399659496371,0.013319856240111493,0.014031257941746754,0.009065349594937818,0.009067544013202334
1,692,0.03380265076080871,0.04816369329968047,0.049605063035395296,0.03379131762479284,0.03381196333503342
3,692,0.016941042694371303,0.022529686490364215,0.02334394482936232,0.01693938457546442,0.016941430200482225
1,693,0.044537377704254345,0.05826490627869852,0.05935474069108741,0.04453115195307619,0.0445472642716171
3,693,0.02130545265716756,0.02754287883559673,0.028456479616610773,0.021305588702381147,0.021305887945037932
1,694,0.048455561471792266,0.0597665668794558,0.06027445415797301,0.04845970553484079,0.04845757172429748
3,694,0.02143685707295569,0.02772558564720192,0.028464331637605752,0.021437270083410585,0.021436144611467013
1,695,0.045190033282096545,0.05887521542842273,0.05981677667662868,0.04519953920668128,0.04518588866874077
3,695,0.017314890910782733,0.022891392208721478,0.023685201902073013,0.01731371719107908,0.017314155687308576
1,696,0.03504453303564598,0.04953121235272761,0.05090429683798721,0.03505089746428076,0.03504215893269611
3,696,0.00961378989851484,0.013962527046480542,0.014657710122621176,0.009612280386886532,0.009614228986169994
1,697,0.019053976555266597,0.030075305894034593,0.032333707758270484,0.019056407672187685,0.01905484624322511
3,697,0.00020599402761880715,0.00030990526675214844,0.0003554221752012353,0.00020584067101374792,0.00020613214358537792
1,698,0.000698988983075115,0.0011501085523636387,0.0013189541990845934,0.0006944739748536893,0.0006987697062066315
3,698,0.009946828740825323,0.014344443378416814,0.015016426797368391,0.009945824896393628,0.009948844459878982
1,699,0.020270218928724215,0.031804163125407,0.03443993428423213,0.020260464373468567,0.020276028937178076
3,699,0.017536375680182674,0.023105546226095817,0.02386621644623907,0.017536645671957053,0.017539902002056518
1,700,0.03591917042417294,0.05053033574681447,0.05185838985192822,0.035906830367210034,0.03593025790336912
3,700,0.02150954678550026,0.027797748634322057,0.028435729327055796,0.021511828681958493,0.02151361437077229
1,701,0.045627071912194825,0.05915127669433496,0.060030948464843574,0.045621606910850036,0.04563572460058287
3,701,0.02121843316730439,0.02746171175439607,0.02842140818081107,0.021220729169749732,0.021221277737735914
1,702,0.048416331652242704,0.05950715802526491,0.06044182828965374,0.048421643529349204,0.048415489660858534
3,702,0.01670881994980038,0.02227405965267533,0.02309499251394005,0.016709302423924856,0.01671125617228739
1,703,0.0440258402177891,0.05783697031126786,0.05894746564975828,0.04403566239369343,0.04401971987519754
3,703,0.008733417242252036,0.012912118433853183,0.01360552866645639,0.008733200133199177,0.008736023919142022
1,704,0.032865650160295294,0.04724382387918846,0.04860783472884515,0.03287254402130529,0.03286213914949185
3,704,0.0012838977970089766,0.001951526403559728,0.002132142241303526,0.0012832264958887222,0.0012835363589352741
1,705,0.01611800463992719,0.02580943682146383,0.02676965218917938,0.016122628433166513,0.016118440901229467
3,705,0.010817427787116996,0.01528234328957068,0.01589814603918575,0.010817079748308991,0.010820174443083365
1,706,0.003973640661875423,0.006597680026213933,0.007044223993729441,0.003966873290400896,0.003972452056884064
3,706,0.018095780983437535,0.02360064034798821,0.02425417274030538,0.018097600781770657,0.018101207250879135
1,707,0.023073863713197265,0.035639954684302776,0.038650368279541804,0.023061224269879964,0.023077893305436664
3,707,0.021666066989746113,0.027856138499268605,0.028250577087659108,0.021670152953437476,0.021672576154152697
1,708,0.03788094170872099,0.05258419520720689,0.053990339643875465,0.037867402671016556,0.03789002436720727
3,708,0.020951339857597263,0.02724962146481677,0.028215279120577433,0.020955191169199184,0.02095685745679081
1,709,0.04653801969505882,0.05959723230601737,0.060693903400392,0.04653337842843906,0.04654349949129864
3,709,0.016064076302677466,0.02151910381746095,0.02235898242626932,0.016065935008510012,0.016069272297101492
1,710,0.048193375317100454,0.059793372083191604,0.060530495050113264,0.04819991558410053,0.04819032271641241
3,710,0.007844097261149848,0.011754231991006822,0.01245624359592161,0.007845149651328242,0.007848997856187883
1,711,0.04269132066372062,0.05684366196853986,0.057835641467229935,0.04270169406397059,0.042685862874729634
3,711,0.002344760541000404,0.0035833556966360725,0.0038823249029924286,0.0023432748417254257,0.002343135287297727
1,712,0.030550280210846104,0.0450334363767107,0.04613580189093755,0.030558084170019654,0.030549054765972167
3,712,0.01167539185157112,0.01617303869054673,0.0166682327789011,0.01167494028068163,0.011677427975689632
1,713,0.013114293654014635,0.02098506973923285,0.02135132342979098,0.013120920497432511,0.013117788846016535
3,713,0.018620907885559874,0.024082635390009627,0.024501265570565096,0.01862330889991475,0.018626335536720762
1,714,0.007177920348547149,0.011665065499524124,0.012256380693042863,0.007169957691812209,0.007173269423020629
3,714,0.02177726576573789,0.02771419949918806,0.02792570652239874,0.021782124493092272,0.02178416334596767
1,715,0.025756457797408972,0.03926063536586801,0.041785114080418025,0.025742866846443953,0.02575720919530081
3,715,0.020636527267571834,0.026896935352532965,0.027836550588952968,0.020640945817678624,0.020642922708196565
1,716,0.03968085706311741,0.05432318020540755,0.05521744393168669,0.03966827769856322,0.03968692323302199
3,716,0.015378970447588328,0.020675123006942766,0.02145403244352919,0.015381424078185085,0.015385647867626867
1,717,0.047271314581315726,0.0597995587579823,0.06090549989768,0.047269331378957696,0.04727379461802457
3,717,0.0069411064297571195,0.010523631326044721,0.011160179028991779,0.006943184587921785,0.006947668543935485
1,718,0.047793071947347554,0.06003245761784462,0.0605800623563449,0.04780212463312569,0.04778914392739787
3,718,0.003378466879147378,0.005175190418926098,0.005568651340812488,0.003375998227510406,0.0033751467478210385
1,719,0.041196137387897805,0.05567211837544115,0.056399660942832844,0.04120767226504931,0.041193020802223625
3,719,0.01251501425894317,0.01708159336759268,0.017344544937070203,0.012513608546980075,0.0125151337439216
1,720,0.02810979124073806,0.04225584376373282,0.044037983952684386,0.028118297753779536,0.028112259992131457
3,720,0.019112740006625748,0.02467434330818993,0.024988022219768397,0.019114459592113147,0.019116373439884152
1,721,0.010051017837423688,0.01612589503707438,0.016625160721994516,0.01005887043105986,0.010057737275144417
3,721,0.021846299854524086,0.027420871193012376,0.027737153517352276,0.021850488726199817,0.021851539329246612
1,722,0.01030245745986015,0.016513309013043057,0.0169878853772993,0.01029331994877599,0.010296905697468215
3,722,0.020276836210160215,0.026382812774383018,0.027286002499996402,0.020280448241165223,0.020282198484867363
1,723,0.02831078989274427,0.04245953707085079,0.044199201928391295,0.028296922667660675,0.02831163767712391
3,723,0.01465364248091274,0.019710645297619886,0.020411458214675843,0.014655643081420698,0.014660246991362386
1,724,0.04132022270972518,0.05578415471621188,0.056506249494151325,0.04130907967157044,0.041326496535519924
3,724,0.006018108913713834,0.009188017065945263,0.009782146483802536,0.006020716124265243,0.006025267788762681
1,725,0.04783059962760425,0.06003598971519774,0.06058071514809563,0.0478309864733662,0.04783323080339799
3,725,0.004380128614120162,0.006714301573380932,0.007192852755155495,0.004376650466873834,0.004375226637693599
1,726,0.04721959968075742,0.05974638767679714,0.06090898012261852,0.04723014138685431,0.047217002906440125
3,726,0.01333018018711596,0.018050922617774846,0.018318882959060662,0.01332728102583158,0.013327855147239135
1,727,0.03954330522604354,0.05418780410843553,0.055139073083589306,0.03955455179309853,0.03954292852436461
3,727,0.019571180840801252,0.02530628787623529,0.025947674758379963,0.019571252523190825,0.0195719369358131
1,728,0.025544451563463074,0.039005610218439665,0.041575234009626705,0.025551940618526607,0.025549345962317473
3,728,0.02187616009942404,0.027145516449646825,0.027414245506531133,0.02187848875991102,0.021878376152060036
1,729,0.006919879044334073,0.011275015243203738,0.01185910033364716,0.0069274367675421335,0.006927027094173102
3,729,0.019876148147361914,0.025786028749167855,0.026557044712039537,0.01987781977705503,0.019879084572727336
1,730,0.013360183185543632,0.02140947629373799,0.021755244313452198,0.013350740323530699,0.013357498024849711
3,730,0.013890257161386747,0.01871336642827432,0.019209180979372752,0.013890921814160176,0.013895484358984217
1,731,0.030740813821206053,0.04528736681080369,0.04629499742105527,0.030727210546194674,0.030745374584019877
3,731,0.0050688498870965805,0.007769918925487104,0.008281893383249798,0.005071383351384362,0.005075495157988929
1,732,0.04280260163122004,0.05693233225482901,0.057933625704760267,0.04279290312895762,0.04281149791985091
3,732,0.0053495746519618545,0.00818900378865794,0.008748612069962036,0.005345340369241813,0.005343717436582949
1,733,0.04821717620910005,0.05976375676553273,0.060536634867002316,0.04821895607868713,0.048221070087422435
3,733,0.014115391684073076,0.018996324011333988,0.01959243673524297,0.0141110541468181,0.014110887116479334
1,734,0.04647238401291365,0.0595916021718318,0.06065051483158839,0.04648255971012592,0.046470700994075784
3,734,0.019994908880988253,0.025964976976743735,0.026802061995666697,0.019993114823875134,0.019992640905576845
1,735,0.037730260535035344,0.05242963086438781,0.05386204616659751,0.037739224866194715,0.03773067689292006
3,735,0.021868793345675836,0.027163070274195268,0.027522447615287562,0.021868862404801025,0.021867574375263064
1,736,0.0228516420333475,0.035415468778037335,0.03835075188406374,0.02285642412775139,0.022856125495618246
3,736,0.019438444163880075,0.025118495184196066,0.025679268432063165,0.019437769630343632,0.01943837574585975
1,737,0.0037097787901514715,0.006181436343335966,0.006613127444182321,0.003715913204639421,0.00371430542919797
3,737,0.013092853208155026,0.017811488909560046,0.01791273441515167,0.01309180892831373,0.013095933177568207
1,738,0.016358031968567176,0.02612521223104156,0.027227258694337248,0.016348818338198894,0.016359905551673038
3,738,0.004088568863766286,0.006268965200779794,0.0067130286082305625,0.004090555984718216,0.004093808101911534
1,739,0.033045075526740214,0.04743479957236238,0.04880276471529596,0.03303207819522306,0.033053650003128765
3,739,0.006290136823657709,0.009576835964561471,0.010196564447822517,0.006285656938529426,0.006284306168719622
1,740,0.04412406791272985,0.05789461734061016,0.05902614830156279,0.04411607056935062,0.04413416605329615
3,740,0.01486632632488795,0.019983696262333508,0.020730484158493146,0.014861203776481516,0.01486062148569809
1,741,0.04842620572448835,0.05956778057175739,0.060429935196404105,0.048429289837310645,0.048428797508466584
3,741,0.0203815394958817,0.026527191016219472,0.027461522674700818,0.020378492005319687,0.020377050066247338
1,742,0.04554768355328637,0.05909153306775771,0.060000175072249154,0.04555727202053245,0.045543842537572855
3,742,0.02182465065491195,0.027520770241723978,0.02781202922610883,0.021822988536406556,0.021820620578945422
1,743,0.03575608324267695,0.05033531959879205,0.05165995475066461,0.03576312250193986,0.03575393085414621
3,743,0.018967069779460114,0.024565992504144544,0.024670242618598143,0.018964502582533863,0.018964369669636223
1,744,0.020039580995656957,0.03142139576957587,0.03406396858976995,0.020042685023354,0.020040740641547736
3,744,0.012267073822794792,0.01678812131632392,0.01714756567145715,0.012264580856006504,0.012267950707781743
1,745,0.00043222525482265186,0.0007055445269668768,0.0008566600795235958,0.00043760361497539223,0.00043276691713784376
3,745,0.0030752740050446676,0.0047112975230380934,0.005068962106088605,0.0030764805026226466,0.003078658002988948
1,746,0.019287159931121893,0.030382820395867087,0.032754754575350695,0.01927677551923383,0.019293023976637617
3,746,0.007207309669275806,0.010891978479394469,0.011572374715953192,0.007203189716663398,0.007202627281563589
1,747,0.03521185023464253,0.0497106724895817,0.05106332638786746,0.035198503187717965,0.03522299850587358
3,747,0.01558005377933657,0.020922133973072944,0.02175041024928466,0.015575160581517982,0.01557469754317592
1,748,0.04527423631979302,0.05892821830370552,0.05986606651647844,0.04526755306316173,0.0452833536523399
3,748,0.02072793455765676,0.027006179091621105,0.02797353974552544,0.020724807428390394,0.020722921215746908
1,749,0.0484506456098216,0.05974462353729449,0.060319940689158254,0.04845526515475084,0.04844997112998599
3,749,0.021742509050864663,0.027772755171749357,0.028040610342519017,0.021740319509134073,0.021737318159518935
1,750,0.044443836375140704,0.05819360514927213,0.0592911404553388,0.044453859122413446,0.0444369686678783
3,750,0.01846407977725402,0.023923448893997376,0.02443849232740067,0.018460747108328502,0.018460079977571788
1,751,0.03362727938281795,0.04799609385761883,0.049421231654092006,0.03363467853699456,0.03362258733721195
3,751,0.01141960216570367,0.01590107013847887,0.016442237384741265,0.011416469588800314,0.011418994624711673
1,752,0.017131030816686908,0.02728846821475854,0.028723597475549947,0.017135932403247938,0.01713012350064777
3,752,0.002030975705190646,0.003100883825162839,0.0033556235149632702,0.0020314361566267135,0.002032608797404895
1,753,0.002859460147755424,0.0046970376416202685,0.005111159840990517,0.0028520229512487296,0.002859890828697576
3,753,0.008107367580927602,0.012097878853254631,0.012801734301216334,0.008104106489853496,0.0081047647954785
1,754,0.02212726453022626,0.03444026841698712,0.03730844123610719,0.02211398622345453,0.022132803242106477
3,754,0.016255057099902718,0.02175623323392271,0.02259004840984566,0.01625138178305816,0.016251777484426085
1,755,0.037227626772656855,0.05187984152453953,0.053392538766538475,0.03721293692225041,0.03723786901903747
3,755,0.021030668256621775,0.027315366822047684,0.028293666823272504,0.021028690782403624,0.02102731295866034
1,756,0.04624624903215508,0.05950561163040643,0.06048443094286589,0.04624030482785305,0.046252571143144836
3,756,0.021619614906317326,0.027858677980975615,0.028317683031855678,0.021618215398171384,0.021615524580805102
1,757,0.04828965466436152,0.05968833871057334,0.06052232170046105,0.04829554599363948,0.048286274865247523
3,757,0.017929714382401978,0.02345208450521758,0.024152066721356648,0.017926915923393044,0.01792635086932622
1,758,0.04316611680809393,0.05718932994803377,0.058274644073242815,0.04317670459470807,0.043158877973935486
3,758,0.010557103807480449,0.01501274366092076,0.015643560413880184,0.01055432801765891,0.010556308129514783
1,759,0.03135666019589167,0.045860905038292724,0.04692955772935962,0.03136494766598271,0.031353052963384434
3,759,0.00096259333531243,0.0014666722273241639,0.0016021440450247689,0.0009626069010377635,0.0009630043669412577
1,760,0.014148568740874522,0.02278383274519255,0.023090611763989063,0.014155652479949443,0.014149718988719558
3,760,0.008995841725374853,0.013234363434348672,0.013942628343575044,0.008993711209456625,0.008995691036327672
1,761,0.0060909793491496856,0.00992523870578191,0.010517375482843339,0.006082084980718065,0.006088272291447583
3,761,0.016891200669230607,0.02247072107334505,0.02329318926751422,0.016889385348579256,0.01689121877090719
1,762,0.024853007960949903,0.03807970660411542,0.04084462641701069,0.02483815048285141,0.024855265833887436
3,762,0.02128680723808387,0.0275129020143424,0.028451154963453188,0.021286813348769952,0.02128688443986139
1,763,0.03908308990313557,0.053763443038706095,0.054850040548090284,0.039068735516977815,0.03909025925268555
3,763,0.021452441567747615,0.027745143988413552,0.028460628879258106,0.021452734032274854,0.02145140762534627
1,764,0.04703988643853151,0.05967975856009755,0.06089821185922834,0.0470361365846771,0.04704291049705808
3,764,0.01736238462385223,0.02294464087609394,0.023724939924129357,0.01736103873456068,0.017361454580843257
1,765,0.047949324450042595,0.06003706742525593,0.06055319347223249,0.04795741282752072,0.04794472457828762
3,765,0.009684791964460903,0.014036999571556054,0.014733872680047633,0.009683099831124743,0.00968522532341954
1,766,0.04172515792435875,0.056086686610316454,0.05691369269659545,0.041736806835841286,0.041720154237579334
3,766,0.00011831638172231752,0.00017816285769867228,0.0002044977334680291,0.00011827281547354184,0.00011834090783363179
1,767,0.028958442070288182,0.04326196487792246,0.04472618851381033,0.028967640257776917,0.0289586749962377
3,767,0.009875925974381122,0.014257186071172746,0.014939758063206859,0.009874915110161213,0.009877815749615396
1,768,0.011105944665680668,0.01776134770735727,0.018218923030310853,0.011114629175243135,0.011110863810177575
3,768,0.017489546795925164,0.02306520874121733,0.02382895802229996,0.01748977512787585,0.01749292620687516
1,769,0.009241685798432757,0.014856102929354072,0.015379330130978742,0.009231567769135234,0.009236764714531392
3,769,0.021494836436816853,0.027785608547953883,0.028444210617664924,0.021497119595257737,0.021498781778660526
1,770,0.027450912625199886,0.041407944482684506,0.04342626277305551,0.027435687514607426,0.027451802979202494
3,770,0.021237969864888646,0.027465653127730874,0.028431053334466504,0.021240273041673172,0.021240703920667976
1,771,0.04077680854879841,0.05533672056206516,0.05602502936713072,0.04076403991627448,0.04078288345719714
3,771,0.016759364514289332,0.022327827390277614,0.02314997853192118,0.016759790775581727,0.016761763250503273
1,772,0.047658269691663285,0.05996536092311161,0.060653145977889004,0.04765746259299907,0.047660303182780306
3,772,0.008805045914559998,0.012998972520851663,0.013697627815273993,0.008804725162211065,0.00880771081440705
1,773,0.047434850729658584,0.05987740124638727,0.06083747866747853,0.04744532343531422,0.047430925325213584
3,773,0.0011970547353797312,0.00182042518402231,0.001984206749451517,0.00119648787730007,0.001196628124823822
1,774,0.040126325376495596,0.05473039621137487,0.055549877977843234,0.04013863447554216,0.04012414821017387
3,774,0.010747348051132439,0.015219180074491086,0.01583027113522421,0.010747066659547898,0.010750123234882062
1,775,0.026436216610071138,0.04009766380839114,0.04246709279615185,0.026445276436469066,0.02643956344527076
3,775,0.018051805457576585,0.023558376118125206,0.02422804231649794,0.01805371170967828,0.01805732493475966
1,776,0.007999571269844907,0.012933101141241046,0.01350873702330756,0.008008616394507626,0.008006036591488092
3,776,0.0216551611151717,0.027857493564491496,0.02826964501914949,0.02165939860276578,0.021661824453514528
1,777,0.012320835847831817,0.019687121749156183,0.020056342972260728,0.0123100307394945,0.012317681829812315
3,777,0.020974834099777597,0.027269772138071077,0.02823770424340401,0.020978841889810255,0.020980507918672432
1,778,0.02992312984451951,0.04439187163900339,0.04556802402808491,0.029908011691613043,0.029926845009965692
3,778,0.016117859478367556,0.021590097960122658,0.022422184097918695,0.016119798899212986,0.016123241777926622
1,779,0.04231289632855644,0.056539121492715304,0.057453855813785856,0.04230167567597615,0.04232122872619689
3,779,0.007916609436653017,0.011850086269931734,0.012550471825291202,0.007917650898863803,0.007921706032352083
1,780,0.04810424164610421,0.05991357862326737,0.060508631935763606,0.04810527920412111,0.04810772755150598
3,780,0.0022597367996806503,0.003452317479141325,0.0037376470717904713,0.0022583150850306135,0.0022580422160282027
1,781,0.0467475218159788,0.05959464694081355,0.060816078051101265,0.04675829969784208,0.0467452370671042
3,781,0.011606522080963364,0.016105534011144663,0.01660768390939269,0.011606182583654076,0.011608669557719702
1,782,0.0383685451789066,0.05302737202713825,0.054407654530891116,0.03837915787189264,0.0383682884122084
3,782,0.018579651535309813,0.0240375827491079,0.0244853401572632,0.01858224419840636,0.018585336052460644
1,783,0.023786957846893223,0.036651175487921676,0.03956212126878703,0.023793718223042583,0.023791088375828995
3,783,0.02176991403736015,0.027733014887216145,0.02795761192904615,0.021775055615516573,0.02177716867067715
1,784,0.0048170029684156184,0.007926948308472915,0.008424145661137517,0.004824911994845125,0.0048217864899093
3,784,0.020663804128617305,0.026940784339996547,0.027875508973676726,0.020668510102956488,0.020670568779795465
1,785,0.01533938797610456,0.02468086357809007,0.025245391494433386,0.015328831118007058,0.015340618095211075
3,785,0.015436052497208173,0.02074161520236718,0.021535623352033025,0.015438705551174957,0.015443118952616366
1,786,0.032271340825300886,0.04672295823685214,0.04797148448764375,0.032256906791029376,0.03227953869252539
3,786,0.007014960665276517,0.01063464746766039,0.01127245669961018,0.007017118522758443,0.007021875295040449
1,787,0.04369045787076552,0.05759605584770767,0.05867582099487396,0.043681026271641415,0.043701027618696306
3,787,0.003295882462561054,0.005044152108957778,0.005430099626402955,0.0032934179770590646,0.0032924284012407746
1,788,0.0483748808939497,0.059542815884290896,0.06047452166593603,0.04837733809171797,0.04837829858395191
3,788,0.012447839170108423,0.016998732057263356,0.017289388548065412,0.01244653217632886,0.012448047983091598
1,789,0.045883953846848013,0.059289317393270334,0.060233463390186086,0.0458941784146692,0.045880674020750765
3,789,0.019074143745450314,0.024643215294952996,0.024901293067173143,0.01907608847548279,0.01907806429599775
1,790,0.036449149266964125,0.05105767154597578,0.052515640550600734,0.03645754814462742,0.036447411309361175
3,790,0.021842219816129434,0.02744771528164521,0.02775891377861322,0.021846747746357743,0.02184787566444775
1,791,0.021013663414731515,0.032837941423714594,0.035661828863208074,0.021018123581143872,0.021015238850126454
3,791,0.020307594670574424,0.026425395082850325,0.02733449113406463,0.020311552096864877,0.02031341364405524
1,792,0.001558573941615444,0.0025740708809202546,0.002858806531888332,0.0015652985270668937,0.0015593187822337345
3,792,0.014713919495271073,0.0197902616046989,0.020498303514809198,0.014716178664736408,0.01472102800584476
1,793,0.01829388553245885,0.02898761941066522,0.030924602809512813,0.018282936317121627,0.01829970909521956
3,793,0.006093825030914486,0.00929429609304204,0.009893939549484634,0.006096584382017844,0.006101454819291824
1,794,0.0344868091129876,0.048845139380335065,0.050332562573416416,0.03447277776140371,0.03449821654489596
3,794,0.0043001917900612795,0.006591940917262333,0.007060772373204444,0.004296643083504581,0.004295050416189951
1,795,0.044900378933064235,0.058638516929667484,0.059606020482921296,0.04489295444333906,0.0449105057359907
3,795,0.013265179353395435,0.017979219581102573,0.018209982690727985,0.013262298914925386,0.013262828255686032
1,796,0.04846301506003499,0.05979050163972873,0.06011136974412776,0.048467494743453174,0.04846338387870015
3,796,0.019535291262795625,0.025248981346733014,0.02587539171859112,0.019535525599515303,0.019536234157860245
1,797,0.044841206282389835,0.0585822067530097,0.059567283871627116,0.04485198342598192,0.04483460039458684
3,797,0.021875129449212376,0.027133901257851385,0.02744469170235885,0.02187774392362518,0.02187767522455306
1,798,0.03437205316103175,0.0487590852552506,0.050218954751373404,0.03438039558029365,0.03436707024640977
3,798,0.01991004722771666,0.025846958405650055,0.026625050576072895,0.01991201554882114,0.019913392251853172
1,799,0.01813525082424864,0.028759126718444692,0.030636516137126125,0.01814058447317507,0.01813361428848268
3,799,0.013953469200613059,0.018785280252884822,0.01931264082165684,0.013954367757928215,0.01395920760281746
1,800,0.0017384659730145142,0.0028706560500897163,0.0031697668121841993,0.001730503318432864,0.0017403665632389378
3,800,0.005146886521060446,0.007890345078079158,0.00840564277382949,0.005149603990945471,0.005154053415634538
1,801,0.021167295659897525,0.032989226984090535,0.03588648866852937,0.021153829049796083,0.021174699919501164
3,801,0.005272157370009424,0.008068230221385591,0.008621520691909669,0.005267773950953081,0.005265951524082221
1,802,0.03655557716320654,0.051202662164599705,0.052638649752699475,0.036540356479230596,0.036567684932253014
3,802,0.014052976928085777,0.018914420822003893,0.01948937740155723,0.014048534819335158,0.014048282880388188
1,803,0.04593365539163619,0.059355912146456434,0.060271156259140285,0.045927061464541265,0.045941851836435135
3,803,0.019961879892799288,0.025922868875603428,0.026737673499941144,0.019960112046741117,0.019959614349629496
1,804,0.04836502526165441,0.05958384175053441,0.06047760609524906,0.048370857887253066,0.04836255210514476
3,804,0.021870707911580634,0.02714292766360223,0.027494395413114634,0.021870919102964608,0.021869629205215964
1,805,0.04362189463216146,0.05751113159793625,0.0586263973108597,0.04363319625067178,0.04361404657937195
3,805,0.01947517468884411,0.025171080902370684,0.025752389305128708,0.019474659379126784,0.019475361947327095
1,806,0.032148199870655,0.04658895620663321,0.04783845554758115,0.03215729916141484,0.03214311222705135
3,806,0.013158603737250151,0.017872221824309285,0.018023100665344263,0.013157696375366575,0.013162107254812053
1,807,0.015175887944273924,0.024406096753276284,0.02493616397298852,0.015183543234759976,0.01517503545430273
3,807,0.004169218853686697,0.0063947977994339026,0.006839621599214381,0.004171376254420148,0.004174955759620527
1,808,0.004994477096992162,0.008205427522276201,0.008704385938801318,0.004984609793494032,0.004994208310074406
3,808,0.006214879463915897,0.009469486746407714,0.010083449224390667,0.00621019089971831,0.006208620724420021
1,809,0.02393467411941934,0.0369056005622917,0.03974387576322664,0.02391883836763882,0.02393938927734646
3,809,0.014806808879155583,0.019911654737296003,0.020644440728616303,0.014801459908689451,0.014800751289309138
1,810,0.03846661067819251,0.05316334173267319,0.054470860955911124,0.038450932035953234,0.03847605096988525
3,810,0.02035161014183721,0.02648441049152963,0.027415035329707998,0.020348434505281926,0.02034690894463173
1,811,0.04678821665331318,0.059624440694948426,0.060830776143667276,0.046783205699026296,0.046793048954346016
3,811,0.021829547891631693,0.027495506333460346,0.027793322624809894,0.021827852419531633,0.021825420204353123
1,812,0.048085445312809255,0.05994265437199572,0.0605075775563312,0.048093071517324136,0.04808126655571349
3,812,0.019006409207682887,0.02460308456106368,0.024753741137206613,0.019003827001800006,0.019003753115536117
1,813,0.04223589159166155,0.056472790371426766,0.05738910338036509,0.042248082420057315,0.04222970498674264
3,813,0.012334859998120673,0.016862162881516485,0.017199122225601375,0.01233236986505881,0.012336006546856683
1,814,0.02979266063002777,0.044222603099579635,0.04545724104329184,0.029802802279445074,0.02979093439621178
3,814,0.003158563662383959,0.004836245563726338,0.005199759846522419,0.0031598934834371492,0.003162352803411901
1,815,0.012153382228345706,0.019429303920862173,0.01981416206716825,0.01216298183271176,0.012156294160890558
3,815,0.007133727297912509,0.010791009870193699,0.011462087802670806,0.007129378187831896,0.007128595065360837
1,816,0.008172820322177825,0.013198953591031152,0.01375411751421603,0.008161810974196985,0.008169283551669938
3,816,0.015523633297402705,0.020849938599053673,0.021671888012223396,0.015518441301145061,0.01551780814738886
1,817,0.026576700305645667,0.04031937875043472,0.04260274977617362,0.026560348394218652,0.0265786529402461
3,817,0.020701397235959488,0.026976232253372305,0.02793844624731862,0.02069803705495589,0.02069598694581451
1,818,0.04021540667778162,0.05484462583375896,0.055610953217010206,0.04020131920211896,0.040222377788918406
3,818,0.02175057125826641,0.027760300194041472,0.02801060099163691,0.021748217400489114,0.021745061988108022
1,819,0.047466221879491774,0.05987569162431245,0.06081238461852504,0.04746450315085332,0.0474687091261
3,819,0.01850594196446001,0.0239598169612933,0.02445646826840171,0.01850245307789521,0.018501778576011044
1,820,0.047630257196458435,0.05997741700355282,0.060679967063613775,0.04764088216155457,0.04762582378698152
3,820,0.011488876862288909,0.01597459796590857,0.016503639560429915,0.01148562776460284,0.011488365728378157
1,821,0.04069098516571136,0.055250334952309695,0.05596463476481715,0.04070453826758022,0.04068747170211935
3,821,0.002116569191944102,0.0032304023594018276,0.00349311058247613,0.0021170893198433813,0.0021184760492477164
1,822,0.02731312644616404,0.0412644243252902,0.0433051601638985,0.027323877254202468,0.0273150314534979
3,822,0.008034963891654322,0.011997769912201202,0.012708604914362565,0.008031498294133653,0.00803196888023305
1,823,0.009070103310558882,0.014619757293166799,0.015135172614322609,0.009080721690713044,0.009075648399534451
3,823,0.0162018177323183,0.02168958711846494,0.022528204677886462,0.01619785063587178,0.0161980544271854
1,824,0.011274796570343143,0.018016391314261155,0.01846425591263269,0.011262736075418042,0.011271613992923079
3,824,0.02100781297355118,0.02728329775184029,0.028273771922619647,0.021005593360735365,0.021003982896160307
1,825,0.02909141875092565,0.04346057585136641,0.04483477889702423,0.029075008971621116,0.029094861550813977
3,825,0.021631129269849527,0.027862820712668282,0.028300380130070642,0.02162953603863345,0.021626604364094595
1,826,0.041805156716343904,0.05614690611135802,0.05698064816754066,0.04179273726914324,0.041813495823285696
3,826,0.01797417142580215,0.023484588476015787,0.024181099467928548,0.017971168264387924,0.017970519837029374
1,827,0.047971263166213744,0.06001941308048025,0.06054721265609921,0.047971920667729644,0.04797480898645587
3,827,0.010627374843962345,0.01508897495060394,0.01571311852275291,0.010624429269397091,0.010626542094875693
1,828,0.04700240101161097,0.05964070525749457,0.0608886886591475,0.04701418020101926,0.04699982371250206
3,828,0.0010497457558175784,0.0015979829648594109,0.0017397797468945027,0.0010497581211696765,0.0010503000345426473
1,829,0.03898810336010705,0.053680500579518786,0.05479258484494217,0.0390008211320319,0.03898731405270015
3,829,0.00892423571803888,0.013154722414990477,0.01385265538021288,0.00892195944727546,0.008923827828079345
1,830,0.02470768137244889,0.03791454318765464,0.040694146367081935,0.02471685107984269,0.024711471463567197
3,830,0.01684111042458863,0.02241718985210865,0.02324106400426836,0.016839083575455067,0.01684076458502521
1,831,0.005914795195840531,0.009637071914567773,0.010240871553728806,0.0059247594109236405,0.0059197455743286945
3,831,0.021267840150107416,0.02748372077971011,0.028444741037107715,0.021267689567752764,0.021267530868573806
1,832,0.01431359083211729,0.02308438271202265,0.023365361855667212,0.014301549764862571,0.014314250566612032
3,832,0.021467705799812595,0.02776047537026721,0.028455685178612793,0.021467879962725856,0.021466289871115454
1,833,0.03148249482739639,0.046025035966325574,0.047071715734506005,0.03146669530887835,0.031490432121584186
3,833,0.017409633634695422,0.02298294992886944,0.023764065750611116,0.017408140260182444,0.01740843111999063
1,834,0.04323769330337401,0.05727175294592718,0.05832955712928616,0.043227117178448106,0.04324887836901045
3,834,0.009755737646064116,0.014120777140705856,0.014809797685888186,0.00975390609170287,0.009756088028411106
1,835,0.048302657043121186,0.0596651003503552,0.06051905508183391,0.0483049535892105,0.04830713507151426
3,835,3.062392941401283e-05,4.6161091496921565e-05,5.296222164902285e-05,3.062074978678926e-05,3.0611409875343154e-05
1,836,0.04619965336376692,0.05949829269362137,0.060452424139886246,0.04621110246812254,0.046197270962572166
3,836,0.009804974347691486,0.014176876907314624,0.014863073312521676,0.009803894578678803,0.00980678869747114
1,837,0.03712403449975321,0.05179961487445738,0.05328679931262818,0.03713448295519178,0.03712305297252531
3,837,0.01744248208977258,0.023015920275461715,0.023790948274014657,0.01744262195889707,0.017445730761252342
1,838,0.021975547416942895,0.034157554745954125,0.03709964629692771,0.021982090296523437,0.02197787178197177
3,838,0.02147980771274307,0.02776922878009351,0.028451403266683484,0.02148207463154177,0.021483610367329913
1,839,0.0026802648970491944,0.0044068123019816345,0.004813750203704179,0.002688828598744269,0.0026816421473864053
3,839,0.021257177159117232,0.027472582884408108,0.02843951930256932,0.021259498926097613,0.021259744901951524
1,840,0.017291400774217886,0.027536058209744058,0.02902174572303833,0.017279464032353562,0.017296924626405488
3,840,0.01680964485918263,0.022385341006142007,0.023204046877872538,0.016810047378248018,0.016811929549181145
1,841,0.03374497801601992,0.048110613537653495,0.04954604839783111,0.03372995121539578,0.03375672696003272
3,841,0.008876608447721087,0.013101141396839155,0.013789185686089419,0.008876231535460778,0.008879250724584347
1,842,0.0445063248310935,0.05823921776704211,0.05933514528818307,0.04449796288620644,0.044517890353310496
3,842,0.0011101179506354472,0.0016872905734817637,0.0018376033945792115,0.001109589670673761,0.0011097120003139267
1,843,0.04845412800095322,0.05976388301815174,0.06028877870535056,0.048458409999847386,0.04845625496466885
3,843,0.010677197690800057,0.015137232572269985,0.015761523897018976,0.010676926299222286,0.010680067909400872
1,844,0.04521841473283115,0.058899540705112205,0.05983447863652842,0.04523001091507041,0.045212998361285575
3,844,0.01800760825006381,0.023512338549804165,0.024200817373875118,0.01800956452421695,0.018013255923518733
1,845,0.035100055554913266,0.049588405712018946,0.05095864095537627,0.03510951594224441,0.03509577192853542
3,845,0.02164395409764185,0.027859836852767442,0.02828795336217196,0.021648338312554426,0.02165077009588105
1,846,0.01913027498595471,0.03016921624812066,0.032478542811480694,0.01913632738981621,0.019128850862711405
3,846,0.020998006437299294,0.027279895502862243,0.028259312815321225,0.021002195272018787,0.02100379690342157
1,847,0.0006124094239315399,0.0010049580695474932,0.0011728376842898717,0.0006036077252370668,0.0006150017572311763
3,847,0.01617136741469655,0.021653388164446036,0.022484765897452918,0.01617343229700068,0.016176870859241896
1,848,0.020195064532937537,0.03170495021792238,0.0343213062585261,0.020181199156896826,0.020203859768098707
3,848,0.007989025061643522,0.011937877412089638,0.012643773272075198,0.007990110594347507,0.007994241225451431
1,849,0.03586546134331382,0.050474357153430086,0.05179633351526946,0.035849599513805855,0.0358792024244617
3,849,0.002174550249426826,0.0033211498418958918,0.0035927685194923845,0.0021731271909633046,0.002172876917407652
1,850,0.045600717159262005,0.05914499225876918,0.060021185870167706,0.04559343340006981,0.04561087053063627
3,850,0.011537546822079865,0.016028775701416174,0.016546544502282236,0.011537268984332038,0.011539885917939838
1,851,0.04841979864769319,0.05952608562480352,0.06043837287801302,0.04842557193654703,0.048418624779019266
3,851,0.01853818411855754,0.02399500393895587,0.024468597900092835,0.018540943964898367,0.018544179225684243
1,852,0.04405882127848832,0.057855239801080365,0.05897478888596432,0.0440709244896063,0.04405095405084714
3,852,0.02176228593747741,0.027751788799414347,0.02798906340968669,0.02176772022348406,0.021769916457953307
1,853,0.03292491582598256,0.047302930610980516,0.04867427249413884,0.03293501064117635,0.0329190207696971
3,853,0.020690780760535595,0.026969388584698908,0.02791306092080282,0.020695813956158937,0.02069789408627788
1,854,0.01619626624667523,0.025927679476603346,0.026925425229913622,0.016204673301632052,0.0161940210158432
3,854,0.015492861620957449,0.0208102909940588,0.021616186714965183,0.01549577302705087,0.015500267491850081
1,855,0.0038883117868249374,0.006468400515690616,0.006907080773108927,0.0038772954270751654,0.0038900807985788985
3,855,0.007088677691073793,0.010732679062550552,0.011384365030626132,0.007090979183601865,0.007095878120162074
1,856,0.02300164387522682,0.03557576112875308,0.03855590633738257,0.022984766798558792,0.023008581174852657
3,856,0.0032131009227482727,0.0049152571474695384,0.005292856572281297,0.0032105740159430675,0.0032096025379869633
1,857,0.037831423997970515,0.0525269095648325,0.05394848213456519,0.03781439468542501,0.03784294764487243
3,857,0.01238051957148381,0.016918780167368606,0.017235598467915114,0.012379264914649886,0.012380903925698248
1,858,0.04651634997047807,0.05958697118934607,0.06068013147731013,0.046510110673370686,0.04652290359903404
3,858,0.019035338868312837,0.024623057826178962,0.024814131314159573,0.01903749414922633,0.01903961040401599
1,859,0.048201571547649945,0.059784961251903884,0.060532481524886314,0.04820884650797978,0.04819775682177378
3,859,0.02183788652225648,0.02747718259972379,0.02777961240929067,0.021842776198501914,0.021843989277774898
1,860,0.04272861295771176,0.05687474519473242,0.05786899264076322,0.04274146018216755,0.04272118561548809
3,860,0.020338081270081878,0.02646658607055457,0.027382188121549984,0.020342437346944554,0.020344348509506924
1,861,0.03061290524091153,0.045106209120741245,0.04618947367734074,0.030624075230402278,0.03060920663753502
3,861,0.014773939201034408,0.01986962534426208,0.020584459882956457,0.01477652832684632,0.014781513704949564
1,862,0.013194132993446506,0.02111555395588317,0.02148760486880839,0.013204768287298704,0.013195031821703248
3,862,0.00616936356325696,0.009407102532369371,0.0100053224558663,0.006172348783235514,0.006177406708511844
1,863,0.007094719603825788,0.01154313783164226,0.012131047961713473,0.007082481692147784,0.007092673787910963
3,863,0.004220054480005365,0.006471408005866663,0.006929417252376129,0.004216366330916251,0.0042147562082832215
1,864,0.025687534771488843,0.0391532392587998,0.04171887765398109,0.02566962927616446,0.025690708562685797
3,864,0.013199997110063224,0.017915617977830842,0.018100115241949835,0.013197088184113439,0.01319770143792124
1,865,0.03963554305061698,0.054279921011524006,0.05519272675062586,0.03961958877361832,0.03964353948114194
3,865,0.019499185309899924,0.025194555544083758,0.025803055702558506,0.019499570872825826,0.019500375927700493
1,866,0.047254225110673974,0.05976942309091075,0.06090675821214426,0.047250966144053684,0.0472572590799063
3,866,0.021873859976815003,0.027130662212257455,0.02747425777362138,0.02187678837461822,0.02187676390827217
1,867,0.04780585248375697,0.06003711777093584,0.060579676534174225,0.04781601469404587,0.047800875471964016
3,867,0.019943702251833298,0.025896112201970307,0.026691789005405944,0.019946026597921412,0.019947447616036458
1,868,0.041237601682336374,0.05571220412092226,0.056435338592796494,0.04125190158925473,0.04123258589949697
3,868,0.0140164510701739,0.018870115403052008,0.01941684336703702,0.014017661559716857,0.014022665586944367
1,869,0.028175705261096282,0.04234438310766479,0.04409261082748444,0.028187846192784777,0.02817597642170167
3,869,0.005224714203084395,0.008000461141844026,0.008532548391452602,0.005227698126790548,0.005232349214792366
1,870,0.01013254045546148,0.016262951607284967,0.016748380244271357,0.01014469218825347,0.010137014655631337
3,870,0.005194559175735141,0.007949682137271825,0.008494140658523209,0.005189953613519974,0.005188077200509703
1,871,0.010221107775932645,0.016394921927548697,0.01687310954686784,0.010207523066141212,0.010217793835526814
3,871,0.013990350016463822,0.018829193481787472,0.019385485383130098,0.013985750072109438,0.013985535367971948
1,872,0.0282450927934325,0.042397507066191366,0.044148986504539876,0.02822685557532638,0.028248016807910867
3,872,0.019928617745227785,0.025873756309129123,0.026671847181457067,0.019926859927349844,0.019926401973728056
1,873,0.04127899009966948,0.05575162420415057,0.056471512951784694,0.041264655041858146,0.04128688007491541
3,873,0.02187238642502559,0.027130037105958293,0.02746543119289879,0.021872764015381196,0.021871462767032085
1,874,0.04781801326074456,0.06003442017181322,0.06058003418663817,0.04781750799035146,0.04782094230487286
3,874,0.019511683553174126,0.02522359281749681,0.025824902865777336,0.019511383763845206,0.019512107949265944
1,875,0.047236935355496036,0.059751182746819856,0.06090783792219573,0.047248995413464785,0.04723324062023587
3,875,0.013224161057374171,0.017936680343694594,0.018133295837042384,0.013223468101800317,0.013228047671920996
1,876,0.03958898208408132,0.05423120995068276,0.055165703468516306,0.03960328055456254,0.03958688716548709
3,876,0.004249645712418838,0.0065229041463299815,0.006968811733615853,0.004252061318470886,0.004255824931150799
1,877,0.02561377000280812,0.03908635169837525,0.04164799587736912,0.025625108646420338,0.02561671763251324
3,877,0.00613947529284286,0.009360407415942145,0.009971658898261654,0.006134500198931522,0.00613285178703833
1,878,0.0070034380736350215,0.011414306095369257,0.01199440387045657,0.007015498214710771,0.007008485204927974
3,878,0.014747056761571738,0.019837408069141763,0.02055848384879571,0.014741419367299346,0.014740699847937152
1,879,0.01328036161931803,0.021272645690298148,0.021627601302140347,0.01326636586829761,0.013279951242847761
3,879,0.020321424394541446,0.026439369203488224,0.027367890128282075,0.0203180945936738,0.02031654005909381
1,880,0.030678304213115185,0.04522091042726461,0.04624505583742705,0.030660385855231648,0.03068505531713844
3,880,0.021834199398596134,0.027466360193931786,0.02777344377368639,0.021832484493921656,0.02182996888682728
1,881,0.04276548990743779,0.05690322693748106,0.05790226952836287,0.04275286269829338,0.04277608215747896
3,881,0.019045539942395516,0.0246296021386709,0.02484042896738543,0.019042989386416683,0.019042892400698466
1,882,0.048209193266193315,0.059764649289807556,0.060534619675258736,0.04821044060315416,0.04821342023693375
3,882,0.012402496466698582,0.01694018988654262,0.017251590759680996,0.012400080400692076,0.012403860692538132
1,883,0.04649438938306837,0.05958493138997567,0.06066544922483693,0.046506347868606523,0.046491680695476496
3,883,0.0032416414980003406,0.00496267971116733,0.005333942745021191,0.0032431846366007743,0.0032457729750297155
1,884,0.03778025113177383,0.052494452197663445,0.05390485081295601,0.037792346139918095,0.0377790458889824
3,884,0.007060038219151381,0.010687487780838683,0.01135075535957478,0.0070553782052989395,0.007054513618386634
1,885,0.022924339216173508,0.03551930946914769,0.03845304317218059,0.022932953517534646,0.02292687948260202
3,885,0.015466964592519242,0.02077132887599383,0.02159199092921847,0.015461403795534569,0.01546070973878972
1,886,0.0037954704582310894,0.006319168772095278,0.006761366042124855,0.0038061048921113503,0.0037976696128611646
3,886,0.02067457732628177,0.026953739600417054,0.02790189460877905,0.020670947749555357,0.02066877956765843
1,887,0.0162798250923272,0.026016498335135575,0.027082793214226658,0.016266147735223488,0.016284349849555412
3,887,0.02175836675993059,0.02774460034247069,0.02797961043236798,0.021755850483414288,0.021752512313490402
1,888,0.03298600819454562,0.047375161148240634,0.04874086626400466,0.03296891965851507,0.032997125933405945
3,888,0.01854759566177459,0.024000956894422786,0.02447374778937244,0.018543985041886233,0.018543213810988494
1,889,0.044091343398663836,0.057873630865962096,0.05900154804947623,0.04408078985844873,0.044103265037994874
3,889,0.011558045421767967,0.016048723566423225,0.016565037068246448,0.011554741430066523,0.011557564011575172
1,890,0.0484230273503911,0.05954808146192491,0.060434476039498385,0.04842593667034655,0.048425842997584775
3,890,0.0022019948210482395,0.0033648698489247885,0.0036363699858601712,0.0022026638751355917,0.0022041005292840307
1,891,0.04557443132413951,0.059113372532025366,0.06001086112665795,0.045585971296239855,0.0455693407165121
3,891,0.007962489990300215,0.011900231793525113,0.012615735325311364,0.007958736953440196,0.007959159472402857
1,892,0.03581027007094234,0.05037581398682022,0.05172823340873925,0.03582040105761925,0.035806188825137794
3,892,0.016148326030060035,0.021635419777401035,0.022465994856969974,0.01614399369269188,0.01614410856132491
1,893,0.020115151405669638,0.03153707579994265,0.0341930305713507,0.020121954687964388,0.02011396349039967
3,893,0.020984651754372422,0.02726127884238311,0.02825288678026586,0.020982148202111243,0.020980340934159698
1,894,0.0005191273983226678,0.0008532343501909274,0.0010132117990305307,0.0005287354348974592,0.000516802599195293
3,894,0.021642350118520358,0.027858837690887935,0.02828249168282011,0.02164055752199196,0.0216373454873949
1,895,0.019211032941698382,0.03026381623860977,0.03262126341601384,0.019196313864857647,0.019220025462548983
3,895,0.018018407505122392,0.02351931166835667,0.024209122671536052,0.018015225002396495,0.018014395892601193
1,896,0.035156630323578894,0.04963974952607257,0.05101272605989319,0.035139453809123464,0.03517058819875152
3,896,0.010697574247956317,0.015164647203459005,0.015782309031019234,0.010694511666002235,0.010696623854132205
1,897,0.04524616450268438,0.058916696224271314,0.0598510558148876,0.04523733624375341,0.045256959147221214
3,897,0.0011368093682163512,0.0017287093998366813,0.0018814464797583703,0.0011369067177848771,0.0011374189235281351
1,898,0.04845237825350094,0.05975738329174389,0.060304000578455134,0.04845721808302384,0.04845147887546955
3,898,0.008852582020325163,0.013065906073441843,0.01376163004059004,0.008850079067975353,0.008851978996900923
1,899,0.04447524761270302,0.05822084540504639,0.059313491519991345,0.04448744552652916,0.04446660818746108
3,899,0.016790773030326625,0.022356276484936752,0.023187809192426682,0.016788464449463487,0.016790091108219964
1,900,0.033685336574299306,0.04805264801286712,0.04948164827574086,0.0336959139946469,0.033678153625323344
3,900,0.021248553989101394,0.027480617874586312,0.028437102505367882,0.021248207878647073,0.02124784566308178
1,901,0.017208754895903376,0.02741345981136201,0.028871597717841167,0.01721743904874675,0.017204975883819775
3,901,0.021482653379083554,0.027776677793266476,0.02844941273827329,0.021482704995041776,0.02148080115771064
1,902,0.0027734099206483988,0.004560318997795179,0.004969139093483854,0.00276159166270602,0.00277711061199127
3,902,0.017456641594239472,0.02303720499158252,0.023802471069293018,0.017455024984540074,0.017455085366147417
1,903,0.022053854348163777,0.034329262951755535,0.037209333118394965,0.02203618540637913,0.022062669297098252
3,903,0.009826627980584523,0.014193371880429123,0.014886172138168051,0.009824706128202625,0.009826805690384648
1,904,0.03717654064500423,0.05183463967235993,0.053342421630994646,0.03715810675542282,0.037189568987794824
3,904,5.706975021044376e-05,8.599310479633479e-05,9.867894746244107e-05,5.711655667019529e-05,5.7022650915102557e-05
1,905,0.04622288128613617,0.059488769236659154,0.06046891310834192,0.04621504994913754,0.0462305528324006
3,905,0.00973397567106123,0.014088228594852262,0.014786921635249188,0.009732750662222114,0.009735787686525336
1,906,0.048296182386463084,0.05968673106213612,0.060520604573058606,0.04830258458098946,0.0482921313436872
3,906,0.01739518196855303,0.02297963309535001,0.023752319507083668,0.017395171848953284,0.01739833671207756
1,907,0.04320193351241183,0.057210267399406434,0.05830230825284936,0.043214871300361744,0.04319260222274813
3,907,0.021464461811013528,0.02775620674868155,0.02845732529559628,0.0214666835780426,0.021468115904556034
1,908,0.031418182591033184,0.045937825162947685,0.047000330428893185,0.03142975859773264,0.0314118468141876
3,908,0.02127605743552408,0.027500688096993783,0.02844677345671083,0.02127840268543536,0.02127840883232915
1,909,0.014227947285702227,0.022927968195864623,0.023225608149989974,0.014238995186293834,0.014226145980888583
3,909,0.016859664492436418,0.02243292375696031,0.023256932649252764,0.016860074503726525,0.01686175553912872
1,910,0.006006953805603931,0.009801363405146032,0.010382807787616539,0.0059936835929147595,0.0060073145112608875
3,910,0.008948108169133327,0.013183186900608965,0.013879863456236608,0.008947726940397145,0.008950635891417586
1,911,0.02478284001867605,0.03799379209190951,0.04077135988739155,0.02476349112875655,0.024787991199213575
3,911,0.0010230960507309845,0.0015554105554446609,0.001698234803618479,0.0010225291012949677,0.0010228157710554147
1,912,0.039036244542801544,0.053720783197423586,0.054822804886158774,0.03901823052917548,0.039045762083601145
3,912,0.010606979417415162,0.015069305207675694,0.015692188791668855,0.010606648735785085,0.010610032410486235
1,913,0.04702115727335168,0.05966576661545577,0.06089356225521445,0.047015811549878515,0.04702502764196084
3,913,0.01796318938423484,0.02347976542827728,0.024172450587672423,0.017965146539232778,0.017969019830706263
1,914,0.047960493466796275,0.0600352708442761,0.060549941126853794,0.04796943271997284,0.047954910649332695
3,914,0.021632445909303705,0.027858926168216308,0.028305651758945293,0.021636962247019886,0.021639427222402422
1,915,0.04176518482669988,0.05611981519940598,0.05694692440476743,0.04177944203455993,0.04175812339670394
3,915,0.021020857831030557,0.027299756372419604,0.02827991317807498,0.02102524659885601,0.021026731569528483
1,916,0.029023248308299443,0.043334031325905645,0.044780331399374124,0.029035978271664223,0.029020986016098177
3,916,0.01622460278115439,0.021721781784353314,0.02254685501591615,0.01622683663092913,0.016230160399137866
1,917,0.011186920186764739,0.017893487337141748,0.01833955621024729,0.011199850450260708,0.011189236210399429
3,917,0.008061348965489072,0.012037826960571254,0.01273662483626223,0.008062536877641873,0.008066598856337343
1,918,0.00915967139437106,0.01474050813555274,0.015260037496849056,0.009145060462972027,0.009157354677720022
3,918,0.0020892045396307497,0.003191219971898715,0.0034511631297980574,0.002087705308070676,0.002087659799479276
1,919,0.027384040640210567,0.041310806173060384,0.04336816789532831,0.02736428193129209,0.02738734179834168
3,919,0.011468468961959619,0.015958190010788777,0.01648509389174351,0.011468192001854978,0.011471099903755336
1,920,0.04073411102427304,0.055292610152084636,0.05599574170436025,0.040717891065008366,0.04074207866430279
3,920,0.01849650574071481,0.023956213507212012,0.024451134843792,0.018499398130921958,0.018502884177945097
1,921,0.04764408425291346,0.059962701864750965,0.060666489407312674,0.047642120941770755,0.047646566672009526
3,921,0.021754380910966147,0.027762903651779615,0.02801974493965229,0.02176011012934776,0.02176242059101382
1,922,0.047450590906320936,0.05987856346783029,0.06082529936841927,0.04746239983316199,0.047445539178788444
3,922,0.020717457121099642,0.027002479202387273,0.027949229833292236,0.02072285312003618,0.02072490595346729
1,923,0.040170550554516814,0.05477035028579094,0.055580146053275346,0.04018582950779551,0.0401664857087313
3,923,0.015549399397088015,0.020875658149523524,0.02169564731843705,0.015552627445847272,0.01555709514656857
1,924,0.026504391923680246,0.04021048655344427,0.04253423207555727,0.026517270995348678,0.02650555437913454
3,924,0.007162262805556809,0.010833442083886292,0.011495471663816093,0.007164774503152263,0.007169675044930955
1,925,0.0080824560693105,0.013058914153596564,0.013630853052528542,0.008096015456690128,0.00808658451643207
3,925,0.003130122285143677,0.004789663887027089,0.0051602317526552085,0.0031274585378262337,0.003126683483228322
1,926,0.012240439594507574,0.01956147560925507,0.01993888372495376,0.01222498847639122,0.012239771929256259
3,926,0.012313058019537398,0.016840197759466772,0.017183533655946208,0.012311801176032625,0.012313722568946691
1,927,0.029859452135247683,0.04432732436031799,0.045514068976014045,0.02983982010394327,0.029865547685074965
3,927,0.018996325985198032,0.024592561472925045,0.02472821569884975,0.018998669601978213,0.019001030684056598
1,928,0.04227430196209591,0.05650815155158848,0.057422450121601715,0.042259894384715536,0.042284513748736666
3,928,0.02183329972930587,0.027505877032935035,0.02779912826791808,0.021838568446802462,0.02183989458863173
1,929,0.04809463320674814,0.05992841286211389,0.060507448638795966,0.04809492841289688,0.04809857717304904
3,929,0.02036829572331275,0.026510169232818296,0.027429104029084855,0.020373101030638597,0.02037501140601241
1,930,0.0467679140561528,0.059609048834495554,0.060823727951741756,0.046780389257107056,0.04676462953645357
3,930,0.014833702262719775,0.019957184964899757,0.02067040517906992,0.014836692756368302,0.014841706920447426
1,931,0.038417084356749565,0.053091862441818405,0.054439826608954016,0.03843085001505228,0.038415159791366976
3,931,0.006244729504870011,0.009516369358724625,0.010117363989968703,0.006248016476164615,0.006253123571920957
1,932,0.02385857728873978,0.03674541221112001,0.039652243025338374,0.02386923752732255,0.0238606783675415
3,932,0.00413971405996732,0.006351821912121645,0.006801279311748302,0.004135811225801567,0.004134353062976702
1,933,0.0049020601024065006,0.00806289691438614,0.008562178052698122,0.0049145637927042645,0.0049044191360077
3,933,0.01313463538822741,0.01785294179562982,0.017989805065202483,0.013131644115369729,0.013132492974075252
1,934,0.01526052806134663,0.024558071734817135,0.025094815293416124,0.015245361461491348,0.015264540050125964
3,934,0.01946286421769458,0.02514067574408475,0.02573044728387476,0.019463383553492163,0.019464380453896073
1,935,0.03221099919519161,0.04666706280554028,0.04790729610857598,0.03219225088350949,0.03222192797757599
3,935,0.021872352206229958,0.027148177778843534,0.02750291695507818,0.021875618480754876,0.021875656961289687
1,936,0.04365616300346589,0.05757725648313669,0.05865240935938,0.043643930363022325,0.04366881537031487
3,936,0.019977113187790305,0.025951415868742413,0.026757261338169823,0.01997985082010775,0.019981259922161928
1,937,0.04837002917878108,0.05956501886566834,0.0604757745679441,0.048372153580829864,0.04837392635768544
3,937,0.014079202630617599,0.01895245591709493,0.01952061712494943,0.01408080305480007,0.014085862027849764
1,938,0.045909097470822925,0.05932711218267408,0.06025216146631384,0.04592125489518205,0.04590475704858455
3,938,0.005302336911235798,0.008120533589610937,0.00865995421223284,0.005305671336492193,0.005310383853095584
1,939,0.03650197269450659,0.051105853769990967,0.05257705090145496,0.03651353516463525,0.03649844238988671
3,939,0.005116775715501831,0.007835556473704524,0.008367963826258835,0.005111869764610354,0.005110099068224836
1,940,0.021088394919172,0.032944299178053374,0.03577215473647162,0.021096648799817933,0.021087695141785993
3,940,0.01392751210558589,0.018747856002628745,0.019281316572388935,0.013922694885734638,0.013922659454218668
1,941,0.0016453376682587207,0.0027191320682876576,0.0030120262172027845,0.00165651742878925,0.0016431891561622047
3,941,0.019895124190442016,0.025822318293685347,0.026604655224848218,0.019893354329798916,0.01989302048614343
1,942,0.018216926233025746,0.028894024891742306,0.030787893831208116,0.018201527981579792,0.018226010309015477
3,942,0.021873830342169505,0.027136150739678275,0.027435583242230534,0.02187439402170504,0.021873089614458524
1,943,0.03443019681398315,0.0487876135998349,0.05027875421965196,0.034412162921815384,0.034444655807525884
3,943,0.019547971326208374,0.025277159570787536,0.02589721539000408,0.019547940320790814,0.01954862368330999
1,944,0.04487068952765631,0.058613700951938255,0.059587393515468406,0.04486093833801618,0.04488284267117992
3,944,0.013289524382331944,0.01800473699373928,0.018242965526465246,0.013289122109302685,0.01329375869866885
1,945,0.04846308995270083,0.05978725444566303,0.06009413795750403,0.04846768375263242,0.04846357732010058
3,945,0.004329851741361297,0.006649038521850867,0.007100575424128953,0.004332614070966807,0.004336417106315892
1,946,0.04487108982231205,0.058615565163627446,0.05958663801915941,0.04488403655154874,0.044862958536894024
3,946,0.006063919067916538,0.009249552360206876,0.00986026978313491,0.006058575208776981,0.0060570006032187535
1,947,0.034428895834336865,0.0488222961998529,0.05027638620193123,0.03444044182362267,0.034421584039081
3,947,0.014687070388305563,0.019758674131828757,0.020472218592038134,0.014681076128200708,0.014680478665536525
1,948,0.0182123797482585,0.028851012199362584,0.03078173394057133,0.018221487141531774,0.01820791063242449
3,948,0.020290984426540475,0.0263885082780884,0.027319985002154764,0.020287467554570136,0.020285958406035167
1,949,0.0016518435834488154,0.0027258933177653744,0.003018909963321984,0.0016394221200938402,0.0016571661351147625
3,949,0.021838607686022537,0.02743892817017499,0.027752426315923874,0.021836880963969237,0.021834280942838624
1,950,0.021092826068731908,0.03290842120160466,0.03577693438688067,0.021074915066425465,0.02110383222744667
3,950,0.019084463546387015,0.024648641744303614,0.024927550201285963,0.019081986089087805,0.019081798369252216
1,951,0.03650303493437198,0.05112311123837629,0.05257978122237123,0.03648394491703791,0.03651833290497553
3,951,0.012469982196555152,0.017022184339690778,0.01730594339809159,0.012467708137091157,0.012471518170008944
1,952,0.04590869902089457,0.05933197593766192,0.06025285777983804,0.04590007261807188,0.04591867319747967
3,952,0.0033245074996484983,0.0050887736976227135,0.005471787521072872,0.0033263530155437744,0.0033289194628024093
1,953,0.048369984831160395,0.059566690381943725,0.060475824763773466,0.048376239694366094,0.048367156904701884
3,953,0.006986237201105225,0.010578945889898758,0.011238626740367524,0.0069811810813957854,0.006980382259656643
1,954,0.043656315668528414,0.057542983575372554,0.05865143042092181,0.0436699528662695,0.04364651739427706
3,954,0.01541004752335141,0.020690155436908626,0.02151110627898,0.0154040411608679,0.015403411190351287
1,955,0.03220867027336502,0.04665867433717252,0.047904707320057575,0.03222105350828789,0.03220087291286126
3,955,0.020647477310777155,0.026921094865172565,0.02786388330222043,0.02064353384121406,0.020641312812183628
1,956,0.015254826591482756,0.02453487240775319,0.02508794487795817,0.015266424239606726,0.015250895733951775
3,956,0.021765899130976683,0.02772465872403474,0.02794803351870159,0.021763213911612928,0.02175968373735666
1,957,0.004909619203432924,0.008067974563874663,0.008567555826496832,0.004895300503628133,0.004912736069480794
3,957,0.01858904381248752,0.02404526457433042,0.024490230460708154,0.018585338175005874,0.018584398190130996
1,958,0.023863323026449255,0.03678273090645431,0.039656301644513135,0.023842898301859577,0.023871363760544488
3,958,0.011627107350744098,0.0161189735397317,0.016625983716524916,0.011623804387670474,0.011626596146898054
1,959,0.03841831441964302,0.053103577156156684,0.054441053671308054,0.038398800842485856,0.03843056774098519
3,959,0.0022872498343379085,0.0034968196974141173,0.0037813600456514294,0.00228815439493285,0.0022894822687961527
1,960,0.046767946872509125,0.0596219704890038,0.06082403623110514,0.046761149545652234,0.04677403207154511
3,960,0.007889941533465736,0.011809890983841814,0.012522169317176998,0.007885815961583276,0.007886335222545018
1,961,0.0480951069094062,0.05993032267482942,0.060507403571435706,0.048103454645282186,0.04809016101350243
3,961,0.016094581445811298,0.021565489310477432,0.02240321228169341,0.01608980384415072,0.016089946949588447
1,962,0.04227458013655065,0.05650941105638518,0.05742097516582939,0.04228932121658691,0.04226634580339231
3,962,0.020961187105109268,0.02723132084204227,0.02823105491786422,0.020958348943505047,0.020956400033819714
1,963,0.029856444993876314,0.04430365198692691,0.04551192952768162,0.029870068709075357,0.029852102914221232
3,963,0.021653281788437125,0.02785737208737976,0.028263970073234026,0.021651274164152016,0.02164776329373478
1,964,0.012233884047664165,0.01955652660553837,0.0199342079892016,0.012247684340187493,0.012233988718321645
3,964,0.01806242705009489,0.023554434761889717,0.024236049165590783,0.018059080605852443,0.018057993907355588
1,965,0.008090081296520347,0.013064541032820858,0.013635761647786683,0.008074570392227294,0.008089423164308458
3,965,0.010767703066757771,0.015238463207715129,0.015850842368507922,0.01076456830695324,0.010766563002215448
1,966,0.026508673468158033,0.040252976364543225,0.042536859808803916,0.026487680077475526,0.026513352573995345
3,966,0.0012237780246770473,0.0018591330357207812,0.0020288530654884603,0.0012240422604403178,0.001224359597324495
1,967,0.04017130179095238,0.05479254995646778,0.055581296140922394,0.040153562938769274,0.04018048859964785
3,967,0.008780877932770244,0.012980834839223215,0.013669913926767606,0.00877806686271918,0.008780143579559061
1,968,0.0474505226871441,0.05986541171684336,0.060824783857468694,0.04744743978106419,0.04745370305439083
3,968,0.016740187686597036,0.022295259722039672,0.02313346195577014,0.016737521619741905,0.01673920439519244
1,969,0.04764450082201714,0.05998473130362415,0.060667004327519834,0.047656323441664365,0.04763902879780677
3,969,0.021228950867122006,0.027471384126718422,0.028428246739513306,0.021228361814517975,0.02122784141680839
1,970,0.040733858819990205,0.05528612579666046,0.05599437135401997,0.040750320413908296,0.04072842064696466
3,970,0.021497288785999265,0.02779216723561177,0.028441809502476025,0.021497203049009348,0.021494957823535946
1,971,0.02738023933899897,0.041349798257294436,0.04336555113413382,0.02739477282960228,0.027379867213319354
3,971,0.017503414102625642,0.023081830373061565,0.023840242608694866,0.017501687236702562,0.017501434995573165
1,972,0.009152390079693446,0.014736114870590135,0.015255339847386713,0.00916751080214205,0.009155502386116577
3,972,0.00989746644891391,0.014273141516437361,0.014962910612792951,0.009895493797609206,0.009897392185834623
1,973,0.01119378841044525,0.017897234751444873,0.01834505056588471,0.011177040180771636,0.011193182771980824
3,973,0.00014475271466354525,0.0002180161857170033,0.0002500714633044263,0.00014492037799945613,0.00014455556090620485
1,974,0.02902659572986633,0.04336229608495547,0.04478269067853007,0.02900551305857898,0.02903252944775279
3,974,0.009662929015134585,0.014007693246939719,0.01471100587663811,0.009661483860415404,0.009664812283201653
1,975,0.041765133956630944,0.05611925523047497,0.05694843189002608,0.04174929163842323,0.04177549449292111
3,975,0.017347645493004573,0.022938387642908623,0.02371307015434775,0.017347420192768175,0.017350749544143493
1,976,0.047960097045782885,0.060022891786807815,0.0605498329935713,0.04795981054368781,0.047964205346176264
3,976,0.021448800128976042,0.027739309094606635,0.028461923789725046,0.021450940730612184,0.021452310809786757
1,977,0.04702124763369538,0.05965262646548765,0.060893362102978105,0.0470346333546558,0.04701769497217035
3,977,0.021294614717108196,0.027522384691366003,0.028452922505359024,0.021296978528363188,0.021296713154691727
1,978,0.039035246849474556,0.05372396020191584,0.054821608827745304,0.039051119350173566,0.03903278089997848
3,978,0.016909429614703465,0.02247614242521366,0.023308614924130798,0.01690986695542106,0.016911261902201193
1,979,0.02477823872353078,0.03798821768864904,0.04076848349758706,0.024791341511561767,0.024780003264560358
3,979,0.009019551368712244,0.013270337853881386,0.013969484515168799,0.009019207214997351,0.009021885418791621
1,980,0.005999208865042011,0.009774081430587238,0.01037667038354248,0.006013818105037211,0.006001779396022017
3,980,0.0009359934529507883,0.0014232799096172632,0.0015606041290465178,0.000935318866184284,0.0009359353560816859
1,981,0.014234087612486993,0.022937881887238838,0.023231169228064133,0.014217318256907537,0.014237497361472161
3,981,0.010536693269888897,0.014999798622149538,0.015622597436094522,0.010536237537779597,0.010540015886587458
1,982,0.03142091381830933,0.04596232682675364,0.04700343026512091,0.031400572131677726,0.031431603516111045
3,982,0.017918547719472034,0.023430912157526816,0.024143096430588446,0.0179204553251603,0.01792462183140313
1,983,0.04320186953786949,0.05723641278647981,0.05830352812512692,0.043188212901668084,0.04321524912125862
3,983,0.021620637058983407,0.027859764854135428,0.02832277038732021,0.021625265906363565,0.02162780852186658
1,984,0.04829617007527771,0.05967116532181018,0.060520550172885726,0.0482979265377905,0.04830126599927372
3,984,0.021043391355341914,0.027310667791642262,0.02829946824991828,0.021047990502075523,0.02104933070148585
1,985,0.04622321973171304,0.0595212468185197,0.060468208040399735,0.046236524935330814,0.04621989284127657
3,985,0.016277571515916016,0.021793694306722303,0.022608636022979463,0.01628000700113147,0.016283133872745593
1,986,0.037175498035224665,0.051844442813311464,0.05334033515973132,0.03718911729034644,0.03717284708083265
3,986,0.008133589474883973,0.012126907587280657,0.012829995409449693,0.008134927413740818,0.008138802904730697
1,987,0.02204938862981634,0.03426544768501512,0.037205112400829576,0.02205976046090899,0.02204957140913269
3,987,0.002003699245404324,0.0030585069105121777,0.003314559973592621,0.0020020580637861766,0.0020023789293791574
1,988,0.002766657702073737,0.004551812245856497,0.004962857699636902,0.002779766909589569,0.0027652759298380813
3,988,0.011399288538976208,0.015892990227108546,0.016423779906093294,0.01139895716930635,0.011402309052876508
1,989,0.017213638068977074,0.02744060771021687,0.02887739502144361,0.017197126571921944,0.01722238261604207
3,989,0.018454615195193116,0.023919782583160513,0.024432975361926026,0.01845760649527545,0.018461455908785337
1,990,0.03368698295250436,0.04805704821653736,0.04948447230565376,0.03366770789766618,0.03370185844044884
3,990,0.021746198874401948,0.02778191863649781,0.02804942825050764,0.021752222319127566,0.021754694437676563
1,991,0.04447500922792443,0.05821635695905942,0.0593144463500335,0.04446401637230876,0.0444888140205391
3,991,0.020743835338694467,0.027044195931607413,0.02798375127017335,0.020749622771988958,0.020751624702965394
1,992,0.04845252458828895,0.05975665451938766,0.060303391951502826,0.04845667595495574,0.04845501365926909
3,992,0.015605670891866074,0.02095136426714469,0.02177375420841962,0.015609263866353125,0.015613627842938632
1,993,0.04524674218370317,0.05891832280097705,0.05985034554851855,0.04526036916215842,0.04523999865380082
3,993,0.007235725108015248,0.0109368687005298,0.011605416069501185,0.007238502855551346,0.0072432939513266455
1,994,0.035155645827356405,0.04966585567451136,0.05101042947479493,0.03516821715130201,0.03514921750698529
3,994,0.0030469423705381006,0.0046607818517091,0.00502962026445411,0.003044076653795933,0.0030436528221796768
1,995,0.01920676219599074,0.03029558012207795,0.032615912165594875,0.019216493950906653,0.01920264731636449
3,995,0.012245453922869324,0.016765337656180702,0.01713200695147856,0.01224414728677085,0.012246498931013875
1,996,0.0005254810197716755,0.0008614390472736595,0.0010193601283829566,0.000512100024155339,0.0005314476813659464
3,996,0.01895710406026687,0.02455351300697863,0.024645823609457534,0.018959616586697692,0.018962329738587844
1,997,0.02011957773759968,0.0315820549524582,0.034198185490505725,0.020101225512700063,0.02013207868477086
3,997,0.02182845936595064,0.027530140361647363,0.02781744392465096,0.021834123055360147,0.02183560575828216
1,998,0.03581143924175044,0.050417529836169525,0.05173119138932031,0.03579154137365748,0.035828549333922065
3,998,0.020398239721727898,0.026551468800437003,0.027475440833403277,0.02040353893339676,0.020405424343241
1,999,0.04557411454952256,0.05911741885941101,0.06001128172882829,0.045564567846440786,0.045586285909596715
3,999,0.014893212800283932,0.02004371263983136,0.02075649905279203,0.01489666653744959,0.01490163581224385
1,1000,0.048423113025759905,0.05954662535608904,0.06043464417822533,0.04842911283904872,0.0484217673475553
3,1000,0.0063199317377261215,0.009634178468159707,0.010230912030807648,0.006323585232311406,0.006328636393873593
