particle,start_cycle,end_cycle,duration_cycles
1,7.787984894330736,15.634541034017014,7.846556139686277
1,15.634541034017014,23.52916783228953,7.894626798272517
1,23.52916783228953,31.424864894405882,7.895697062116351
1,31.424864894405882,39.29614822074373,7.871283326337849
1,39.29614822074373,47.096425174274025,7.800276953530293
1,47.096425174274025,54.85483738088537,7.758412206611347
1,54.85483738088537,62.67979257233435,7.8249551914489786
1,62.67979257233435,70.5637312060914,7.8839386337570545
1,70.5637312060914,78.4624012672874,7.898670061196
1,78.4624012672874,86.34525901764634,7.882857750358937
1,86.34525901764634,94.17652284016461,7.831263822518267
1,94.17652284016461,101.92587260374323,7.749349763578621
1,101.92587260374323,109.7318171521026,7.8059445483593635
1,109.7318171521026,117.59860607596445,7.866788923861861
1,117.59860607596445,125.49722090102999,7.898614825065536
1,125.49722090102999,133.38792440502505,7.890703503995056
1,133.38792440502505,141.24328792786034,7.85536352283529
1,141.24328792786034,149.00710526663002,7.763817338769684
1,149.00710526663002,156.79236211097304,7.785256844343024
1,156.79236211097304,164.63739130320272,7.845029192229674
1,164.63739130320272,172.5315177983604,7.894126495157678
1,172.5315177983604,180.42749962525144,7.895981826891045
1,180.42749962525144,188.2997181481884,7.872218522936947
1,188.2997181481884,196.10231724739327,7.802599099204883
1,196.10231724739327,203.85947251120814,7.757155263814866
1,203.85947251120814,211.68307574237085,7.823603231162707
1,211.68307574237085,219.56604966921762,7.882973926846773
1,219.56604966921762,227.46481687100055,7.898767201782931
1,227.46481687100055,235.3482969324625,7.883480061461938
1,235.3482969324625,243.18137901879084,7.833082086328346
1,243.18137901879084,250.93086221001417,7.749483191223334
1,250.93086221001417,258.7355654042758,7.804703194261634
1,258.7355654042758,266.60100582262703,7.865440418351227
1,266.60100582262703,274.4994853923973,7.898479569770245
1,274.4994853923973,282.3906140979461,7.8911287055488515
1,282.3906140979461,290.24732494844943,7.856710850503305
1,290.24732494844943,298.01400051171424,7.766675563264812
1,298.01400051171424,305.7966962761527,7.782695764438472
1,305.7966962761527,313.64022695558066,7.843530679427943
1,313.64022695558066,321.53383036711375,7.893603411533093
1,321.53383036711375,329.4300840870856,7.896253719971867
1,329.4300840870856,337.30320646276306,7.87312237567744
1,337.30320646276306,345.10808480053174,7.804878337768685
1,345.10808480053174,352.8640958550237,7.756011054491978
1,352.8640958550237,360.6863712425338,7.822275387510103
1,360.6863712425338,368.5683576925686,7.881986450034788
1,368.5683576925686,376.4672098092644,7.898852116695764
1,376.4672098092644,384.3512982645874,7.884088455323024
1,384.3512982645874,392.18618173607734,7.834883471489945
1,392.18618173607734,399.93591789384027,7.749736157762925
1,399.93591789384027,407.73937589933274,7.803458005492473
1,407.73937589933274,415.6034381575383,7.864062258205536
1,415.6034381575383,423.50176287570855,7.898324718170272
1,423.50176287570855,431.3933110579651,7.8915481822565425
1,431.3933110579651,439.25135400412097,7.8580429461558765
1,439.25135400412097,447.02090812273946,7.769554118618487
1,447.02090812273946,454.8011251329768,7.7802170102373225
1,454.8011251329768,462.6431393546065,7.842014221629711
1,462.6431393546065,470.5361796890256,7.893040334419084
1,470.5361796890256,478.43270034774434,7.896520658718771
1,478.43270034774434,486.30672372127,7.874023373525631
1,486.30672372127,494.11390904916857,7.807185327898594
1,494.11390904916857,501.868854653771,7.754945604602426
1,501.868854653771,509.68978460425814,7.820929950487141
1,509.68978460425814,517.570728909154,7.880944304895877
1,517.570728909154,525.4696555102411,7.898926601087055
1,525.4696555102411,533.3543567929734,7.884701282732294
1,533.3543567929734,541.1910775300883,7.836720737114888
1,541.1910775300883,548.9412010280728,7.750123497984532
1,548.9412010280728,556.7433697239206,7.802168695847854
1,556.7433697239206,564.6059829351332,7.862613211212533
1,564.6059829351332,572.5041258667565,7.898142931623283
1,572.5041258667565,580.3960991451993,7.891973278442833
1,580.3960991451993,588.2554928415676,7.859393696368329
1,588.2554928415676,596.0280173098178,7.77252446825014
1,596.0280173098178,603.8057727618269,7.77775545200916
1,603.8057727618269,611.6462126399471,7.840439878120151
1,611.6462126399471,619.538630652649,7.89241801270191
1,619.538630652649,627.4354181918242,7.896787539175193
1,627.4354181918242,635.3103601140209,7.87494192219674
1,635.3103601140209,643.1199300841178,7.809569970096845
1,643.1199300841178,650.8738692135323,7.753939129414562
1,650.8738692135323,658.693403763263,7.819534549730633
1,658.693403763263,666.5732222713625,7.879818508099561
1,666.5732222713625,674.4722122100613,7.898989938698833
1,674.4722122100613,682.3575426710992,7.8853304610378245
1,682.3575426710992,690.1961703955012,7.838627724402045
1,690.1961703955012,697.9468363961153,7.750666000614046
1,697.9468363961153,705.7476402025621,7.800803806446879
1,705.7476402025621,713.6087006608583,7.861060458296151
1,713.6087006608583,721.5066266082328,7.8979259473744605
1,721.5066266082328,729.3990369746824,7.892410366449667
1,729.3990369746824,737.2598186636902,7.860781689007808
1,737.2598186636902,745.0354459373831,7.775627273692862
1,745.0354459373831,752.8107239216325,7.775277984249442
1,752.8107239216325,760.6495063496417,7.838782428009154
1,760.6495063496417,768.5412257929369,7.891719443295187
1,768.5412257929369,776.4382815274631,7.897055734526248
1,776.4382815274631,784.3141691488892,7.875887621426045
1,784.3141691488892,792.12622579471,7.812056645820803
1,792.12622579471,799.8792153630263,7.752989568316366
1,799.8792153630263,807.6972855791765,7.818070216150204
1,807.6972855791765,815.5758738754652,7.878588296288626
1,815.5758738754652,823.474913133869,7.899039258403832
1,823.474913133869,831.3608939488217,7.885980814952745
1,831.3608939488217,839.2015116931711,7.840617744349402
1,839.2015116931711,846.9529003453281,7.7513886521569475
1,846.9529003453281,854.7522440738588,7.799343728530744
1,854.7522440738588,862.6116283654645,7.859384291605693
1,862.6116283654645,870.5092936239404,7.897665258475854
1,870.5092936239404,878.4021546088948,7.892860984954382
1,878.4021546088948,886.2643674577882,7.862212848893478
1,886.2643674577882,894.04324051429,7.778873056501766
1,894.04324051429,901.8160211486594,7.772780634369383
1,901.8160211486594,909.653053596952,7.837032448292575
1,909.653053596952,917.5439848648376,7.890931267885662
1,917.5439848648376,925.4413082226581,7.897323357820483
1,925.4413082226581,933.3181689702225,7.876860747564365
1,933.3181689702225,941.1328151900728,7.814646219850374
1,941.1328151900728,948.8849233531752,7.752108163102321
1,948.8849233531752,956.7014538124529,7.816530459277715
1,956.7014538124529,964.5786961552,7.877242342747081
1,964.5786961552,972.4777664479578,7.8990702927578695
1,972.4777664479578,980.3644169096847,7.886650461726845
1,980.3644169096847,988.2071005095041,7.842683599819452
1,988.2071005095041,995.9594160042897,7.752315494785535
1,995.9594160042897,1003.7571969858507,7.797780981561004
1,1003.7571969858507,1011.6147790162753,7.8575820304246236
1,1011.6147790162753,1019.512131968971,7.897352952695655
1,1019.512131968971,1027.4054539460435,7.89332197707256
1,1027.4054539460435,1035.2691317304914,7.863677784447873
1,1035.2691317304914,1043.0513685169424,7.782236786450994
1,1043.0513685169424,1050.8216530865286,7.770284569586238
1,1050.8216530865286,1058.656851772265,7.835198685736486
1,1058.656851772265,1066.5468992895112,7.890047517246103
1,1066.5468992895112,1074.4444847292862,7.897585439774957
1,1074.4444847292862,1082.3223355346415,7.877850805355365
1,1082.3223355346415,1090.1396463213525,7.817310786711005
1,1090.1396463213525,1097.8909615906991,7.751315269346605
1,1097.8909615906991,1105.7058858676473,7.814924276948204
1,1105.7058858676473,1113.5816699988839,7.875784131236514
1,1113.5816699988839,1121.480748136835,7.8990781379511645
1,1121.480748136835,1129.3680778300534,7.887329693218362
1,1129.3680778300534,1137.2128696742088,7.844791844155452
1,1137.2128696742088,1144.9663210384215,7.753451364212651
1,1144.9663210384215,1152.7624478795158,7.796126841094292
1,1152.7624478795158,1160.6181239183545,7.855676038838737
1,1160.6181239183545,1168.5151090153,7.8969850969454
1,1168.5151090153,1176.408893233929,7.89378421862898
1,1176.408893233929,1184.2740411934162,7.865147959487331
1,1184.2740411934162,1192.0596892685642,7.785648075147947
1,1192.0596892685642,1199.8275290212543,7.767839752690179
1,1199.8275290212543,1207.660844265992,7.833315244737605
1,1207.660844265992,1215.5499199756446,7.889075709652616
1,1215.5499199756446,1223.4477535192582,7.897833543613615
1,1223.4477535192582,1231.3265880115491,7.878834492290935
1,1231.3265880115491,1239.1465736701625,7.819985658613405
1,1239.1465736701625,1246.897209243154,7.750635572991541
1,1246.897209243154,1254.7104920696538,7.813282826499744
1,1254.7104920696538,1262.5847326840317,7.874240614377868
1,1262.5847326840317,1270.4837914703983,7.899058786366595
1,1270.4837914703983,1278.3717916633739,7.888000192975596
1,1278.3717916633739,1286.2186728328306,7.846881169456765
1,1286.2186728328306,1293.9734439492297,7.75477111639907
1,1293.9734439492297,1301.7678618259472,7.794417876717489
1,1301.7678618259472,1309.6215806438338,7.853718817886602
1,1309.6215806438338,1317.5181458260029,7.89656518216907
1,1317.5181458260029,1325.4123794319512,7.89423360594833
1,1325.4123794319512,1333.278958258965,7.866578827013882
1,1333.278958258965,1341.0679568831536,7.78899862418848
1,1341.0679568831536,1348.833475488038,7.765518604884392
1,1348.833475488038,1356.6649152224197,7.8314397343817745
1,1356.6649152224197,1364.5529568449506,7.888041622530864
1,1364.5529568449506,1372.451015278612,7.89805843366139
1,1372.451015278612,1380.330795755899,7.879780477287113
1,1380.330795755899,1388.1533786705745,7.822582914675422
1,1388.1533786705745,1395.903469336226,7.750090665651442
1,1395.903469336226,1403.7151242995046,7.81165496327867
1,1403.7151242995046,1411.5877859157258,7.872661616221194
1,1411.5877859157258,1419.4867970389291,7.899011123203309
1,1419.4867970389291,1427.3754359561576,7.888638917228491
1,1427.3754359561576,1435.2243121397023,7.848876183544689
1,1435.2243121397023,1442.9805313445588,7.756219204856507
1,1442.9805313445588,1450.7732411919862,7.792709847427432
1,1450.7732411919862,1458.625025810547,7.851784618560714
1,1458.625025810547,1466.5211315609583,7.89610575041138
1,1466.5211315609583,1474.4157859933591,7.894654432400785
1,1474.4157859933591,1482.2837076288633,7.867921635504217
1,1482.2837076288633,1490.0758779327593,7.792170303896
1,1490.0758779327593,1497.8392740825486,7.763396149789287
1,1497.8392740825486,1505.6689143443568,7.829640261808208
1,1505.6689143443568,1513.555900090624,7.886985746267101
1,1513.555900090624,1521.4541533114416,7.898253220817651
1,1521.4541533114416,1529.3348124247163,7.88065911327476
1,1529.3348124247163,1537.1598316535553,7.825019228838983
1,1537.1598316535553,1544.9095250802545,7.749693426699196
1,1544.9095250802545,1552.719618332902,7.810093252647448
1,1552.719618332902,1560.5907246398956,7.8711063069936245
1,1560.5907246398956,1568.4896629265506,7.898938286655039
1,1568.4896629265506,1576.378890098745,7.889227172194296
1,1576.378890098745,1584.2296068691342,7.850716770389226
1,1584.2296068691342,1591.987339111271,7.7577322421368535
1,1591.987339111271,1599.7783996785333,7.7910605672623205
1,1599.7783996785333,1607.6283415464295,7.849941867896177
1,1607.6283415464295,1615.5239662792994,7.895624732869919
1,1615.5239662792994,1623.4190021798613,7.895035900561879
1,1623.4190021798613,1631.2881457424546,7.869143562593308
1,1631.2881457424546,1639.0832286467191,7.795082904264518
1,1639.0832286467191,1646.8447474946315,7.7615188479123844
1,1646.8447474946315,1654.6727155994224,7.827968104790898
1,1654.6727155994224,1662.5586643322845,7.885948732862062
1,1662.5586643322845,1670.4570808207131,7.898416488428666
1,1670.4570808207131,1678.3385359335439,7.881455112830736
1,1678.3385359335439,1686.1657875112116,7.8272515776677665
1,1686.1657875112116,1693.915232451831,7.749444940619242
1,1693.915232451831,1701.7238648333837,7.808632381552798
1,1701.7238648333837,1709.5934826232788,7.869617789895074
1,1709.5934826232788,1717.4923288031187,7.898846179839893
1,1717.4923288031187,1725.3820875802385,7.889758777119823
1,1725.3820875802385,1733.234472138262,7.852384558023459
1,1733.234472138262,1740.9937432648899,7.759271126627937
1,1740.9937432648899,1748.783247801923,7.789504537033054
1,1748.783247801923,1756.6314705264126,7.848222724489688
1,1756.6314705264126,1764.526607312447,7.8951367860343
1,1764.526607312447,1772.4219845196303,7.895377207183401
1,1772.4219845196303,1780.2922280718387,7.8702435522084215
1,1780.2922280718387,1788.0899627191952,7.797734647356492
1,1788.0899627191952,1795.849849241649,7.759886522453826
1,1795.849849241649,1803.6762822635214,7.82643302187239
1,1803.6762822635214,1811.5612302063496,7.884947942828148
1,1811.5612302063496,1819.4597822630224,7.89855205667277
1,1819.4597822630224,1827.3419555844935,7.8821733214711
1,1827.3419555844935,1835.1712476368768,7.82929205238338
1,1835.1712476368768,1842.9205818691114,7.74933423223456
1,1842.9205818691114,1850.7278565080394,7.807274638927993
1,1850.7278565080394,1858.596060457471,7.868203949431518
1,1858.596060457471,1866.4947999937242,7.898739536253288
1,1866.4947999937242,1874.3850405260655,7.890240532341295
1,1874.3850405260655,1882.2389415018179,7.853900975752367
1,1882.2389415018179,1889.9997700495937,7.760828547775873
1,1889.9997700495937,1897.787810663938,7.788040614344254
1,1897.787810663938,1905.6344278457698,7.846617181831789
1,1905.6344278457698,1913.529073972648,7.894646126878115
1,1913.529073972648,1921.4247594675342,7.895685494886266
1,1921.4247594675342,1929.296004998032,7.871245530497845
1,1929.296004998032,1937.0961887430642,7.8001837450322
1,1937.0961887430642,1944.8546530511137,7.758464308049497
1,1944.8546530511137,1952.6796624155927,7.825009364479001
1,1952.6796624155927,1960.5636388846206,7.883976469027857
1,1960.5636388846206,1968.4623048189537,7.898665934333167
1,1968.4623048189537,1976.3451374996107,7.882832680656975
1,1976.3451374996107,1984.1763285218387,7.83119102222804
1,1984.1763285218387,1991.9256752104595,7.74934668862079
1,1991.9256752104595,1999.7316690863506,7.80599387589109
1,1999.7316690863506,2007.5985111040611,7.866842017710496
1,2007.5985111040611,2015.497130918585,7.898619814523954
1,2015.497130918585,2023.387817336024,7.890686417438928
1,2023.387817336024,2031.2431267607342,7.855309424710185
1,2031.2431267607342,2039.0068303197272,7.763703558993029
1,2039.0068303197272,2046.7921909827594,7.785360663032179
1,2046.7921909827594,2054.6372796118226,7.845088629063184
1,2054.6372796118226,2062.5314261893086,7.894146577486026
1,2062.5314261893086,2070.4273970492513,7.895970859942736
1,2070.4273970492513,2078.2995793551713,7.872182305919978
1,2078.2995793551713,2086.1020877593573,7.802508404186028
1,2086.1020877593573,2093.859290220769,7.7572024614114525
1,2093.859290220769,2101.6829462085275,7.823655987758684
1,2101.6829462085275,2109.5659585590865,7.883012350559056
1,2109.5659585590865,2117.464722150984,7.8987635918974775
1,2117.464722150984,2125.3481779153058,7.883455764321752
1,2125.3481779153058,2133.1811884832173,7.833010567911515
1,2133.1811884832173,2140.930663978534,7.749475495316801
1,2140.930663978534,2148.7354161936923,7.80475221515826
1,2148.7354161936923,2156.600910442909,7.865494249216681
1,2156.600910442909,2164.4993957081924,7.898485265283398
1,2164.4993957081924,2172.390507690838,7.891111982645725
1,2172.390507690838,2180.247165454501,7.856657763662952
1,2180.247165454501,2188.0137272768006,7.766561822299536
1,2188.0137272768006,2195.796522796084,7.782795519283354
1,2195.796522796084,2203.640113181414,7.843590385330117
1,2203.640113181414,2211.533738057294,7.89362487588005
1,2211.533738057294,2219.4299810707303,7.896243013436106
1,2219.4299810707303,2227.303067603555,7.8730865328248
1,2227.303067603555,2235.107854791865,7.8047871883100015
1,2235.107854791865,2242.8639096628476,7.7560548709825525
1,2242.8639096628476,2250.6862381058345,7.822328442986873
1,2250.6862381058345,2258.5682648066854,7.882026700850929
1,2258.5682648066854,2266.467113723098,7.8988489164125895
1,2266.467113723098,2274.351177861097,7.884064137998848
1,2274.351177861097,2282.1859888232398,7.83481096214291
1,2282.1859888232398,2289.9357122227348,7.749723399494997
1,2289.9357122227348,2297.7392206011036,7.803508378368861
1,2297.7392206011036,2305.6033391298256,7.864118528721974
1,2305.6033391298256,2313.501670500287,7.898331370461619
1,2313.501670500287,2321.3932018107407,7.891531310453502
1,2321.3932018107407,2329.251191117366,7.8579893066253135
1,2329.251191117366,2337.0206282125646,7.769437095198555
1,2337.0206282125646,2344.80094389142,7.780315678855459
1,2344.80094389142,2352.6430198573253,7.842075965905224
1,2352.6430198573253,2360.5360838005563,7.893063943231027
1,2360.5360838005563,2368.432593745338,7.896509944781883
1,2368.432593745338,2376.3065806370364,7.873986891698223
1,2376.3065806370364,2384.1136718159555,7.807091178919109
1,2384.1136718159555,2391.868658906402,7.7549870904463205
1,2391.868658906402,2399.689643759102,7.820984852700349
1,2399.689643759102,2407.570631445945,7.880987686842673
1,2407.570631445945,2415.4695552366848,7.8989237907399
1,2415.4695552366848,2423.3542315454824,7.88467630879768
1,2423.3542315454824,2431.190876936712,7.836645391229467
1,2431.190876936712,2438.9409817733726,7.750104836660739
1,2438.9409817733726,2446.743203711922,7.802221938549337
1,2446.743203711922,2454.6058772191022,7.862673507180261
1,2454.6058772191022,2462.5040281019446,7.898150882842401
1,2462.5040281019446,2470.395983989798,7.891955887853328
1,2470.395983989798,2478.255322414529,7.85933842473105
1,2478.255322414529,2486.0277242575876,7.77240184305856
1,2486.0277242575876,2493.805579332344,7.777855074756644
1,2493.805579332344,2501.6460843727464,7.8405050404021495
1,2501.6460843727464,2509.538528927395,7.892444554648591
1,2509.538528927395,2517.435305625648,7.896776698253234
1,2517.435305625648,2525.3102098322597,7.874904206611518
1,2525.3102098322597,2533.11968119598,7.809471363720149
1,2533.11968119598,2540.873659899063,7.7539787030832485
1,2540.873659899063,2548.693252233473,7.819592334409663
1,2548.693252233473,2556.5731182926843,7.879866059211508
1,2556.5731182926843,2564.4721058996465,7.898987606962237
1,2564.4721058996465,2572.3574104120667,7.885304512420134
1,2572.3574104120667,2580.1959590646065,7.838548652539885
1,2580.1959590646065,2587.946599542908,7.750640478301648
1,2587.946599542908,2595.7474604887702,7.800860945862041
1,2595.7474604887702,2603.6085863461403,7.861125857370098
1,2603.6085863461403,2611.5065218943137,7.897935548173336
1,2611.5065218943137,2619.3989142099417,7.892392315628058
1,2619.3989142099417,2627.259638557217,7.860724347275209
1,2627.259638557217,2635.0351366210916,7.775498063874693
1,2635.0351366210916,2642.8105157695004,7.775379148408774
1,2642.8105157695004,2650.64936745107,7.838851681569395
1,2650.64936745107,2658.541117004186,7.8917495531163695
1,2658.541117004186,2666.4381617926556,7.8970447884694295
1,2666.4381617926556,2674.314010289011,7.875848496355502
1,2674.314010289011,2682.125963383392,7.811953094380897
1,2682.125963383392,2689.878990306015,7.753026922623121
1,2689.878990306015,2697.6971216872394,7.818131381224248
1,2697.6971216872394,2705.5757623800932,7.878640692853878
1,2705.5757623800932,2713.474799940499,7.899037560405759
1,2713.474799940499,2721.3607537745534,7.885953834054362
1,2721.3607537745534,2729.201288567426,7.840534792872859
1,2729.201288567426,2736.952643667646,7.7513551002198255
1,2736.952643667646,2744.752049006649,7.799405339002988
1,2744.752049006649,2752.6115043204077,7.8594553137586445
1,2752.6115043204077,2760.509181191263,7.897676870855321
1,2760.509181191263,2768.4020234912796,7.892842300016582
1,2768.4020234912796,2776.264176963388,7.862153472108275
1,2776.264176963388,2784.042914414696,7.778737451308189
1,2784.042914414696,2791.8157973882567,7.772882973560627
1,2791.8157973882567,2799.65290326048,7.837105872223219
1,2799.65290326048,2807.5438686644175,7.890965403937571
1,2807.5438686644175,2815.4411811118484,7.897312447430977
1,2815.4411811118484,2823.318001511952,7.876820400103497
1,2823.318001511952,2831.1325396975935,7.814538185641595
1,2831.1325396975935,2838.8846822926125,7.752142595018995
1,2838.8846822926125,2846.701277308792,7.81659501617969
1,2846.701277308792,2854.578577150747,7.877299841954937
1,2854.578577150747,2862.4776465838195,7.899069433072327
1,2862.4776465838195,2870.3642692588573,7.88662267503787
1,2870.3642692588573,2878.2068668177876,7.842597558930265
1,2878.2068668177876,2885.9591399144947,7.752273096707086
1,2885.9591399144947,2893.75698700008,7.79784708558509
1,2893.75698700008,2901.6146453715305,7.857658371450725
1,2901.6146453715305,2909.512012237582,7.89736686605147
1,2909.512012237582,2917.4053151482085,7.893302910626517
1,2917.4053151482085,2925.2689323057766,7.863617157568115
1,2925.2689323057766,2933.051029074591,7.7820967688144265
1,2933.051029074591,2940.821415658007,7.770386583415984
1,2940.821415658007,2948.656691077327,7.835275419320169
1,2948.656691077327,2956.546776802813,7.890085725485733
1,2956.546776802813,2964.444351657517,7.897574854704089
1,2964.444351657517,2972.322161614759,7.87780995724188
1,2972.322161614759,2980.1393618490147,7.817200234255779
1,2980.1393618490147,2987.89070759692,7.751345747905361
1,2987.89070759692,2995.7056989948464,7.814991397926406
1,2995.7056989948464,3003.5815451549074,7.8758461600609735
1,3003.5815451549074,3011.4806234776347,7.899078322727291
1,3011.4806234776347,3019.367925179647,7.887301702012337
1,3019.367925179647,3027.2126299154716,7.844704735824507
1,3027.2126299154716,3034.966030383945,7.753400468473501
1,3034.966030383945,3042.7622268215428,7.7961964375977
1,3042.7622268215428,3050.61798296616,7.855756144617317
1,3050.61798296616,3058.5149843209424,7.897001354782333
1,3058.5149843209424,3066.4087495933845,7.893765272442124
1,3066.4087495933845,3074.273837251626,7.865087658241464
1,3074.273837251626,3082.0593446846874,7.785507433061412
1,3082.0593446846874,3089.8272834261907,7.767938741503258
1,3089.8272834261907,3097.660676780901,7.833393354710552
1,3097.660676780901,3105.549794108811,7.889117327909844
1,3105.549794108811,3113.4476177862944,7.897823677483302
1,3113.4476177862944,3121.3264120986123,7.87879431231795
1,3121.3264120986123,3129.146287920338,7.819875821725873
1,3129.146287920338,3136.8969489253886,7.7506610050504605
1,3136.8969489253886,3144.7102997527086,7.813350827319937
1,3144.7102997527086,3152.584605355956,7.874305603247194
1,3152.584605355956,3160.483665502503,7.899060146547072
1,3160.483665502503,3168.3716383814062,7.887972878903383
1,3168.3716383814062,3176.2184342873147,7.846795905908493
1,3176.2184342873147,3183.9731475504454,7.754713263130725
1,3183.9731475504454,3191.7676366079877,7.7944890575422505
1,3191.7676366079877,3199.621436646636,7.853800038648387
1,3199.621436646636,3207.5180201267813,7.896583480145182
1,3207.5180201267813,3215.4122355505974,7.894215423816149
1,3215.4122355505974,3223.278756422093,7.866520871495595
1,3223.278756422093,3231.0676186904966,7.788862268403591
1,3231.0676186904966,3238.833230052992,7.765611362495292
1,3238.833230052992,3246.664746584608,7.8315165316162165
1,3246.664746584608,3254.5528318821775,7.888085297569432
1,3254.5528318821775,3262.4508815350828,7.898049652905229
1,3262.4508815350828,3270.330623864476,7.879742329393139
1,3270.330623864476,3278.153101503095,7.822477638619148
1,3278.153101503095,3285.9032118035775,7.750110300482447
1,3285.9032118035775,3293.714933421492,7.8117216179143725
1,3293.714933421492,3301.587660602819,7.872727181327264
1,3301.587660602819,3309.486674236313,7.899013633493723
1,3309.486674236313,3317.3752874828942,7.888613246581372
1,3317.3752874828942,3325.2240833925944,7.848795909700129
1,3325.2240833925944,3332.9802405148207,7.756157122226341
1,3332.9802405148207,3340.773020583299,7.792780068478351
1,3340.773020583299,3348.6248842842274,7.851863700928334
1,3348.6248842842274,3356.5210097167405,7.896125432513145
1,3356.5210097167405,3364.415647349546,7.89463763280537
1,3364.415647349546,3372.283515285822,7.86786793627607
1,3372.283515285822,3380.075558133989,7.792042848167057
1,3380.075558133989,3387.839037931987,7.763479797998116
1,3387.839037931987,3395.66875089964,7.829712967652995
1,3395.66875089964,3403.5557805219687,7.887029622328555
1,3403.5557805219687,3411.4540262476944,7.898245725725701
1,3411.4540262476944,3419.3346502836102,7.880624035915844
1,3419.3346502836102,3427.1595716754005,7.8249213917902125
1,3427.1595716754005,3434.9092785284693,7.749706853068801
1,3434.9092785284693,3442.71943510263,7.810156574160828
1,3442.71943510263,3450.590605242566,7.871170139936112
1,3450.590605242566,3458.489546992069,7.898941749502683
1,3458.489546992069,3466.3787506957506,7.889203703681687
1,3466.3787506957506,3474.229393916021,7.850643220270285
1,3474.229393916021,3481.9870620150737,7.7576680990528075
1,3481.9870620150737,3489.778189779998,7.791127764924113
1,3489.778189779998,3497.628206362939,7.850016582941407
1,3497.628206362939,3505.523851433428,7.8956450704886265
1,3505.523851433428,3513.418872178236,7.895020744808335
1,3513.418872178236,3521.2879670565767,7.869094878340547
1,3521.2879670565767,3529.0829332437665,7.794966187189857
1,3529.0829332437665,3536.8445256086306,7.7615923648641
1,3536.8445256086306,3544.672560986226,7.82803537759537
1,3544.672560986226,3552.558552506442,7.885991520216066
1,3552.558552506442,3560.456962727052,7.898410220610003
1,3560.456962727052,3568.3383860621557,7.881423335103591
1,3568.3383860621557,3576.165547899788,7.827161837632502
1,3576.165547899788,3583.915000223736,7.749452323947935
1,3583.915000223736,3591.7236917706123,7.808691546876162
1,3591.7236917706123,3599.5933705476505,7.869678777038189
1,3599.5933705476505,3607.4922209033302,7.89885035567977
1,3607.4922209033302,3615.381958382882,7.889737479551968
1,3615.381958382882,3623.2342759809767,7.852317598094487
1,3623.2342759809767,3630.9934818029583,7.759205821981595
1,3630.9934818029583,3638.7830498075,7.789568004541707
1,3638.7830498075,3646.631342477989,7.8482926704891725
1,3646.631342477989,3654.5264998639504,7.895157385961284
1,3654.5264998639504,3662.4218633998917,7.895363535941215
1,3662.4218633998917,3670.292062709062,7.870199309170403
1,3670.292062709062,3678.089689911743,7.797627202680815
1,3678.089689911743,3685.8496406258428,7.759950714099887
1,3685.8496406258428,3693.6761359412535,7.826495315410739
1,3693.6761359412535,3701.5611254379855,7.884989496732032
1,3701.5611254379855,3709.45967223439,7.898546796404389
1,3709.45967223439,3717.3418165127237,7.882144278333726
1,3717.3418165127237,3725.1710254367345,7.8292089240108
1,3725.1710254367345,3732.9203615890806,7.749336152346132
1,3732.9203615890806,3740.7276918481325,7.807330259051923
1,3740.7276918481325,3748.5959543752765,7.868262527143997
1,3748.5959543752765,3756.494698679774,7.898744304497541
1,3756.494698679774,3764.3849196137826,7.890220934008539
1,3764.3849196137826,3772.238758758978,7.853839145195252
1,3772.238758758978,3779.9995204886577,7.760761729679871
1,3779.9995204886577,3787.7876215834485,7.788101094790818
1,3787.7876215834485,3795.634305032776,7.846683449327429
1,3795.634305032776,3803.5289720859087,7.894667053132707
1,3803.5289720859087,3811.4246450098385,7.895672923929851
1,3811.4246450098385,3819.2958494821005,7.871204472261979
1,3819.2958494821005,3827.0959320392753,7.800082557174846
1,3827.0959320392753,3834.8544530727904,7.7585210335150805
1,3834.8544530727904,3842.679521246746,7.825068173955515
1,3842.679521246746,3850.563538716595,7.884017469848914
1,3850.563538716595,3858.462200152651,7.898661436056045
1,3858.462200152651,3866.3450056137244,7.882805461073531
1,3866.3450056137244,3874.1761176401856,7.831112026461142
1,3874.1761176401856,3881.925461206508,7.749343566322295
1,3881.925461206508,3889.731508585415,7.806047378907351
1,3889.731508585415,3897.5984081398715,7.866899554456268
1,3897.5984081398715,3905.497033333906,7.898625194034594
1,3905.497033333906,3913.387701209117,7.890667875210966
1,3913.387701209117,3921.242951935005,7.8552507258877995
1,3921.242951935005,3929.006532136863,7.763580201858076
1,3929.006532136863,3936.7920055484906,7.785473411627663
1,3936.7920055484906,3944.6371586071823,7.8451530586917215
1,3944.6371586071823,3952.5313268975883,7.894168290406014
1,3952.5313268975883,3960.4272858568884,7.89595895930006
1,3960.4272858568884,3968.2994288824702,7.872143025581863
1,3968.2994288824702,3976.101838986342,7.802410103871807
1,3976.101838986342,3983.8590927692126,7.757253782870521
1,3983.8590927692126,3991.682805938357,7.823713169144412
1,3991.682805938357,3999.5658598640543,7.883053925697368
1,3999.5658598640543,4007.464619525477,7.898759661422446
1,4007.464619525477,4015.3480489525036,7.88342942702684
1,4015.3480489525036,4023.180982041201,7.832933088697246
1,4023.180982041201,4030.9304494188077,7.749467377606834
1,4030.9304494188077,4038.735254716556,7.804805297748317
1,4038.735254716556,4046.6008072091363,7.865552492580264
1,4046.6008072091363,4054.499298608513,7.8984913993767805
1,4054.499298608513,4062.3903924723004,7.891093863787319
1,4062.3903924723004,4070.2469927243205,7.856600252020144
1,4070.2469927243205,4078.01343142363,7.766438699309674
1,4078.01343142363,4085.796335112479,7.782903688848819
1,4085.796335112479,4093.639990118345,7.843655005865912
1,4093.639990118345,4101.533638166299,7.89364804795423
1,4101.533638166299,4109.429869578471,7.896231412171801
1,4109.429869578471,4117.302917297548,7.873047719077476
1,4117.302917297548,4125.107605847935,7.804688550386345
1,4125.107605847935,4132.863708306968,7.756102459033173
1,4132.863708306968,4140.68609416463,7.822385857662084
1,4140.68609416463,4148.568164349536,7.882070184906297
1,4148.568164349536,4156.46700978299,7.898845433453971
1,4156.46700978299,4164.351047602036,7.884037819045261
1,4164.351047602036,4172.185780128882,7.834732526845983
1,4172.185780128882,4179.935489961992,7.749709833110501
1,4179.935489961992,4187.739052799323,7.803562837330901
1,4187.739052799323,4195.603232121449,7.864179322125892
1,4195.603232121449,4203.501570646172,7.898338524722931
1,4203.501570646172,4211.393083702101,7.891513055928954
1,4211.393083702101,4219.25101497553,7.857931273429131
1,4219.25101497553,4227.020325558086,7.7693105825565
1,4227.020325558086,4234.800748084512,7.780422526425355
1,4234.800748084512,4242.642890786543,7.842142702031197
1,4242.642890786543,4250.53598018108,7.893089394537128
1,4250.53598018108,4258.432478528498,7.896498347417946
1,4258.432478528498,4266.306425962136,7.873947433638023
1,4266.306425962136,4274.113415372756,7.80698941062019
1,4274.113415372756,4281.868447481985,7.755032109228523
1,4281.868447481985,4289.689491674492,7.821044192507543
1,4289.689491674492,4297.570526168704,7.881034494212145
1,4297.570526168704,4305.469446897994,7.8989207292897845
1,4305.469446897994,4313.354096205519,7.884649307525251
1,4313.354096205519,4321.190660174151,7.836563968631708
1,4321.190660174151,4328.940745101152,7.7500849270008985
1,4328.940745101152,4336.7430245326605,7.802279431508396
1,4336.7430245326605,4344.6057631125905,7.86273857993001
1,4344.6057631125905,4352.503922537955,7.898159425364611
1,4352.503922537955,4360.395859626155,7.891937088199484
1,4360.395859626155,4368.25513829917,7.859278673015069
1,4368.25513829917,4376.027407673895,7.772269374725511
1,4376.027407673895,4383.805370542974,7.777962869078692
1,4383.805370542974,4391.64594595502,7.840575412045837
1,4391.64594595502,4399.538419096989,7.892473141969276
1,4399.538419096989,4407.435184065461,7.896764968471871
1,4407.435184065461,4415.310047505152,7.87486343969158
1,4415.310047505152,4423.119412344126,7.809364838974034
1,4423.119412344126,4430.8734339831135,7.754021638987069
1,4430.8734339831135,4438.693088727667,7.8196547445531905
1,4438.693088727667,4446.57300605597,7.879917328303236
1,4446.57300605597,4454.471991114167,7.898985058197468
1,4454.471991114167,4462.3572675842715,7.885276470104145
1,4462.3572675842715,4470.195730819647,7.838463235375457
1,4470.195730819647,4477.946344011244,7.75061319159704
1,4477.946344011244,4485.747266618654,7.80092260741003
1,4485.747266618654,4493.608463021987,7.861196403332542
1,4493.608463021987,4501.50640888013,7.89794585814343
1,4501.50640888013,4509.398781686474,7.892372806343701
1,4509.398781686474,4517.259444059768,7.8606623732939624
1,4517.259444059768,4525.034802559998,7.775358500230141
1,4525.034802559998,4532.810291151294,7.77548859129638
1,4532.810291151294,4540.649217606738,7.83892645544347
1,4540.649217606738,4548.540999578491,7.891781971753517
1,4548.540999578491,4556.438032520578,7.897032942087208
1,4556.438032520578,4564.31383872801,7.8758062074311965
1,4564.31383872801,4572.125679953476,7.811841225466196
1,4572.125679953476,4579.878747428537,7.753067475061471
1,4579.878747428537,4587.6969448617565,7.818197433219211
1,4587.6969448617565,4595.575642041013,7.87869717925696
1,4595.575642041013,4603.474677730153,7.899035689139964
1,4603.474677730153,4611.360602403017,7.885924672863439
1,4611.360602403017,4619.201047574143,7.840445171125793
1,4619.201047574143,4626.9523667524,7.75131917825729
1,4626.9523667524,4634.751838572579,7.799471820178951
1,4634.751838572579,4642.611370504857,7.859531932278514
1,4642.611370504857,4650.509059845645,7.89768934078802
1,4650.509059845645,4658.401881946059,7.892822100413468
1,4658.401881946059,4666.263971229645,7.862089283586101
1,4666.263971229645,4674.042562165923,7.778590936278306
1,4674.042562165923,4681.815555886771,7.772993720847808
1,4681.815555886771,4689.652741053018,7.837185166246854
1,4689.652741053018,4697.543743216359,7.891002163341
1,4697.543743216359,4705.441043847939,7.897300631580038
1,4705.441043847939,4713.317820621169,7.876776773229722
1,4713.317820621169,4721.132242049971,7.814421428802234
1,4721.132242049971,4728.884422074029,7.752180024058362
1,4728.884422074029,4736.70108682032,7.816664746290371
1,4736.70108682032,4744.578448667511,7.877361847191423
1,4744.578448667511,4752.477517127005,7.899068459493719
1,4752.477517127005,4760.36410975488,7.886592627874961
1,4760.36410975488,4768.206614299266,7.842504544386429
1,4768.206614299266,4775.958841924859,7.75222762559315
1,4775.958841924859,4783.756760364148,7.797918439288878
1,4783.756760364148,4791.61450113904,7.857740774891681
1,4791.61450113904,4799.511882953731,7.897381814691471
1,4799.511882953731,4807.405165237504,7.893282283772351
1,4807.405165237504,4815.268716810196,7.863551572691904
1,4815.268716810196,4823.050662180891,7.781945370695212
1,4823.050662180891,4830.821159240907,7.770497060016169
1,4830.821159240907,4838.656517586512,7.835358345604618
1,4838.656517586512,4846.546644482494,7.890126895982576
1,4846.546644482494,4854.444207858283,7.897563375789105
1,4854.444207858283,4862.321973608901,7.877765750617982
1,4862.321973608901,4870.139054255585,7.81708064668328
1,4870.139054255585,4877.890433199167,7.751378943582495
1,4877.890433199167,4885.70549714914,7.815063949972682
1,4885.70549714914,4893.581410254742,7.875913105602194
1,4893.581410254742,4901.480488725702,7.899078470960376
1,4901.480488725702,4909.367760128099,7.887271402396436
1,4909.367760128099,4917.212370589509,7.8446104614104115
1,4917.212370589509,4924.965716358555,7.753345769046064
1,4924.965716358555,4932.761987987229,7.796271628673821
1,4932.761987987229,4940.617830694394,7.855842707164811
1,4940.617830694394,4948.514849537073,7.897018842679245
1,4948.514849537073,4956.408594288899,7.893744751825579
1,4956.408594288899,4964.273616638503,7.86502234960426
1,4964.273616638503,4972.058971814341,7.785355175838049
1,4972.058971814341,4979.827017885028,7.768046070686978
1,4979.827017885028,4987.66049575255,7.833477867521651
1,4987.66049575255,4995.549657980893,7.889162228343594
3,6.892323664344357,13.816403199130308,6.924079534785951
3,13.816403199130308,20.754301667420425,6.937898468290117
3,20.754301667420425,27.696879897633032,6.942578230212607
3,27.696879897633032,34.637926154805044,6.941046257172012
3,34.637926154805044,41.57036365369733,6.932437498892284
3,41.57036365369733,48.481699537893995,6.911335884196667
3,48.481699537893995,55.35577586179108,6.874076323897086
3,55.35577586179108,62.189971169551185,6.834195307760105
3,62.189971169551185,69.01342435693944,6.823453187388253
3,69.01342435693944,75.89928634750235,6.8858619905629155
3,75.89928634750235,82.82168220981178,6.922395862309429
3,82.82168220981178,89.7588921825716,6.937209972759817
3,89.7588921825716,96.70133597633107,6.942443793759466
3,96.70133597633107,103.64270936177137,6.941373385440301
3,103.64270936177137,110.57616722772781,6.933457865956441
3,110.57616722772781,117.4897167659941,6.913549538266295
3,117.4897167659941,124.3671293875512,6.877412621557099
3,124.3671293875512,131.20367701207078,6.836547624519582
3,131.20367701207078,138.02676256715822,6.823085555087431
3,138.02676256715822,144.90635961130542,6.879597044147204
3,144.90635961130542,151.82699036636964,6.920630755064224
3,151.82699036636964,158.76347052156763,6.936480155197984
3,158.76347052156763,165.70574964359363,6.942279122026008
3,165.70574964359363,172.64741370158825,6.941664057994615
3,172.64741370158825,179.58181718529607,6.934403483707825
3,179.58181718529607,186.49747009488644,6.915652909590364
3,186.49747009488644,193.37816237167925,6.880692276792814
3,193.37816237167925,200.21725826785774,6.839095896178492
3,200.21725826785774,207.040154626255,6.822896358397259
3,207.040154626255,213.91363130911833,6.873476682863327
3,213.91363130911833,220.8323934323732,6.918762123254879
3,220.8323934323732,227.76809373055949,6.935700298186276
3,227.76809373055949,234.7101771281076,6.942083397548117
3,234.7101771281076,241.65210193839525,6.941924810287645
3,241.65210193839525,248.58739324934223,6.93529131094698
3,248.58739324934223,255.50506824405585,6.917674994713622
3,255.50506824405585,262.3890155190814,6.883947275025548
3,262.3890155190814,269.2308729671247,6.841857448043299
3,269.2308729671247,276.0537691679729,6.82289620084822
3,276.0537691679729,282.92121037723444,6.8674412092615285
3,282.92121037723444,289.83796707000243,6.91675669276799
3,289.83796707000243,296.7728226873007,6.93485561729824
3,296.7728226873007,303.7146745966173,6.941851909316597
3,303.7146745966173,310.656832554502,6.942157957884717
3,310.656832554502,317.59296602052984,6.936133466027854
3,317.59296602052984,324.5126024240833,6.919636403553454
3,324.5126024240833,331.3998041570164,6.887201732933079
3,331.3998041570164,338.2446522282537,6.8448480712373225
3,338.2446522282537,345.0677496012499,6.8230973729961875
3,345.0677496012499,351.92919614904025,6.861446547790365
3,351.92919614904025,358.84377242174946,6.914576272709212
3,358.84377242174946,365.77769997843757,6.933927556688104
3,365.77769997843757,372.71927556990926,6.94157559147169
3,372.71927556990926,379.66163593568314,6.9423603657738795
3,379.66163593568314,386.5985677164672,6.93693178078405
3,386.5985677164672,393.5201066967582,6.921538980291018
3,393.5201066967582,400.41055933603786,6.890452639279658
3,400.41055933603786,407.2586201197744,6.848060783736514
3,407.2586201197744,414.0821415111393,6.82352139136492
3,414.0821415111393,420.93764227841234,6.855500767273043
3,420.93764227841234,427.8498338448754,6.9121915664630365
3,427.8498338448754,434.78273475261733,6.932900907741953
3,434.78273475261733,441.72398082060016,6.941246067982831
3,441.72398082060016,448.66650688168556,6.9425260610854025
3,448.66650688168556,455.60418752446964,6.937680642784073
3,455.60418752446964,462.527555940228,6.923368415758375
3,462.527555940228,469.4212269407234,6.893671000495374
3,469.4212269407234,476.2726866666574,6.851459725934035
3,476.2726866666574,483.09687819536566,6.824191528708241
3,483.09687819536566,489.9465473295348,6.849669134169119
3,489.9465473295348,496.8561382667042,6.909590937169412
3,496.8561382667042,503.7879079461091,6.931769679404908
3,503.7879079461091,510.7287675992767,6.940859653167593
3,510.7287675992767,517.6714185022868,6.942650903010076
3,517.6714185022868,524.6097929284914,6.938374426204632
3,524.6097929284914,531.5349004775688,6.925107549077438
3,531.5349004775688,538.4317226514271,6.896822173858254
3,538.4317226514271,545.2867214841881,6.854998832760998
3,545.2867214841881,552.111842128833,6.825120644644926
3,552.111842128833,558.9558803960346,6.84403826720154
3,558.9558803960346,565.8626542017216,6.906773805687067
3,565.8626542017216,572.7931870337767,6.930532832055064
3,572.7931870337767,579.733602925604,6.940415891827342
3,579.733602925604,586.6763354118657,6.9427324862616615
3,586.6763354118657,593.6153441572351,6.939008745369392
3,593.6153441572351,600.5420848357733,6.926740678538181
3,600.5420848357733,607.4419568203296,6.899871984556285
3,607.4419568203296,614.3005810499249,6.858624229595307
3,614.3005810499249,621.126891813537,6.826310763612128
3,621.126891813537,627.9655916865397,6.838699873002724
3,627.9655916865397,634.8693390348831,6.903747348343359
3,634.8693390348831,641.7985327899457,6.92919375506267
3,641.7985327899457,648.7384492768929,6.939916486947141
3,648.7384492768929,655.6812185571004,6.942769280207472
3,655.6812185571004,662.6207992796619,6.939580722561573
3,662.6207992796619,669.5490556544897,6.928256374827811
3,669.5490556544897,676.4518448825387,6.90278922804896
3,676.4518448825387,683.3141219956211,6.862277113082428
3,683.3141219956211,690.1418724718932,6.827750476272058
3,690.1418724718932,696.9756134236233,6.8337409517300785
3,696.9756134236233,703.8761403146988,6.900526891075515
3,703.8761403146988,710.8038996278195,6.9277593131207595
3,710.8038996278195,717.7432648520575,6.939365224237918
3,717.7432648520575,724.686025141113,6.942760289055514
3,724.686025141113,731.6261132905976,6.940088149484609
3,731.6261132905976,738.5557593668265,6.929646076228892
3,738.5557593668265,745.4613039864208,6.905544619594366
3,745.4613039864208,752.3272017406679,6.865897754247044
3,752.3272017406679,759.1566282028652,6.829426462197375
3,759.1566282028652,765.985869381419,6.82924117855373
3,765.985869381419,772.8830051622731,6.897135780854114
3,772.8830051622731,779.8092465403747,6.926241378101622
3,779.8092465403747,786.7480144344623,6.9387678940876185
3,786.7480144344623,793.6907224827637,6.94270804830137
3,793.6907224827637,800.6312553730806,6.940532890316945
3,800.6312553730806,807.5621656868108,6.930910313730124
3,807.5621656868108,814.4702883576743,6.908122670863577
3,814.4702883576743,821.3397297615419,6.86944140386754
3,821.3397297615419,828.1710515370143,6.831321775472361
3,828.1710515370143,834.9963076689236,6.8252561319093275
3,834.9963076689236,841.8899031418724,6.893595472948846
3,841.8899031418724,848.8145546603727,6.924651518500241
3,848.8145546603727,855.7526849479963,6.938130287623608
3,855.7526849479963,862.695302747631,6.942617799634718
3,862.695302747631,869.6362245351377,6.9409217875066815
3,869.6362245351377,876.5682841985105,6.932059663372797
3,876.5682841985105,883.4788144282178,6.9105302297073194
3,883.4788144282178,890.3517055582189,6.872891130001108
3,890.3517055582189,897.1851227873203,6.833417229101428
3,897.1851227873203,904.0087447685797,6.823621981259407
3,904.0087447685797,910.8968421700139,6.888097401434152
3,910.8968421700139,917.8198353873514,6.922993217337535
3,917.8198353873514,924.7572905597458,6.93745517239438
3,924.7572905597458,931.6997848657466,6.942494306000754
3,931.6997848657466,938.6410483674795,6.941263501732919
3,938.6410483674795,945.5741587664569,6.933110398977419
3,945.5741587664569,952.4869481328425,6.912789366385596
3,952.4869481328425,959.363201785633,6.876253652790524
3,959.363201785633,966.1989050317513,6.835703246118328
3,966.1989050317513,973.0220994853138,6.823194453562451
3,973.0220994853138,979.9038682771918,6.881768791878017
3,979.9038682771918,986.8251267891244,6.921258511932592
3,986.8251267891244,993.7618673452107,6.936740556086306
3,993.7618673452107,1000.7042075067704,6.942340161559741
3,1000.7042075067704,1007.6457736016416,6.9415660948711775
3,1007.6457736016416,1014.5798537789343,6.934080177292685
3,1014.5798537789343,1021.4947817716707,6.914927992736352
3,1021.4947817716707,1028.3743316077555,6.879549836084834
3,1028.3743316077555,1035.2125131012576,6.838181493502134
3,1035.2125131012576,1042.035454754316,6.8229416530584786
3,1042.035454754316,1048.9110591979663,6.875604443650218
3,1048.9110591979663,1055.8304884846507,6.9194292866843625
3,1055.8304884846507,1062.7664680063824,6.935979521731724
3,1062.7664680063824,1069.7086236060452,6.942155599662783
3,1069.7086236060452,1076.6504604102183,6.9418368041731355
3,1076.6504604102183,1083.585446940589,6.934986530370679
3,1083.585446940589,1090.5024225325799,6.916975591990877
3,1090.5024225325799,1097.3852325236828,6.882809991102931
3,1097.3852325236828,1104.2260989146157,6.840866390932888
3,1104.2260989146157,1111.048973069063,6.8228741544473905
3,1111.048973069063,1117.9185185072622,6.869545438199111
3,1117.9185185072622,1124.8359943934636,6.917475886201373
3,1124.8359943934636,1131.7711538936217,6.935159500158079
3,1131.7711538936217,1138.713091336696,6.941937443074266
3,1138.713091336696,1145.6551710238014,6.9420796871054335
3,1145.6551710238014,1152.591014910552,6.9358438867507175
3,1152.591014910552,1159.5099718835006,6.918956972948536
3,1159.5099718835006,1166.3960353268992,6.886063443398598
3,1166.3960353268992,1173.2398115149272,6.8437761880279595
3,1173.2398115149272,1180.0628148934459,6.823003378518706
3,1180.0628148934459,1186.926353562023,6.863538668577121
3,1186.926353562023,1193.8417142740586,6.9153607120356355
3,1193.8417142740586,1200.7759769337615,6.934262659702881
3,1200.7759769337615,1207.717654896267,6.941677962505537
3,1207.717654896267,1214.6599484479468,6.942293551679768
3,1214.6599484479468,1221.5966065369112,6.93665808896435
3,1221.5966065369112,1228.5174880147267,6.920881477815556
3,1228.5174880147267,1235.4068064474927,6.889318432766004
3,1235.4068064474927,1242.2537211663293,6.846914718836615
3,1242.2537211663293,1249.0770674352702,6.823346268940895
3,1249.0770674352702,1255.9346373632789,6.8575699280086155
3,1255.9346373632789,1262.8476866540077,6.91304929072885
3,1262.8476866540077,1269.780958118324,6.933271464316249
3,1269.780958118324,1276.7223257345138,6.9413676161898366
3,1276.7223257345138,1283.6647983877997,6.942472653285904
3,1283.6647983877997,1290.602223357597,6.937424969797348
3,1290.602223357597,1297.52496189099,6.9227385333929305
3,1297.52496189099,1304.4175141026458,6.892552211655811
3,1304.4175141026458,1311.267767593366,6.850253490720206
3,1311.267767593366,1318.0916961668122,6.82392857344621
3,1318.0916961668122,1324.9433850101784,6.851688843366219
3,1324.9433850101784,1331.8539095058788,6.910524495700429
3,1331.8539095058788,1338.7860865513012,6.93217704542235
3,1338.7860865513012,1345.7270878259937,6.941001274692553
3,1345.7270878259937,1352.6696999811113,6.942612155117558
3,1352.6696999811113,1359.6078386099523,6.9381386288409885
3,1359.6078386099523,1366.5323499241936,6.924511314241272
3,1366.5323499241936,1373.4280810419955,6.895731117801915
3,1373.4280810419955,1380.2818307902182,6.853749748222754
3,1380.2818307902182,1387.1065971312635,6.824766341045233
3,1387.1065971312635,1393.9525740660124,6.845976934748933
3,1393.9525740660124,1400.8603563914278,6.907782325415383
3,1400.8603563914278,1407.7913332043452,6.930976812917379
3,1407.7913332043452,1414.7319105898187,6.940577385473489
3,1414.7319105898187,1421.6746196318738,6.942709042055185
3,1421.6746196318738,1428.6134137921274,6.938794160253565
3,1428.6134137921274,1435.539596863758,6.926183071630703
3,1435.539596863758,1442.4384171355405,6.89882027178237
3,1442.4384171355405,1449.2957689814339,6.85735184589339
3,1449.2957689814339,1456.1216349550757,6.8258659736418394
3,1456.1216349550757,1462.9621607770168,6.840525821941128
3,1462.9621607770168,1469.8669882832949,6.904827506278025
3,1469.8669882832949,1476.7966610546039,6.929672771309015
3,1476.7966610546039,1483.736758184012,6.940097129408059
3,1483.736758184012,1490.6795198760694,6.942761692057502
3,1490.6795198760694,1497.6189081969383,6.939388320868829
3,1497.6189081969383,1504.546649378684,6.92774118174566
3,1504.546649378684,1511.4484369876031,6.901787608919221
3,1511.4484369876031,1518.3094394304758,6.861002442872632
3,1518.3094394304758,1525.1366600653057,6.827220634829928
3,1525.1366600653057,1531.9720842038246,6.835424138518874
3,1531.9720842038246,1538.8737563152113,6.901672111386688
3,1538.8737563152113,1545.8020267140416,6.928270398830364
3,1545.8020267140416,1552.741590008675,6.9395632946334445
3,1552.741590008675,1559.6843586809698,6.942768672294733
3,1559.6843586809698,1566.6242771494358,6.939918468465976
3,1566.6242771494358,1573.5534528179735,6.9291756685377095
3,1573.5534528179735,1580.4580557947875,6.904602976813976
3,1580.4580557947875,1587.3226971601023,6.86464136531481
3,1587.3226971601023,1594.1515130355438,6.828815875441478
3,1594.1515130355438,1600.982268287768,6.830755252224208
3,1600.982268287768,1607.8806052976959,6.8983370099279
3,1607.8806052976959,1614.8073850686658,6.926779770969915
3,1614.8073850686658,1621.7463663179158,6.938981249249991
3,1621.7463663179158,1628.6890972592719,6.942730941356103
3,1628.6890972592719,1635.6294818434417,6.940384584169806
3,1635.6294818434417,1642.5599649616636,6.9304831182219
3,1642.5599649616636,1649.4672084769227,6.907243515259097
3,1649.4672084769227,1656.3354242738837,6.868215796961067
3,1656.3354242738837,1663.1660613384183,6.830637064534585
3,1663.1660613384183,1669.9926470419514,6.8265857035330555
3,1669.9926470419514,1676.8874936580087,6.894846616057293
3,1676.8874936580087,1683.8127074834788,6.925213825470109
3,1683.8127074834788,1690.75106448358,6.938357000101178
3,1690.75106448358,1697.6937177846573,6.942653301077371
3,1697.6937177846573,1704.6345097510887,6.940791966431334
3,1704.6345097510887,1711.5661806618202,6.931670910731555
3,1711.5661806618202,1718.4758894086783,6.909708746858087
3,1718.4758894086783,1725.3475879951393,6.87169858646098
3,1725.3475879951393,1732.1802525818546,6.832664586715282
3,1732.1802525818546,1739.0040630909448,6.823810509090208
3,1739.0040630909448,1745.894415373499,6.890352282554204
3,1745.894415373499,1752.8179950082326,6.923579634733642
3,1752.8179950082326,1759.7556899452375,6.937694937004835
3,1759.7556899452375,1766.6982309254606,6.942540980223157
3,1766.6982309254606,1773.6393801331374,6.9411492076767445
3,1773.6393801331374,1780.5721342607233,6.932754127585895
3,1780.5721342607233,1787.4841510268186,6.912016766095348
3,1787.4841510268186,1794.3592410320834,6.875090005264838
3,1794.3592410320834,1801.1941257069248,6.834884674841305
3,1801.1941257069248,1808.017449920361,6.823324213436308
3,1808.017449920361,1814.9014041336418,6.883954213280731
3,1814.9014041336418,1821.8232771022047,6.921872968562866
3,1821.8232771022047,1828.7602716753663,6.936994573161655
3,1828.7602716753663,1835.7026689877605,6.942397312394178
3,1835.7026689877605,1842.6441335360719,6.941464548311387
3,1842.6441335360719,1849.5778836279824,6.933750091910497
3,1849.5778836279824,1856.4920777149077,6.914194086925363
3,1856.4920777149077,1863.3704839703603,6.878406255452546
3,1863.3704839703603,1870.2077788092101,6.837294838849857
3,1870.2077788092101,1877.0307880907894,6.823009281579289
3,1877.0307880907894,1883.9085269574055,6.877738866616028
3,1883.9085269574055,1890.8286064420906,6.920079484685175
3,1890.8286064420906,1897.7648572514365,6.936250809345893
3,1897.7648572514365,1904.7070807664843,6.942223515047772
3,1904.7070807664843,1911.648826434861,6.941745668376598
3,1911.648826434861,1918.5835030983108,6.9346766634498636
3,1918.5835030983108,1925.4997732434508,6.916270145140061
3,1925.4997732434508,1932.3814484170957,6.881675173644908
3,1932.3814484170957,1939.2213539143584,6.8399054972626345
3,1939.2213539143584,1946.0442299210629,6.822876006704519
3,1946.0442299210629,1952.9158799032675,6.871649982204644
3,1952.9158799032675,1959.8340533351657,6.91817343189814
3,1959.8340533351657,1966.7695065385997,6.935453203434008
3,1966.7695065385997,1973.7115242562375,6.942017717637782
3,1973.7115242562375,1980.6535223743917,6.941998118154288
3,1980.6535223743917,1987.5890722684596,6.93554989406789
3,1987.5890722684596,1994.5073448580808,6.9182725896212105
3,1994.5073448580808,2001.3922735116714,6.884928653590578
3,2001.3922735116714,2008.2350087575817,6.842735245910262
3,2008.2350087575817,2015.0579439103826,6.822935152800937
3,2015.0579439103826,2021.9235733068576,6.865629396475015
3,2021.9235733068576,2028.8396923266057,6.916119019748066
3,2028.8396923266057,2035.7742776220787,6.934585295472971
3,2035.7742776220787,2042.7160514066268,6.941773784548104
3,2042.7160514066268,2049.6582740013123,6.942222594685518
3,2049.6582740013123,2056.5946532305247,6.936379229212434
3,2056.5946532305247,2063.51487050635,6.920217275825053
3,2063.51487050635,2070.403054752295,6.888184245945013
3,2070.403054752295,2077.2488503012446,6.845795548949809
3,2077.2488503012446,2084.072050871714,6.823200570469453
3,2084.072050871714,2090.931695738062,6.859644866347935
3,2090.931695738062,2097.8455746999607,6.9138789618987175
3,2097.8455746999607,2104.779203245932,6.93362854597126
3,2104.779203245932,2111.7206852448935,6.941481998961535
3,2111.7206852448935,2118.663099705931,6.942414461037515
3,2118.663099705931,2125.60026296261,6.937163256679014
3,2125.60026296261,2132.5223625272065,6.922099564596465
3,2132.5223625272065,2139.4137913724426,6.891428845236078
3,2139.4137913724426,2146.262860147237,6.849068774794432
3,2146.262860147237,2153.0865571051495,6.823696957912489
3,2153.0865571051495,2159.940282242101,6.8537251369516525
3,2159.940282242101,2166.8517119700596,6.911429727958421
3,2166.8517119700596,2173.7842826645074,6.932570694447804
3,2173.7842826645074,2180.7254182009456,6.941135536438196
3,2180.7254182009456,2187.667986391247,6.942568190301245
3,2187.667986391247,2194.6058824447564,6.937896053509576
3,2194.6058824447564,2201.5297860123064,6.923903567550042
3,2201.5297860123064,2208.4244166906888,6.8946306783823275
3,2208.4244166906888,2215.276932070295,6.852515379606302
3,2215.276932070295,2222.1013763661686,6.824444295873491
3,2222.1013763661686,2228.949320813164,6.8479444469953705
3,2228.949320813164,2235.8580842087495,6.908763395585538
3,2235.8580842087495,2242.789491665531,6.931407456781471
3,2242.789491665531,2249.7302233900264,6.940731724495436
3,2249.7302233900264,2256.672903551703,6.942680161676435
3,2256.672903551703,2263.6114758413946,6.93857228969182
3,2263.6114758413946,2270.537088027904,6.92561218650917
3,2270.537088027904,2277.4348428109593,6.897754783055461
3,2277.4348428109593,2284.2909294038,6.856086592840711
3,2284.2909294038,2291.1163820242105,6.825452620410488
3,2291.1163820242105,2297.9587743191755,6.842392294965066
3,2297.9587743191755,2304.8646562967688,6.905881977593253
3,2304.8646562967688,2311.7947955412387,6.930139244469956
3,2311.7947955412387,2318.735066501581,6.940270960342332
3,2318.735066501581,2325.67781493429,6.942748432708868
3,2325.67781493429,2332.6170030915055,6.93918815721554
3,2332.6170030915055,2339.5442142190323,6.927211127526789
3,2339.5442142190323,2346.4449822537954,6.900768034763132
3,2346.4449822537954,2353.304709168726,6.859726914930434
3,2353.304709168726,2360.131429168072,6.826719999346096
3,2360.131429168072,2366.968588169082,6.83715900101015
3,2366.968588169082,2373.871382820033,6.902794650950909
3,2373.871382820033,2380.8001531686114,6.928770348578382
3,2380.8001531686114,2387.7399084743856,6.93975530577427
3,2387.7399084743856,2394.6826798980546,6.942771423669001
3,2394.6826798980546,2401.6224207157966,6.939740817741949
3,2401.6224207157966,2408.551110258949,6.928689543152359
3,2408.551110258949,2415.4547498498487,6.903639590899729
3,2415.4547498498487,2422.3181263392194,6.863376489370694
3,2422.3181263392194,2429.1463587392627,6.828232400043362
3,2429.1463587392627,2435.9786892455386,6.832330506275866
3,2435.9786892455386,2442.8782088502458,6.899519604707166
3,2442.8782088502458,2449.8055179454586,6.927309095212877
3,2449.8055179454586,2456.744707372075,6.9391894266163945
3,2456.744707372075,2463.6874562325033,6.94274886042831
3,2463.6874562325033,2470.6276850971353,6.94022886463199
3,2470.6276850971353,2477.5577259148295,6.930040817694135
3,2477.5577259148295,2484.464067918186,6.906342003356713
3,2484.464067918186,2491.3310454248763,6.866977506690091
3,2491.3310454248763,2498.1610220975217,6.829976672645444
3,2498.1610220975217,2504.9890037764603,6.827981678938613
3,2504.9890037764603,2511.885085405993,6.896081629532546
3,2511.885085405993,2518.810853818812,6.925768412819252
3,2518.810853818812,2525.749433158934,6.938579340122033
3,2525.749433158934,2532.692117723522,6.942684564588035
3,2532.692117723522,2539.632773555842,6.940655832319862
3,2539.632773555842,2546.5640424193225,6.9312688634804545
3,2546.5640424193225,2553.4729093882524,6.908866968929942
3,2553.4729093882524,2560.3434025922575,6.870493204005015
3,2560.3434025922575,2567.1753368413333,6.831934249075857
3,2567.1753368413333,2573.999494963578,6.824158122244626
3,2573.999494963578,2580.8919931560235,6.892498192445601
3,2580.8919931560235,2587.816151200423,6.924158044399519
3,2587.816151200423,2594.7540815561356,6.937930355712524
3,2594.7540815561356,2601.6966654111097,6.942583854974146
3,2601.6966654111097,2608.6376950110334,6.941029599923695
3,2608.6376950110334,2615.5700816437834,6.932386632749967
3,2615.5700816437834,2622.4813086424892,6.911226998705843
3,2622.4813086424892,2629.355223879887,6.873915237397796
3,2629.355223879887,2636.18931166474,6.834087784853182
3,2636.18931166474,2643.0127866648313,6.8234750000910935
3,2643.0127866648313,2649.8989521678404,6.886165503009124
3,2649.8989521678404,2656.821430092269,6.9224779244286765
3,2656.821430092269,2663.7586738031027,6.937243710833627
3,2663.7586738031027,2670.701124702021,6.942450898918196
3,2670.701124702021,2677.6424833608417,6.941358658820718
3,2677.6424833608417,2684.575894368764,6.933411007922132
3,2684.575894368764,2691.4893410053196,6.913446636555818
3,2691.4893410053196,2698.366595923235,6.877254917915252
3,2698.366595923235,2705.203026929037,6.836431005802297
3,2705.203026929037,2712.0261260529305,6.823099123893371
3,2712.0261260529305,2718.9060183309725,6.879892278042007
3,2718.9060183309725,2725.8267354530485,6.920717122075985
3,2725.8267354530485,2732.763251482966,6.936516029917584
3,2732.763251482966,2739.7055391481467,6.942287665180629
3,2739.7055391481467,2746.647190049147,6.94165090100023
3,2746.647190049147,2753.5815498354955,6.934359786348523
3,2753.5815498354955,2760.4971044158797,6.915554580384196
3,2760.4971044158797,2767.377640970722,6.880536554842365
3,2767.377640970722,2774.216610537861,6.8389695671389745
3,2774.216610537861,2781.0395117064354,6.82290116857439
3,2781.0395117064354,2787.9132781266835,6.873766420248103
3,2787.9132781266835,2794.832132246923,6.918854120239303
3,2794.832132246923,2801.7678710962423,6.935738849319478
3,2801.7678710962423,2808.7099645890826,6.942093492840286
3,2808.7099645890826,2815.6518775737172,6.941912984634655
3,2815.6518775737172,2822.5871276006596,6.935250026942413
3,2822.5871276006596,2829.5047075468083,6.917579946148635
3,2829.5047075468083,2836.388499549355,6.88379200254667
3,2836.388499549355,2843.230220026282,6.841720476927094
3,2843.230220026282,2850.0531117582373,6.822891731955224
3,2850.0531117582373,2856.920839956458,6.867728198220902
3,2856.920839956458,2863.837696064414,6.916856107955937
3,2863.837696064414,2870.772593749024,6.93489768460995
3,2870.772593749024,2877.714457641962,6.941863892937818
3,2877.714457641962,2884.656605117435,6.942147475473121
3,2884.656605117435,2891.592699337939,6.936094220503946
3,2891.592699337939,2898.51224335026,6.919544012321239
3,2898.51224335026,2905.39928960359,6.887046253330027
3,2905.39928960359,2912.2439896288784,6.844700025288148
3,2912.2439896288784,2919.067072573484,6.8230829446056305
3,2919.067072573484,2925.9288045727685,6.86173199928453
3,2925.9288045727685,2932.8434894424004,6.914684869631856
3,2932.8434894424004,2939.7774634695934,6.933974027193017
3,2939.7774634695934,2946.7190534175297,6.941589947936336
3,2946.7190534175297,2953.661404912696,6.942351495166349
3,2953.661404912696,2960.598299653878,6.936894741181732
3,2960.598299653878,2967.519749322182,6.921449668304376
3,2967.519749322182,2974.410047221599,6.890297899416964
3,2974.410047221599,2981.2579500578354,6.847902836236244
3,2981.2579500578354,2988.0814457559068,6.823495698071383
3,2988.0814457559068,2994.9372284458154,6.855782689908665
3,2994.9372284458154,3001.849538733405,6.912310287589662
3,3001.849538733405,3008.782491009924,6.93295227651879
3,3008.782491009924,3015.7237540885385,6.941263078614611
3,3015.7237540885385,3022.666273142417,6.942519053878641
3,3022.666273142417,3029.603919245428,6.937646103011048
3,3029.603919245428,3036.527202237586,6.923282992157965
3,3036.527202237586,3043.4207208348166,6.893518597230468
3,3043.4207208348166,3050.2720146958427,6.851293861026079
3,3050.2720146958427,3057.096168425794,6.824153729951377
3,3057.096168425794,3063.9461121419686,6.849943716174494
3,3063.9461121419686,3070.8558321880496,6.90972004608102
3,3070.8558321880496,3077.7876582843423,6.9318260962927525
3,3077.7876582843423,3084.7285376981067,6.940879413764378
3,3084.7285376981067,3091.6711836121485,6.942645914041805
3,3091.6711836121485,3098.609526240462,6.938342628313421
3,3098.609526240462,3105.534553069478,6.925026829016133
3,3105.534553069478,3112.4312268541153,6.896673784637187
3,3112.4312268541153,3119.2860543143593,6.854827460243996
3,3119.2860543143593,3126.1111246382507,6.825070323891396
3,3126.1111246382507,3132.955425781589,6.844301143338271
3,3132.955425781589,3139.862338911662,6.906913130073008
3,3139.862338911662,3146.792933151579,6.9305942399169
3,3146.792933151579,3153.7333715057352,6.940438354156413
3,3153.7333715057352,3160.676101098453,6.942729592717569
3,3160.676101098453,3167.6150809493247,6.938979850871874
3,3167.6150809493247,3174.5417462368314,6.926665287506694
3,3174.5417462368314,3181.44147537955,6.89972914271857
3,3181.44147537955,3188.2999254092874,6.858450029737469
3,3188.2999254092874,3195.1261735332614,6.826248123973983
3,3195.1261735332614,3201.9651203386547,6.838946805393334
3,3201.9651203386547,3208.8690167525524,6.903896413897655
3,3208.8690167525524,3215.7982766761916,6.929259923639165
3,3215.7982766761916,3222.7382182264473,6.939941550255753
3,3222.7382182264473,3229.6809867870084,6.942768560561035
3,3229.6809867870084,3236.6205416538564,6.939554866848084
3,3236.6205416538564,3243.5487284706405,6.928186816784091
3,3243.5487284706405,3250.4513818478586,6.90265337721803
3,3250.4513818478586,3257.3134848011077,6.8621029532491775
3,3257.3134848011077,3264.1411610628834,6.82767626177565
3,3264.1411610628834,3270.975128955878,6.8339678929946786
3,3270.975128955878,3277.8758137260716,6.900684770193493
3,3277.8758137260716,3284.8036435483523,6.927829822280728
3,3284.8036435483523,3291.743036192685,6.939392644332656
3,3291.743036192685,3298.6857979340157,6.942761741330742
3,3298.6857979340157,3305.6258633170446,6.940065383028923
3,3305.6258633170446,3312.555445938182,6.929582621137342
3,3312.555445938182,3319.460862998233,6.90541706005115
3,3319.460862998233,3326.326589370071,6.865726371837809
3,3326.326589370071,3333.1559306738714,6.829341303800447
3,3333.1559306738714,3339.98537532553,6.829444651658832
3,3339.98537532553,3346.88267654304,6.897301217509721
3,3346.88267654304,3353.8089921065407,6.926315563500793
3,3353.8089921065407,3360.747789481342,6.938797374801197
3,3360.747789481342,3367.690500930969,6.942711449627041
3,3367.690500930969,3374.6310139282928,6.940512997323822
3,3374.6310139282928,3381.561866613134,6.930852684841284
3,3381.561866613134,3388.469870204734,6.908003591599936
3,3388.469870204734,3395.339144544882,6.8692743401479675
3,3395.339144544882,3402.1703711475575,6.831226602675542
3,3402.1703711475575,3408.9958053696673,6.825434222109834
3,3408.9958053696673,3415.8895730986824,6.893767729015053
3,3415.8895730986824,3422.8143020613848,6.924728962702375
3,3422.8143020613848,3429.7524636434305,6.938161582045723
3,3429.7524636434305,3436.695086538544,6.942622895113345
3,3436.695086538544,3443.6359908974973,6.940904358953503
3,3443.6359908974973,3450.5679980685495,6.9320071710521916
3,3450.5679980685495,3457.478416937855,6.910418869305431
3,3457.478416937855,3464.351145465925,6.8727285280701835
3,3464.351145465925,3471.184458289672,6.833312823746837
3,3471.184458289672,3478.0081048921534,6.8236466024814035
3,3478.0081048921534,3484.8965094022074,6.888404510053988
3,3484.8965094022074,3491.8195834254784,6.923074023271056
3,3491.8195834254784,3498.7570716932973,6.937488267818935
3,3498.7570716932973,3505.6995726059035,6.942500912606192
3,3505.6995726059035,3512.640820744547,6.941248138643459
3,3512.640820744547,3519.5738829630773,6.933062218530267
3,3519.5738829630773,3526.4865674468974,6.912684483820158
3,3526.4865674468974,3533.3626622882857,6.876094841388294
3,3533.3626622882857,3540.198252096481,6.8355898081954365
3,3540.198252096481,3547.021463073027,6.823210976545852
3,3547.021463073027,3553.9035298265226,6.882066753495565
3,3553.9035298265226,3560.8248731146173,6.921343288094704
3,3560.8248731146173,3567.761648770203,6.936775655585734
3,3567.761648770203,3574.7039969734406,6.942348203237543
3,3574.7039969734406,3581.6455493997805,6.9415524263399675
3,3581.6455493997805,3588.579584854691,6.934035454910372
3,3588.579584854691,3595.4944130492813,6.914828194590427
3,3595.4944130492813,3602.373806612371,6.879393563089707
3,3602.373806612371,3609.2118652492477,6.838058636876667
3,3609.2118652492477,3616.034814843749,6.822949594501097
3,3616.034814843749,3622.9107106987303,6.875895854981536
3,3622.9107106987303,3629.8302298587196,6.91951915998925
3,3629.8302298587196,3636.766246928318,6.93601706959862
3,3636.766246928318,3643.7084120617565,6.942165133438266
3,3643.7084120617565,3650.6502365889996,6.9418245272431705
3,3650.6502365889996,3657.585181058279,6.934944469279344
3,3657.585181058279,3664.5020605590817,6.916879500802679
3,3664.5020605590817,3671.384715249518,6.882654690436539
3,3671.384715249518,3678.225448486081,6.840733236562755
3,3678.225448486081,3685.0483214969877,6.822873010906733
3,3685.0483214969877,3691.9181546551126,6.869833158124948
3,3691.9181546551126,3698.8357271615305,6.917572506417855
3,3698.8357271615305,3705.7709274024983,6.935200240967788
3,3705.7709274024983,3712.7128761204285,6.941948717930245
3,3712.7128761204285,3719.6549448416217,6.942068721193209
3,3719.6549448416217,3726.5907487843533,6.935803942731582
3,3726.5907487843533,3733.5096124566967,6.918863672343377
3,3733.5096124566967,3740.3955205040525,6.88590804735577
3,3740.3955205040525,3747.239152508229,6.84363200417647
3,3747.239152508229,3754.0621450540866,6.822992545857687
3,3754.0621450540866,3760.9259697270973,6.86382467301064
3,3760.9259697270973,3767.8414356454928,6.915465918395512
3,3767.8414356454928,3774.77574314282,6.934307497327154
3,3774.77574314282,3781.7174345838075,6.941691440987597
3,3781.7174345838075,3788.659718664841,6.942284081033449
3,3788.659718664841,3795.596338910302,6.936620245461199
3,3795.596338910302,3802.5171299230014,6.920791012699283
3,3802.5171299230014,3809.4062931974577,6.889163274456223
3,3809.4062931974577,3816.2530532206165,6.846760023158822
3,3816.2530532206165,3823.0763778349537,6.823324614337253
3,3823.0763778349537,3829.9342312788744,6.857853443920703
3,3829.9342312788744,3836.8473956864404,6.913164407566001
3,3836.8473956864404,3843.7807167761785,6.933321089738001
3,3843.7807167761785,3850.722100451193,6.941383675014549
3,3850.722100451193,3857.664565416486,6.9424649652928565
3,3857.664565416486,3864.601954932034,6.937389515548148
3,3864.601954932034,3871.524606573416,6.92265164138189
3,3871.524606573416,3878.417005342164,6.89239876874808
3,3878.417005342164,3885.2670954405517,6.850090098387682
3,3885.2670954405517,3892.090990478794,6.823895038242426
3,3892.090990478794,3898.942956986192,6.851966507397719
3,3898.942956986192,3905.853606986563,6.910650000371334
3,3905.853606986563,3912.785838687592,6.932231701028741
3,3912.785838687592,3919.726858757968,6.941020070375998
3,3919.726858757968,3926.66946519739,6.942606439421979
3,3926.66946519739,3933.607571026952,6.938105829562119
3,3933.607571026952,3940.5319998430755,6.924428816123509
3,3940.5319998430755,3947.427580903648,6.895581060572567
3,3947.427580903648,3954.2811608253164,6.85357992166837
3,3954.2811608253164,3961.1058811859216,6.82472036060517
3,3961.1058811859216,3967.9521257251795,6.846244539257896
3,3967.9521257251795,3974.8600439210195,6.907918195840011
3,3974.8600439210195,3981.791080449,6.931036527980723
3,3981.791080449,3988.73167937537,6.940598926369603
3,3988.73167937537,3995.674384782518,6.942705407147969
3,3995.674384782518,4002.6131490084604,6.9387642259425775
3,4002.6131490084604,4009.539254732089,6.926105723628552
3,4009.539254732089,4016.437929981612,6.898675249522967
3,4016.437929981612,4023.295108210385,6.857178228773137
3,4023.295108210385,4030.120915743757,6.825807533371972
3,4030.120915743757,4036.9616946723595,6.840778928602504
3,4036.9616946723595,4043.8666680084725,6.904973336113017
3,4043.8666680084725,4050.7964053618834,6.929737353410928
3,4050.7964053618834,4057.7365266854335,6.940121323550102
3,4057.7365266854335,4064.679286896627,6.942760211193672
3,4064.679286896627,4071.618648283081,6.939361386453584
3,4071.618648283081,4078.546317800917,6.927669517836421
3,4078.546317800917,4085.4479669250386,6.901649124121377
3,4085.4479669250386,4092.3087948226757,6.860827897637137
3,4092.3087948226757,4099.135945232818,6.827150410142167
3,4099.135945232818,4105.971603794095,6.8356585612773415
3,4105.971603794095,4112.873430873541,6.901827079445866
3,4112.873430873541,4119.801770355029,6.9283394814874555
3,4119.801770355029,4126.741360288658,6.939589933629577
3,4126.741360288658,4133.684129675968,6.942769387309454
3,4133.684129675968,4140.624024312319,6.93989463635171
3,4140.624024312319,4147.553134398641,6.929110086321998
3,4147.553134398641,4154.4576068341175,6.904472435476237
3,4154.4576068341175,4161.3220755963,6.864468762182696
3,4161.3220755963,4168.150810015812,6.82873441951142
3,4168.150810015812,4174.981777233402,6.830967217590114
3,4174.981777233402,4181.880277173033,6.89849993963162
3,4181.880277173033,4188.807129917099,6.9268527440654
3,4188.807129917099,4195.746139961748,6.939010044648967
3,4195.746139961748,4202.688873654564,6.942733692816546
3,4202.688873654564,4209.629237378218,6.940363723653718
3,4209.629237378218,4216.559660882908,6.930423504690225
3,4216.559660882908,4223.4667823773925,6.907121494484272
3,4223.4667823773925,4230.334829482334,6.86804710494107
3,4230.334829482334,4237.165374723137,6.830545240803076
3,4237.165374723137,4243.992147523072,6.8267727999354975
3,4243.992147523072,4250.887164077999,6.8950165549267695
3,4250.887164077999,4257.812454241471,6.9252901634718
3,4257.812454241471,4264.750841922123,6.93838768065234
3,4264.750841922123,4271.6934997541775,6.942657832054465
3,4271.6934997541775,4278.6342734722675,6.940773718089986
3,4278.6342734722675,4285.565890168578,6.931616696310812
3,4285.565890168578,4292.475484949675,6.90959478109653
3,4292.475484949675,4299.347019357627,6.871534407951913
3,4299.347019357627,4306.179582678787,6.832563321159796
3,4306.179582678787,4313.003420528044,6.82383784925787
3,4313.003420528044,4319.894083693418,6.890663165373553
3,4319.894083693418,4326.817742941029,6.923659247610885
3,4326.817742941029,4333.755470346254,6.937727405224905
3,4333.755470346254,4340.698017419172,6.942547072918387
3,4340.698017419172,4347.639150580329,6.941133161157268
3,4347.639150580329,4354.571855098503,6.932704518173523
3,4354.571855098503,4361.483764830302,6.911909731798914
3,4361.483764830302,4368.358694754089,6.874929923787022
3,4368.358694754089,4375.193469092083,6.834774337994531
3,4375.193469092083,4382.0168126951085,6.823343603025023
3,4382.0168126951085,4388.90106793802,6.884255242911422
3,4388.90106793802,4395.823024232897,6.921956294877418
3,4395.823024232897,4402.760053179043,6.9370289461458015
3,4402.760053179043,4409.70245803072,6.942404851676656
3,4409.70245803072,4416.643908347165,6.941450316445298
3,4416.643908347165,4423.577612577625,6.933704230459625
3,4423.577612577625,4430.4917051914545,6.91409261382978
3,4430.4917051914545,4437.369954351398,6.878249159943152
3,4437.369954351398,4444.207129615785,6.837175264387042
3,4444.207129615785,4451.030149875826,6.8230202600416305
3,4451.030149875826,4457.908182294636,6.878032418810108
3,4457.908182294636,4464.828349761564,6.9201674669275235
3,4464.828349761564,4471.764637213523,6.936287451959288
3,4471.764637213523,4478.70686972309,6.942232509566566
3,4478.70686972309,4485.648602632059,6.941732908969243
3,4485.648602632059,4492.583236341161,6.934633709101945
3,4492.583236341161,4499.499409147845,6.9161728066837895
3,4499.499409147845,4506.3809286998885,6.8815195520437555
3,4506.3809286998885,4513.2207046068415,6.839775906953037
3,4513.2207046068415,4520.043582676398,6.822878069556282
3,4520.043582676398,4526.915521633353,6.871938956955091
3,4526.915521633353,4533.833789208567,6.918267575214486
3,4533.833789208567,4540.769281973557,6.935492764989249
3,4540.769281973557,4547.711310318962,6.942028345405561
3,4547.711310318962,4554.653296986143,6.941986667180572
3,4554.653296986143,4561.588806170836,6.935509184692819
3,4561.588806170836,4568.506984417722,6.918178246886782
3,4568.506984417722,4575.39175755315,6.884773135427167
3,4575.39175755315,4582.234352304836,6.8425947516861925
3,4582.234352304836,4589.057280045369,6.822927740533487
3,4589.057280045369,4595.923196326563,6.865916281193677
3,4595.923196326563,4602.839417491082,6.916221164518902
3,4602.839417491082,4609.774046146119,6.934628655037159
3,4609.774046146119,4616.7158325927985,6.941786446679544
3,4616.7158325927985,4623.65804513626,6.94221254346121
3,4623.65804513626,4630.594385690357,6.936340554097114
3,4630.594385690357,4637.514511287098,6.920125596740945
3,4637.514511287098,4644.402539885742,6.888028598644269
3,4644.402539885742,4651.248183963138,6.845644077396173
3,4651.248183963138,4658.07136677677,6.823182813632229
3,4658.07136677677,4664.931296809925,6.859930033154342
3,4664.931296809925,4671.845287530722,6.913990720797301
3,4671.845287530722,4678.778964069366,6.933676538644249
3,4678.778964069366,4685.720461227834,6.941497158467428
3,4685.720461227834,4692.662867343032,6.942406115198537
3,4692.662867343032,4699.599994221244,6.937126878211529
3,4699.599994221244,4706.522005407922,6.922011186677992
3,4706.522005407922,4713.413279778195,6.891274370273095
3,4713.413279778195,4720.262187717523,6.8489079393284555
3,4720.262187717523,4727.085855319473,6.823667601949637
3,4727.085855319473,4733.939861073046,6.854005753572892
3,4733.939861073046,4740.851412856464,6.911551783417963
3,4740.851412856464,4747.784036521899,6.9326236654351305
3,4747.784036521899,4754.725189920881,6.941153398982351
3,4754.725189920881,4761.667751682653,6.942561761771685
3,4761.667751682653,4768.605613931531,6.937862248877536
3,4768.605613931531,4775.529433241854,6.923819310323779
3,4775.529433241854,4782.423912255582,6.894479013727505
3,4782.423912255582,4789.2762595106315,6.852347255049608
3,4789.2762595106315,4796.100662140405,6.824402629773431
3,4796.100662140405,4802.9488786283155,6.848216487910577
3,4802.9488786283155,4809.857774501196,6.908895872880748
3,4809.857774501196,4816.789240011445,6.931465510248927
3,4816.789240011445,4823.729992357114,6.940752345668443
3,4823.729992357114,4830.672668140337,6.942675783223422
3,4830.672668140337,4837.611209425978,6.938541285640895
3,4837.611209425978,4844.536742269013,6.925532843035398
3,4844.536742269013,4851.434349852872,6.897607583859099
3,4851.434349852872,4858.290263531506,6.855913678633442
3,4858.290263531506,4865.115661922596,6.825398391089948
3,4865.115661922596,4871.95831327385,6.842651351254062
3,4871.95831327385,4878.864337900669,6.9060246268190895
3,4878.864337900669,4885.794540156939,6.930202256269695
3,4885.794540156939,4892.7348344282955,6.940294271356834
3,4892.7348344282955,4899.677580602472,6.942746174176136
3,4899.677580602472,4906.616740692595,6.939160090123551
3,4906.616740692595,4913.543877950375,6.927137257779577
3,4913.543877950375,4920.444504745711,6.900626795336393
3,4920.444504745711,4927.304056710465,6.859551964754246
3,4927.304056710465,4934.130710311427,6.826653600961436
3,4934.130710311427,4940.968111222229,6.837400910801989
3,4940.968111222229,4947.871058090521,6.90294686829202
3,4947.871058090521,4954.799896146189,6.928838055668166
3,4954.799896146189,4961.739677315445,6.939781169256094
3,4961.739677315445,4968.682448673941,6.94277135849552
3,4968.682448673941,4975.62216449412,6.939715820179117
3,4975.62216449412,4982.550786114727,6.928621620607373
3,4982.550786114727,4989.454291867735,6.903505753008176
3,4989.454291867735,4996.3174942654,6.863202397664281
5,8.095168727776834,16.19297860696989,8.097809879193058
5,16.19297860696989,24.119614130663983,7.926635523694092
5,24.119614130663983,32.00298451932535,7.883370388661369
5,32.00298451932535,40.03352314462973,8.03053862530438
5,40.03352314462973,48.16900332204039,8.135480177410656
5,48.16900332204039,56.168208177621075,7.999204855580686
5,56.168208177621075,64.04399720658154,7.875789028960462
5,64.04399720658154,72.00292896901279,7.958931762431249
5,72.00292896901279,80.1105463026611,8.10761733364832
5,80.1105463026611,88.19233501711655,8.081788714455442
5,88.19233501711655,96.10623898960709,7.9139039724905444
5,96.10623898960709,103.99981892555839,7.893579935951294
5,103.99981892555839,112.04529159230424,8.045472666745852
5,112.04529159230424,120.17810119113055,8.132809598826313
5,120.17810119113055,128.15899929520174,7.980898104071187
5,128.15899929520174,136.0315959490705,7.872596653868754
5,136.0315959490705,144.00714459299957,7.9755486439290735
5,144.00714459299957,152.12552818373453,8.118383590734965
5,152.12552818373453,160.1896377244631,8.064109540728566
5,160.1896377244631,168.09223258283737,7.902594858374272
5,168.09223258283737,175.99928104785596,7.90704846501859
5,175.99928104785596,184.05871361132483,8.059432563468874
5,184.05871361132483,192.18515027232652,8.12643666100169
5,192.18515027232652,200.1486579122832,7.963507639956674
5,200.1486579122832,208.02075663825016,7.872098725966964
5,208.02075663825016,216.01277974296127,7.992023104711109
5,216.01277974296127,224.1397528370262,8.126973094064937
5,224.1397528370262,232.18516712519443,8.045414288168217
5,232.18516712519443,240.0778726485298,7.892705523335366
5,240.0778726485298,247.99926784965837,7.9213952011285755
5,247.99926784965837,256.07331770483444,8.07404985517607
5,256.07331770483444,264.1900012218609,8.116683517026445
5,264.1900012218609,272.1373210404543,7.947319818593428
5,272.1373210404543,280.01186259100933,7.874541550555023
5,280.01186259100933,288.02002740647083,8.008164815461498
5,288.02002740647083,296.1528634206874,8.132836014216593
5,296.1528634206874,304.17915016373706,8.026286743049639
5,304.17915016373706,312.06353959610067,7.884389432363605
5,312.06353959610067,319.9996951831284,7.936155587027713
5,319.9996951831284,328.0885801079061,8.088884924777744
5,328.0885801079061,336.1925743598279,8.10399425192179
5,336.1925743598279,344.1250865444882,7.932512184660311
5,344.1250865444882,352.00515768446525,7.880071139977019
5,352.00515768446525,360.02908160510145,8.023923920636207
5,360.02908160510145,368.16453738185083,8.135455776749382
5,368.16453738185083,376.1717552098789,8.007217828028047
5,376.1717552098789,384.04966243982534,7.877907229946459
5,384.04966243982534,392.0015338440881,7.951871404262761
5,392.0015338440881,400.1040153118037,8.10248146771562
5,400.1040153118037,408.19287419230216,8.088858880498435
5,408.19287419230216,416.11203140406684,7.919157211764684
5,416.11203140406684,424.00070623604245,7.888674831975607
5,424.00070623604245,432.04004953936175,8.0393433033193
5,432.04004953936175,440.1744632185384,8.134413679176646
5,440.1744632185384,448.16307392929065,7.988610710752255
5,448.16307392929065,456.0367168865787,7.873642957288041
5,456.0367168865787,464.00518114896596,7.968464262387272
5,464.00518114896596,472.1192104570823,8.114029308116358
5,472.1192104570823,480.19102024589097,8.07180978880865
5,480.19102024589097,488.0982681550877,7.9072479091967125
5,488.0982681550877,495.99944024941016,7.901172094322476
5,495.99944024941016,504.05281535257626,8.053375103166104
5,504.05281535257626,512.1824036230215,8.129588270445254
5,512.1824036230215,520.1531960432019,7.9707924201803735
5,520.1531960432019,528.0251636601527,7.871967616950769
5,528.0251636601527,536.0101941595138,7.985030499361187
5,536.0101941595138,544.1338025551108,8.123608395596989
5,544.1338025551108,552.187273060714,8.053470505603173
5,552.187273060714,560.0840167436271,7.8967436829130975
5,560.0840167436271,567.9992162603645,7.9151995167374025
5,567.9992162603645,576.0669806296619,8.067764369297379
5,576.0669806296619,584.1882084676802,8.121227838018285
5,584.1882084676802,592.1422692462129,7.954060778532721
5,592.1422692462129,600.0153973717561,7.8731281255431895
5,600.0153973717561,608.0167265518239,8.001329180067842
5,608.0167265518239,616.1474305802998,8.130704028475861
5,616.1474305802998,624.1818924168789,8.034461836579112
5,624.1818924168789,632.0696208022879,7.887728385408991
5,632.0696208022879,639.9994627921106,7.929841989822762
5,639.9994627921106,648.0820246539347,8.082561861824047
5,648.0820246539347,656.1917549411655,8.109730287230832
5,656.1917549411655,664.1304067328374,7.938651791671873
5,664.1304067328374,672.0077431185867,7.877336385749345
5,672.0077431185867,680.0249934479667,8.017250329379976
5,680.0249934479667,688.1597556427836,8.134762194816858
5,688.1597556427836,696.1750661439776,8.015310501193994
5,696.1750661439776,704.0554934659369,7.88042732195936
5,704.0554934659369,712.0003588740087,7.9448654080717915
5,712.0003588740087,720.0974443598194,8.09708548581068
5,720.0974443598194,728.1930212867759,8.095576926956483
5,728.1930212867759,736.1176905912464,7.9246693044705125
5,736.1176905912464,744.0023306216599,7.884640030413493
5,744.0023306216599,752.0351396848591,8.032809063199238
5,752.0351396848591,760.1704663545511,8.135326669691949
5,760.1704663545511,768.1669287261997,7.99646237164859
5,768.1669287261997,776.0420879366909,7.875159210491233
5,776.0420879366909,784.003465637324,7.961377700633079
5,784.003465637324,792.1127865426101,8.109320905286154
5,792.1127865426101,800.1920598423942,8.079273299784063
5,800.1920598423942,808.1042104400387,7.9121505976445405
5,808.1042104400387,815.9997024762163,7.895492036177529
5,815.9997024762163,824.0471745369833,8.047472060767063
5,824.0471745369833,832.1792715376687,8.132097000685349
5,832.1792715376687,840.1575433497419,7.978271812073217
5,840.1575433497419,848.0298918696058,7.872348519863863
5,848.0298918696058,856.0078821259151,7.97799025630934
5,856.0078821259151,864.1276797125356,8.119797586620507
5,864.1276797125356,872.1890843067499,8.06140459421431
5,872.1890843067499,880.0901313095269,7.901047002776977
5,880.0901313095269,887.999248638464,7.9091173289371
5,887.999248638464,896.0608031985156,8.061554560051604
5,896.0608031985156,904.1860060468662,8.125202848350568
5,904.1860060468662,912.1470478736128,7.961041826746623
5,912.1470478736128,920.0193159403111,7.872268066698325
5,920.0193159403111,928.0137403172185,7.994424376907432
5,928.0137403172185,936.1417621833181,8.128021866099516
5,936.1417621833181,944.1843738056698,8.042611622351728
5,944.1843738056698,952.0757497597291,7.891375954059299
5,952.0757497597291,959.9993043835517,7.923554623822611
5,959.9993043835517,968.0755363368692,8.07623195331746
5,968.0755363368692,976.1905240234624,8.114987686593281
5,976.1905240234624,984.1355736516679,7.945049628205425
5,984.1355736516679,992.0107341755687,7.875160523900831
5,992.0107341755687,1000.0212437352639,8.010509559695151
5,1000.0212437352639,1008.1546808327081,8.133437097444244
5,1008.1546808327081,1016.1781442016949,8.023463368986768
5,1016.1781442016949,1024.0614560010308,7.8833117993359565
5,1024.0614560010308,1031.999792274352,7.938336273321283
5,1031.999792274352,1040.0908538934762,8.091061619124048
5,1040.0908538934762,1048.1927614364445,8.10190754296832
5,1048.1927614364445,1056.1232134762936,7.930452039849115
5,1056.1232134762936,1064.0043598731645,7.881146396870918
5,1064.0043598731645,1072.030574965833,8.026215092668508
5,1072.030574965833,1080.1661172893278,8.135542323494747
5,1080.1661172893278,1088.170557187003,8.004439897675184
5,1088.170557187003,1096.0476846619647,7.877127474961753
5,1096.0476846619647,1104.0019893019025,7.954304639937845
5,1104.0019893019025,1112.1062767565356,8.104287454633095
5,1112.1062767565356,1120.19273222383,8.0864554672944
5,1120.19273222383,1128.1100456156666,7.917313391836615
5,1128.1100456156666,1136.0002337884177,7.890188172751095
5,1136.0002337884177,1144.0418229648446,8.041589176426896
5,1144.0418229648446,1152.1757611040905,8.133938139245856
5,1152.1757611040905,1160.1616914217768,7.985930317686325
5,1160.1616914217768,1168.0349182065277,7.873226784750841
5,1168.0349182065277,1176.00583002928,7.970911822752441
5,1176.00583002928,1184.1214055103603,8.115575481080214
5,1184.1214055103603,1192.190581226374,8.06917571601366
5,1192.190581226374,1200.096193520655,7.905612294281127
5,1200.096193520655,1207.9993738115816,7.903180290926457
5,1207.9993738115816,1216.054824246119,8.055450434537534
5,1216.054824246119,1224.1833968404019,8.128572594282787
5,1224.1833968404019,1232.151650666904,7.968253826502178
5,1232.151650666904,1240.023603684803,7.871953017898932
5,1240.023603684803,1248.0110543495432,7.987450664740209
5,1248.0110543495432,1256.1358779363684,8.124823586825187
5,1256.1358779363684,1264.1865790343352,8.050701097966794
5,1264.1865790343352,1272.0818973599328,7.8953183255976
5,1272.0818973599328,1279.9992246977001,7.917327337767347
5,1279.9992246977001,1288.0691520514072,8.069927353707044
5,1288.0691520514072,1296.188874226327,8.119722174919843
5,1296.188874226327,1304.1405801333008,7.951705906973757
5,1304.1405801333008,1312.0141326701485,7.873552536847683
5,1312.0141326701485,1320.017829303704,8.003696633555592
5,1320.017829303704,1328.1493338260261,8.131504522322075
5,1328.1493338260261,1336.180974970642,8.031641144615833
5,1336.180974970642,1344.0675146381923,7.886539667550323
5,1344.0675146381923,1351.999534664031,7.93202002583871
5,1351.999534664031,1360.0842814269665,8.084746762935538
5,1360.0842814269665,1368.1920845744498,8.10780314748331
5,1368.1920845744498,1376.1285876943675,7.936503119917688
5,1376.1285876943675,1384.0068042114283,7.878216517060764
5,1384.0068042114283,1392.026365253778,8.019561042349778
5,1392.026365253778,1400.1614405002078,8.135075246429778
5,1400.1614405002078,1408.1739499406776,8.012509440469785
5,1408.1739499406776,1416.0534641728393,7.879514232161682
5,1416.0534641728393,1424.0007404903995,7.947276317560181
5,1424.0007404903995,1432.0997155994103,8.09897510901078
5,1432.0997155994103,1440.1930161399607,8.093300540550445
5,1440.1930161399607,1448.1157526956256,7.922736555664869
5,1448.1157526956256,1456.0017248889885,7.885972193362932
5,1456.0017248889885,1464.0367952795157,8.035070390527153
5,1464.0367952795157,1472.17188642571,8.135091146194327
5,1472.17188642571,1480.1656240845002,7.993737658790224
5,1480.1656240845002,1488.0402071204744,7.874583035974183
5,1488.0402071204744,1496.00402955027,7.963822429795528
5,1496.00402955027,1504.1150141832495,8.11098463297958
5,1504.1150141832495,1512.1917418800315,8.076727696781973
5,1512.1917418800315,1520.1021714635294,7.910429583497944
5,1520.1021714635294,1527.9995994637259,7.897428000196442
5,1527.9995994637259,1536.0490893195208,8.049489855794945
5,1536.0490893195208,1544.1803958554947,8.131306535973863
5,1544.1803958554947,1552.156065792364,7.975669936869281
5,1552.156065792364,1560.0282250562286,7.87215926386466
5,1560.0282250562286,1568.0086491322515,7.980424076022928
5,1568.0086491322515,1576.1298105089052,8.121161376653617
5,1576.1298105089052,1584.1884947505628,8.058684241657602
5,1584.1884947505628,1592.0880266542852,7.899531903722391
5,1592.0880266542852,1599.9992271218814,7.911200467596245
5,1599.9992271218814,1608.0629131515784,8.06368602969701
5,1608.0629131515784,1616.186812835601,8.12389968402249
5,1616.186812835601,1624.1454196131563,7.95860677755536
5,1624.1454196131563,1632.0179208646161,7.87250125145988
5,1632.0179208646161,1640.0147345557498,7.996813691133639
5,1640.0147345557498,1648.1437429069856,8.129008351235825
5,1648.1437429069856,1656.1835492360751,8.039806329089515
5,1656.1835492360751,1664.0736322592443,7.890083023169154
5,1664.0736322592443,1671.9993500694834,7.925717810239121
5,1671.9993500694834,1680.0777637132073,8.078413643723934
5,1680.0777637132073,1688.1909963781222,8.113232664914904
5,1688.1909963781222,1696.133810048375,7.94281367025269
5,1696.133810048375,1704.0096559591664,7.8758459107914405
5,1704.0096559591664,1712.0224977967687,8.01284183760231
5,1712.0224977967687,1720.156462930781,8.133965134012215
5,1720.156462930781,1728.1771106429662,8.020647712185337
5,1728.1771106429662,1736.059387223036,7.882276580069856
5,1736.059387223036,1743.9998977049308,7.940510481894762
5,1743.9998977049308,1752.0931260319255,8.093228326994677
5,1752.0931260319255,1760.1928985300208,8.099772498095263
5,1760.1928985300208,1768.1213257831348,7.928427253114023
5,1768.1213257831348,1776.0036128257566,7.882287042621783
5,1776.0036128257566,1784.0321081549505,8.028495329193902
5,1784.0321081549505,1792.1676555865363,8.135547431585792
5,1792.1676555865363,1800.1693330461653,8.001677459629036
5,1800.1693330461653,1808.0457318805265,7.8763988343612255
5,1808.0457318805265,1816.0024711350613,7.956739254534796
5,1816.0024711350613,1824.1085284444407,8.106057309379366
5,1824.1085284444407,1832.1925439787965,8.084015534355785
5,1832.1925439787965,1840.1080476968398,7.915503718043283
5,1840.1080476968398,1847.9999351470397,7.891887450199874
5,1847.9999351470397,1856.0436323295662,8.043697182526557
5,1856.0436323295662,1864.1770133759883,8.133381046422073
5,1864.1770133759883,1872.1602853306326,7.983271954644351
5,1872.1602853306326,1880.0331538928694,7.8728685622368175
5,1880.0331538928694,1888.0065082023405,7.973354309471006
5,1888.0065082023405,1896.1235831710192,8.117074968678708
5,1896.1235831710192,1904.1901024359684,8.066519264949193
5,1904.1901024359684,1912.094112007277,7.904009571308734
5,1912.094112007277,1919.9993195891814,7.905207581904278
5,1919.9993195891814,1928.0568594750832,8.05753988590186
5,1928.0568594750832,1936.1843416430743,8.127482167991047
5,1936.1843416430743,1944.1500850671566,7.965743424082348
5,1944.1500850671566,1952.0220859276353,7.872000860478693
5,1952.0220859276353,1960.011946972107,7.989861044471581
5,1960.011946972107,1968.1379284105988,8.125981438491863
5,1968.1379284105988,1976.185851207689,8.047922797090223
5,1976.185851207689,1984.0797788447417,7.893927637052684
5,1984.0797788447417,1991.9992429886809,7.919464143939194
5,1991.9992429886809,2000.0713378151793,8.072094826498414
5,2000.0713378151793,2008.1894899309664,8.118152115787098
5,2008.1894899309664,2016.1388734100458,7.949383479079415
5,2016.1388734100458,2024.0129162308497,7.874042820803879
5,2024.0129162308497,2032.018968728076,8.006052497226392
5,2032.018968728076,2040.1512054060697,8.13223667799366
5,2040.1512054060697,2048.1800282316512,8.028822825581528
5,2048.1800282316512,2056.065418437683,7.885390206031843
5,2056.065418437683,2063.999615164078,7.93419672639493
5,2063.999615164078,2072.0865416794945,8.086926515416508
5,2072.0865416794945,2080.1923646866726,8.10582300717806
5,2080.1923646866726,2088.12675306784,7.934388381167537
5,2088.12675306784,2096.0059153879147,7.879162320074556
5,2096.0059153879147,2104.0277761387256,8.021860750810902
5,2104.0277761387256,2112.1630871049183,8.13531096619272
5,2112.1630871049183,2120.172807427494,8.009720322575504
5,2120.172807427494,2128.051454845748,7.878647418254332
5,2128.051454845748,2136.0011464882678,7.9496916425196105
5,2136.0011464882678,2144.101980470222,8.10083398195411
5,2144.101980470222,2152.1929625952985,8.090982125076607
5,2152.1929625952985,2160.113801219921,7.92083862462232
5,2160.113801219921,2168.0011680467055,7.887366826784728
5,2168.0011680467055,2176.038490086831,8.037322040125673
5,2176.038490086831,2184.173261815074,8.134771728242868
5,2184.173261815074,2192.1642937446786,7.99103192960456
5,2192.1642937446786,2200.0383571092248,7.874063364546146
5,2200.0383571092248,2208.004622603218,7.966265493993433
5,2208.004622603218,2216.117228194137,8.112605590918974
5,2216.117228194137,2224.191380766775,8.074152572638013
5,2224.191380766775,2232.1001222467394,7.908741479964192
5,2232.1001222467394,2239.99950997447,7.899387727730755
5,2239.99950997447,2248.051036143182,8.051526168711916
5,2248.051036143182,2256.181473024822,8.13043688163998
5,2256.181473024822,2264.1545656454687,7.973092620646639
5,2264.1545656454687,2272.0265970013543,7.8720313558856105
5,2272.0265970013543,2280.0094480148005,7.982851013446179
5,2280.0094480148005,2288.13192048672,8.122472471919536
5,2288.13192048672,2296.1878678736657,8.055947386945718
5,2296.1878678736657,2304.085918167298,7.898050293632423
5,2304.085918167298,2311.999216735052,7.913298567753827
5,2311.999216735052,2320.065044639729,8.065827904677008
5,2320.065044639729,2328.1875694157156,8.122524775986676
5,2328.1875694157156,2336.143770814551,7.956201398835219
5,2336.143770814551,2344.016572253598,7.87280143904718
5,2344.016572253598,2352.0157661367584,7.9991938831603875
5,2352.0157661367584,2360.145696051311,8.129929914552577
5,2360.145696051311,2368.1826915810334,8.03699552972239
5,2368.1826915810334,2376.0715189503367,7.8888273693032716
5,2376.0715189503367,2383.999405315028,7.927886364691403
5,2383.999405315028,2392.080001972982,8.08059665795372
5,2392.080001972982,2400.1914177656945,8.111415792712705
5,2400.1914177656945,2408.132027251321,7.9406094856262825
5,2408.132027251321,2416.008627546957,7.876600295636308
5,2416.008627546957,2424.0237931850597,8.015165638102644
5,2424.0237931850597,2432.1582111569983,8.134417971938547
5,2432.1582111569983,2440.1760471949997,8.017836038001406
5,2440.1760471949997,2448.0573315611537,7.881284366153977
5,2448.0573315611537,2456.000035317458,7.942703756304127
5,2456.000035317458,2464.0953993138764,8.095363996418655
5,2464.0953993138764,2472.1929851000496,8.097585786173113
5,2472.1929851000496,2480.119420019614,7.926434919564599
5,2480.119420019614,2488.002916125006,7.883496105391714
5,2488.002916125006,2496.033685066569,8.03076894156311
5,2496.033685066569,2504.169153380834,8.135468314264926
5,2504.169153380834,2512.168079753397,7.998926372562892
5,2512.168079753397,2520.043802640142,7.8757228867452795
5,2520.043802640142,2528.0029821264993,7.959179486357243
5,2528.0029821264993,2536.110773699735,8.107791573235772
5,2536.110773699735,2544.1923091008093,8.081535401074234
5,2544.1923091008093,2552.1060340588833,7.913724958073999
5,2552.1060340588833,2559.9998065236077,7.893772464724407
5,2559.9998065236077,2568.0454808142613,8.045674290653551
5,2568.0454808142613,2576.1782217546224,8.132740940361145
5,2576.1782217546224,2584.1588528228267,7.980631068204275
5,2584.1588528228267,2592.0314217496702,7.872568926843542
5,2592.0314217496702,2600.0072180065326,7.975796256862395
5,2600.0072180065326,2608.1257469813904,8.118528974857782
5,2608.1257469813904,2616.189583290907,8.063836309516773
5,2616.189583290907,2624.0920199608436,7.902436669936378
5,2624.0920199608436,2631.9992772814276,7.907257320583994
5,2631.9992772814276,2640.0589243061063,8.059647024678725
5,2640.0589243061063,2648.1852391284515,8.126314822345194
5,2648.1852391284515,2656.1484956516056,7.963256523154087
5,2656.1484956516056,2664.0206087117635,7.872113060157972
5,2664.0206087117635,2672.012875578444,7.992266866680438
5,2672.012875578444,2680.139957623529,8.12708204508499
5,2680.139957623529,2688.1850881631062,8.045130539577258
5,2688.1850881631062,2696.0776574158813,7.892569252775047
5,2696.0776574158813,2703.9992711467658,7.921613730884474
5,2703.9992711467658,2712.0735420249202,8.074270878154493
5,2712.0735420249202,2720.190056413485,8.11651438856461
5,2720.190056413485,2728.137144744823,7.947088331338364
5,2728.137144744823,2736.0117460643255,7.87460131950229
5,2736.0117460643255,2744.0201489841875,8.008402919861965
5,2744.0201489841875,2752.1530490843393,8.1329001001518
5,2752.1530490843393,2760.1790494589222,8.026000374582964
5,2760.1790494589222,2768.0633278948308,7.884278435908527
5,2768.0633278948308,2775.999704666309,7.936376771478081
5,2775.999704666309,2784.0888105375484,8.089105871239553
5,2784.0888105375484,2792.192595512969,8.103784975420695
5,2792.192595512969,2800.124897406219,7.932301893250042
5,2800.124897406219,2808.005074621323,7.880177215103686
5,2808.005074621323,2816.0292311920102,8.02415657068741
5,2816.0292311920102,2824.1646992803894,8.135468088379184
5,2824.1646992803894,2832.1716349377507,8.006935657361282
5,2832.1716349377507,2840.0494609826355,7.877826044884841
5,2840.0494609826355,2848.001578916675,7.9521179340395065
5,2848.001578916675,2856.104244906214,8.102665989538764
5,2856.104244906214,2864.1928618384677,8.088616932253899
5,2864.1928618384677,2872.1118307028314,7.9189688643637055
5,2872.1118307028314,2880.0006563661973,7.888825663365878
5,2880.0006563661973,2888.040227682928,8.039571316730871
5,2888.040227682928,2896.174596758051,8.134369075122777
5,2896.174596758051,2904.1629348308684,7.988338072817442
5,2904.1629348308684,2912.0365331146577,7.873598283789306
5,2912.0365331146577,2920.0052457032175,7.968712588559811
5,2920.0052457032175,2928.1194337107613,8.114188007543817
5,2928.1194337107613,2936.1909774755572,8.071543764795933
5,2936.1909774755572,2944.0980581817685,7.907080706211218
5,2944.0980581817685,2951.999432987756,7.901374805987416
5,2951.999432987756,2960.0530178409135,8.053584853157645
5,2960.0530178409135,2968.1825064220193,8.129488581105761
5,2968.1825064220193,2976.1530402315384,7.970533809519111
5,2976.1530402315384,2984.025003689212,7.871963457673701
5,2984.025003689212,2992.01028003047,7.985276341257759
5,2992.01028003047,3000.1340140751677,8.123734044697812
5,3000.1340140751677,3008.187204145421,8.05319007025355
5,3008.187204145421,3016.0838018308827,7.896597685461529
5,3016.0838018308827,3023.9992166996703,7.915414868787593
5,3023.9992166996703,3032.0672002001393,8.067983500468927
5,3032.0672002001393,3040.1882781887593,8.121077988620073
5,3040.1882781887593,3048.1420986926496,7.953820503890256
5,3048.1420986926496,3056.015266991712,7.8731682990623995
5,3056.015266991712,3064.0168368436953,8.001569851983277
5,3064.0168368436953,3072.147625025006,8.13078818131089
5,3072.147625025006,3080.1818006330245,8.034175608018359
5,3080.1818006330245,3088.069406754055,7.8876061210303305
5,3088.069406754055,3095.9994697174534,7.930062963398541
5,3095.9994697174534,3104.082253431564,8.08278371411052
5,3104.082253431564,3112.191790567348,8.109537135784194
5,3112.191790567348,3120.1302228671475,7.938432299799388
5,3120.1302228671475,3128.0076456634947,7.8774227963472185
5,3128.0076456634947,3136.025130942835,8.017485279340235
5,3136.025130942835,3144.1599282728853,8.134797330050333
5,3144.1599282728853,3152.1749540243545,8.015025751469238
5,3152.1749540243545,3160.055286717005,7.880332692650427
5,3160.055286717005,3168.0003965778074,7.945109860802404
5,3168.0003965778074,3176.0976751073363,8.097278529528921
5,3176.0976751073363,3184.1930229303443,8.095347823008069
5,3184.1930229303443,3192.1174945448593,7.924471614514914
5,3192.1174945448593,3200.0022669582922,7.884772413432984
5,3200.0022669582922,3208.0353059528056,8.03303899451339
5,3208.0353059528056,3216.170612461502,8.13530650869643
5,3216.170612461502,3224.1667974549378,7.996184993435691
5,3224.1667974549378,3232.04189571269,7.875098257752143
5,3232.04189571269,3240.0035216147958,7.9616259021058795
5,3240.0035216147958,3248.1130132344597,8.109491619663913
5,3248.1130132344597,3256.19202950355,8.079016269090516
5,3256.19202950355,3264.1040039538934,7.911974450343223
5,3264.1040039538934,3271.9996914140534,7.895687460159934
5,3271.9996914140534,3280.047367450427,8.04767603637356
5,3280.047367450427,3288.1793877675996,8.132020317172646
5,3288.1793877675996,3296.157394362853,7.978006595253646
5,3296.157394362853,3304.0297209679215,7.872326605068338
5,3304.0297209679215,3312.0079586143524,7.978237646430898
5,3312.0079586143524,3320.127896945697,8.119938331344656
5,3320.127896945697,3328.189026109544,8.061129163847
5,3328.189026109544,3336.089917828699,7.90089171915497
5,3336.089917828699,3343.9992459620034,7.909328133304371
5,3343.9992459620034,3352.061016446983,8.061770484979661
5,3352.061016446983,3360.1860901718373,8.125073724854246
5,3360.1860901718373,3368.1468834391158,7.9607932672784045
5,3368.1468834391158,3376.0191722503864,7.872288811270664
5,3376.0191722503864,3384.0138396820225,7.994667431636117
5,3384.0138396820225,3392.141964537904,8.128124855881651
5,3392.141964537904,3400.184291527404,8.042326989499998
5,3400.184291527404,3408.075534573957,7.891243046552972
5,3408.075534573957,3415.9993086077184,7.9237740337612195
5,3415.9993086077184,3424.0757620375202,8.076453429801859
5,3424.0757620375202,3432.1905742679783,8.114812230458028
5,3432.1905742679783,3440.1353953865637,7.944821118585423
5,3440.1353953865637,3448.0106224531037,7.875227066539992
5,3448.0106224531037,3456.021369295571,8.010746842467142
5,3456.021369295571,3464.154863333971,8.133494038400386
5,3464.154863333971,3472.17804054818,8.023177214208772
5,3472.17804054818,3480.0612453272897,7.883204779109747
5,3480.0612453272897,3487.999802595736,7.938557268446402
5,3487.999802595736,3496.091084607921,8.09128201218482
5,3496.091084607921,3504.192777631558,8.101693023636926
5,3504.192777631558,3512.1230225442914,7.930244912733542
5,3512.1230225442914,3520.0042817284293,7.881259184137889
5,3520.0042817284293,3528.030728757061,8.026447028631537
5,3528.030728757061,3536.166275350004,8.135546592943228
5,3536.166275350004,3544.1704341375375,8.00415878753347
5,3544.1704341375375,3552.0474852780667,7.877051140529147
5,3552.0474852780667,3560.0020369740223,7.954551695955615
5,3560.0020369740223,3568.1065057637607,8.104468789738348
5,3568.1065057637607,3576.1927152257954,8.08620946203473
5,3576.1927152257954,3584.1098433742263,7.9171281484309475
5,3584.1098433742263,3592.0001883603427,7.890344986116361
5,3592.0001883603427,3600.0420049875715,8.041816627228854
5,3600.0420049875715,3608.1758903092946,8.133885321723028
5,3608.1758903092946,3616.1615497782927,7.985659468998165
5,3616.1615497782927,3624.034737527754,7.873187749461067
5,3624.034737527754,3632.005897502375,7.9711599746210595
5,3632.005897502375,3640.1216273548325,8.115729852457662
5,3640.1216273548325,3648.19053445451,8.06890709967729
5,3648.19053445451,3656.095982551393,7.905448096882992
5,3656.095982551393,3663.9993677476577,7.903385196264935
5,3663.9993677476577,3672.0550296209935,8.055661873335794
5,3672.0550296209935,3680.1834949718864,8.128465350892839
5,3680.1834949718864,3688.151492700746,7.9679977288597
5,3688.151492700746,3696.0234476779583,7.871954977212226
5,3696.0234476779583,3704.0111434277155,7.987695749757222
5,3704.0111434277155,3712.136087198599,8.12494377088342
5,3712.136087198599,3720.1865067185,8.05041951990097
5,3720.1865067185,3728.081682291799,7.895175573299184
5,3728.081682291799,3735.9992260991608,7.917543807361653
5,3735.9992260991608,3744.0693732352966,8.070147136135802
5,3744.0693732352966,3752.188939002378,8.11956576708144
5,3752.188939002378,3760.1404077370767,7.951468734698665
5,3760.1404077370767,3768.0140070075417,7.873599270465093
5,3768.0140070075417,3776.017943240078,8.003936232536034
5,3776.017943240078,3784.1495252123923,8.131581972314507
5,3784.1495252123923,3792.180880231729,8.031355019336843
5,3792.180880231729,3800.067301441181,7.8864212094517825
5,3800.067301441181,3807.999542437705,7.932240996523888
5,3807.999542437705,3816.084510652715,8.084968215010122
5,3816.084510652715,3824.1921152599616,8.107604607246685
5,3824.1921152599616,3832.128402232696,7.936286972734251
5,3832.128402232696,3840.006711729325,7.878309496629299
5,3840.006711729325,3848.0265066324855,8.019794903160346
5,3848.0265066324855,3856.161609347209,8.135102714723416
5,3856.161609347209,3864.1738352035954,8.012225856386522
5,3864.1738352035954,3872.053259343131,7.879424139535331
5,3872.053259343131,3880.000780567313,7.94752122418231
5,3880.000780567313,3888.0999457324624,8.099165165149316
5,3888.0999457324624,3896.1930128841873,8.093067151724881
5,3896.1930128841873,3904.1155552800055,7.922542395818255
5,3904.1155552800055,3912.0016661896075,7.886110909601939
5,3912.0016661896075,3920.036965497483,8.035299307875448
5,3920.036965497483,3928.1720280287254,8.13506253124251
5,3928.1720280287254,3936.165490239651,7.993462210925372
5,3936.165490239651,3944.040017972827,7.874527733176365
5,3944.040017972827,3952.0040884181935,7.96407044536636
5,3952.0040884181935,3960.115239497697,8.111151079503543
5,3960.115239497697,3968.191707176718,8.07646767902088
5,3968.191707176718,3976.101963964163,7.910256787445178
5,3976.101963964163,3983.9995897758836,7.897625811720445
5,3983.9995897758836,3992.0492854529425,8.049695677058935
5,3992.0492854529425,4000.1805073102596,8.131221857317087
5,4000.1805073102596,4008.155914574135,7.9754072638752405
5,4008.155914574135,4016.0280580635504,7.872143489415521
5,4016.0280580635504,4024.008728748352,7.98067068480168
5,4024.008728748352,4032.130025592623,8.121296844271
5,4032.130025592623,4040.1884328249716,8.0584072323486
5,4040.1884328249716,4048.087812850194,7.899380025222399
5,4048.087812850194,4055.999225564362,7.911412714167909
5,4055.999225564362,4064.0631284900983,8.063902925736329
5,4064.0631284900983,4072.186891921644,8.12376343154574
5,4072.186891921644,4080.1452532388303,7.958361317186245
5,4080.1452532388303,4088.0177818668353,7.872528628005057
5,4088.0177818668353,4096.014837501047,7.997055634211392
5,4096.014837501047,4104.1439423781085,8.129104877061764
5,4104.1439423781085,4112.1834637098145,8.039521331706055
5,4112.1834637098145,4120.073417598039,7.889953888224227
5,4120.073417598039,4127.999355240459,7.925937642420649
5,4127.999355240459,4136.0779903681305,8.078635127671077
5,4136.0779903681305,4144.191041454216,8.113051086085761
5,4144.191041454216,4152.13363001019,7.942588555973998
5,4152.13363001019,4160.0095493363415,7.875919326151234
5,4160.0095493363415,4168.022627360258,8.013078023916933
5,4168.022627360258,4176.156641884972,8.134014524713166
5,4176.156641884972,4184.177004078233,8.020362193261462
5,4184.177004078233,4192.059178007624,7.882173929390774
5,4192.059178007624,4199.999908904416,7.940730896792047
5,4199.999908904416,4208.093356691419,8.093447787003242
5,4208.093356691419,4216.19290960427,8.099552912851323
5,4216.19290960427,4224.121133207103,7.928223602832986
5,4224.121133207103,4232.0035398502405,7.882406643137074
5,4232.0035398502405,4240.03226619504,8.028726344799907
5,4240.03226619504,4248.167809432599,8.135543237558522
5,4248.167809432599,4256.169207173596,8.001397740997163
5,4256.169207173596,4264.045535009902,7.876327836305791
5,4264.045535009902,4272.002521671306,7.956986661403789
5,4272.002521671306,4280.10875661276,8.106234941454204
5,4280.10875661276,4288.192522229868,8.083765617107929
5,4288.192522229868,4296.107844047051,7.915321817183212
5,4296.107844047051,4303.999921451668,7.892077404617339
5,4303.999921451668,4312.043818182992,8.043896731323912
5,4312.043818182992,4320.177137991907,8.133319808915076
5,4320.177137991907,4328.160141123765,7.983003131857913
5,4328.160141123765,4336.032976640666,7.872835516900523
5,4336.032976640666,4344.0065788350485,7.973602194382693
5,4344.0065788350485,4352.123803426876,8.117224591827835
5,4352.123803426876,4360.190051526371,8.06624809949426
5,4360.190051526371,4368.093900133822,7.903848607451437
5,4368.093900133822,4375.999314773353,7.905414639531045
5,4375.999314773353,4384.057067760257,8.057752986904234
5,4384.057067760257,4392.1844348730565,8.12736711279922
5,4392.1844348730565,4400.149924796702,7.965489923645691
5,4400.149924796702,4408.021934141304,7.872009344601793
5,4408.021934141304,4416.012039607776,7.990105466472414
5,4416.012039607776,4424.138135368582,8.126095760805583
5,4424.138135368582,4432.185775309153,8.047639940570662
5,4432.185775309153,4440.079563613615,7.89378830446276
5,4440.079563613615,4447.999245415311,7.919681801695333
5,4447.999245415311,4456.071560777659,8.07231536234849
5,4456.071560777659,4464.18954966288,8.117988885221166
5,4464.18954966288,4472.138698902576,7.949149239695544
5,4472.138698902576,4480.012795338036,7.87409643546016
5,4480.012795338036,4488.019086699451,8.006291361414696
5,4488.019086699451,4496.1513938558965,8.132307156445677
5,4496.1513938558965,4504.179930301075,8.02853644517836
5,4504.179930301075,4512.065205931792,7.885275630716933
5,4512.065205931792,4519.999623850525,7.934417918732834
5,4519.999623850525,4528.086771658743,8.087147808218106
5,4528.086771658743,4536.192390351407,8.105618692664393
5,4536.192390351407,4544.12656562607,7.9341752746631755
5,4544.12656562607,4552.005827860263,7.879262234192538
5,4552.005827860263,4560.027921861035,8.022094000772086
5,4560.027921861035,4568.163252352566,8.135330491531022
5,4568.163252352566,4576.172689737262,8.009437384695957
5,4576.172689737262,4584.0512517004045,7.878561963142602
5,4584.0512517004045,4592.001189208977,7.949937508572475
5,4592.001189208977,4600.1022104148315,8.101021205854522
5,4600.1022104148315,4608.192954472813,8.090744057981283
5,4608.192954472813,4616.113602009949,7.920647537136574
5,4616.113602009949,4624.001114098505,7.887512088555923
5,4624.001114098505,4632.038664605428,8.037550506922344
5,4632.038664605428,4640.1733991733745,8.134734567946907
5,4640.1733991733745,4648.164157033655,7.99075786028061
5,4648.164157033655,4656.038170733793,7.874013700137766
5,4656.038170733793,4664.004684546312,7.966513812519224
5,4664.004684546312,4672.117452544299,8.112767997987248
5,4672.117452544299,4680.191341666306,8.073889122006221
5,4680.191341666306,4688.099913310408,7.908571644102267
5,4688.099913310408,4695.999501616277,7.899588305868747
5,4695.999501616277,4704.051235861116,8.051734244839281
5,4704.051235861116,4712.181579928052,8.130344066936232
5,4712.181579928052,4720.1544118427955,7.972831914743438
5,4720.1544118427955,4728.0264336339815,7.872021791185944
5,4728.0264336339815,4736.00953105466,7.98309742067886
5,4736.00953105466,4744.132133866447,8.122602811786237
5,4744.132133866447,4752.187802064646,8.055668198199783
5,4752.187802064646,4760.08570355838,7.897901493734025
5,4760.08570355838,4767.999216291305,7.913512732924573
5,4767.999216291305,4776.0652625585935,8.066046267288584
5,4776.0652625585935,4784.187643527974,8.122380969380174
5,4784.187643527974,4792.143601982299,7.9559584543249
5,4792.143601982299,4800.016437738927,7.872835756628774
5,4800.016437738927,4808.015873186479,7.9994354475520595
5,4808.015873186479,4816.145893105463,8.130019918983635
5,4816.145893105463,4824.182602521412,8.03670941594919
5,4824.182602521412,4832.071304310246,7.888701788833714
5,4832.071304310246,4839.999411465706,7.9281071554596565
5,4839.999411465706,4848.080230159645,8.080818693939364
5,4848.080230159645,4856.191457782452,8.111227622806837
5,4856.191457782452,4864.131844875098,7.940387092646233
5,4864.131844875098,4872.008525736951,7.876680861852947
5,4872.008525736951,4880.023927245908,8.015401508957439
5,4880.023927245908,4888.158387028177,8.134459782268095
5,4888.158387028177,4896.1759374058365,8.017550377659973
5,4896.1759374058365,4904.057123288801,7.881185882964928
5,4904.057123288801,4912.000070984009,7.942947695207295
5,4912.000070984009,4920.095630498336,8.095559514326851
5,4920.095630498336,4928.192991100009,8.097360601673245
5,4928.192991100009,4936.119225221792,7.926234121782727
5,4936.119225221792,4944.002848058176,7.8836228363843475
5,4944.002848058176,4952.03384785032,8.03099979214403
5,4952.03384785032,4960.1693034092505,8.135455558930516
5,4960.1693034092505,4968.1679507048275,7.99864729557703
5,4968.1679507048275,4976.043607822736,7.875657117908304
5,4976.043607822736,4984.0030357170235,7.959427894287728
5,4984.0030357170235,4992.111001605629,8.107965888605577
7,8.95275507117771,17.910337803161788,8.957582731984077
7,17.910337803161788,26.591606144823157,8.681268341661369
7,26.591606144823157,35.266035981916666,8.67442983709351
7,35.266035981916666,44.03473044500562,8.768694463088956
7,44.03473044500562,52.97611070742245,8.941380262416828
7,52.97611070742245,61.99057778318571,9.014467075763257
7,61.99057778318571,70.83638049293022,8.845802709744511
7,70.83638049293022,79.49492120340783,8.65854071047761
7,79.49492120340783,88.22682172223986,8.731900518832035
7,88.22682172223986,97.04084144016602,8.814019717926158
7,97.04084144016602,106.00914819791427,8.968306757748252
7,106.00914819791427,115.03664024001269,9.027492042098416
7,115.03664024001269,124.04645721377402,9.009816973761332
7,124.04645721377402,133.0370558748859,8.990598661111889
7,133.0370558748859,141.9868374635468,8.949781588660898
7,141.9868374635468,150.74085534796288,8.754017884416072
7,150.74085534796288,159.41790682302627,8.677051475063394
7,159.41790682302627,168.17643305368688,8.758526230660607
7,168.17643305368688,177.00049303904123,8.824059985354353
7,177.00049303904123,186.01014058659888,9.009647547557648
7,186.01014058659888,195.02368256071347,9.013541974114588
7,195.02368256071347,203.9748832558246,8.95120069511114
7,203.9748832558246,212.71694041235136,8.742057156526755
7,212.71694041235136,221.38964508544916,8.672704673097797
7,221.38964508544916,230.1381076914176,8.748462605968427
7,230.1381076914176,238.95935692466338,8.821249233245794
7,238.95935692466338,247.96046501081372,9.001108086150339
7,247.96046501081372,256.80092414617855,8.840459135364824
7,256.80092414617855,265.44469385178576,8.643769705607212
7,265.44469385178576,274.15829172609733,8.713597874311574
7,274.15829172609733,282.9540160584132,8.795724332315842
7,282.9540160584132,291.9444313242821,8.990415265868933
7,291.9444313242821,300.7568858117627,8.81245448748058
7,300.7568858117627,309.3925176585489,8.635631846786225
7,309.3925176585489,318.0937992477102,8.701281589161283
7,318.0937992477102,326.89861205740493,8.804812809694738
7,326.89861205740493,335.81971967347897,8.921107616074039
7,335.81971967347897,344.4431560794305,8.623436405951509
7,344.4431560794305,353.10231610754465,8.659160028114172
7,353.10231610754465,361.86449222316435,8.762176115619695
7,361.86449222316435,370.71748349022204,8.85299126705769
7,370.71748349022204,379.30737631911376,8.58989282889172
7,379.30737631911376,387.9717309713146,8.66435465220087
7,387.9717309713146,396.8804100277047,8.908679056390099
7,396.8804100277047,405.6542683458593,8.773858318154566
7,405.6542683458593,414.2663507452328,8.612082399373492
7,414.2663507452328,422.9752110520389,8.708860306806116
7,422.9752110520389,431.9221968622921,8.946985810253182
7,431.9221968622921,440.7776418818801,8.85544501958799
7,440.7776418818801,449.4036737604627,8.626031878582637
7,449.4036737604627,458.0892662673352,8.685592506872467
7,458.0892662673352,466.88240281398396,8.793136546648782
7,466.88240281398396,475.7695098104085,8.887106996424563
7,475.7695098104085,484.3742294239746,8.60471961356609
7,484.3742294239746,493.0271693915211,8.652939967546502
7,493.0271693915211,501.85634340603957,8.829174014518458
7,501.85634340603957,510.6484344950684,8.792091089028816
7,510.6484344950684,519.2445200716753,8.596085576606924
7,519.2445200716753,527.945929652703,8.701409581027633
7,527.945929652703,536.8839648401181,8.938035187415153
7,536.8839648401181,545.6129251167293,8.728960276611247
7,545.6129251167293,554.2366399925563,8.623714875826977
7,554.2366399925563,562.9681851365257,8.731545143969356
7,562.9681851365257,571.9316046255243,8.963419488998625
7,571.9316046255243,580.7846922505105,8.853087624986188
7,580.7846922505105,589.4152533853461,8.630561134835602
7,589.4152533853461,598.1074570323992,8.692203647053134
7,598.1074570323992,606.8957212666735,8.788264234274266
7,606.8957212666735,615.8146178903038,8.918896623630303
7,615.8146178903038,624.4348317508621,8.620213860558351
7,624.4348317508621,633.0894201790204,8.654588428158263
7,633.0894201790204,641.8531650245214,8.763744845501037
7,641.8531650245214,650.6754337247743,8.822268700252835
7,650.6754337247743,659.2620790210641,8.586645296289817
7,659.2620790210641,667.9454025455697,8.683323524505568
7,667.9454025455697,676.87057256357,8.925170018000358
7,676.87057256357,685.5825831025546,8.7120105389846
7,685.5825831025546,694.2033458576065,8.620762755051828
7,694.2033458576065,702.9392702467879,8.735924389181491
7,702.9392702467879,711.8940193882777,8.954749141489742
7,711.8940193882777,720.6179677102871,8.723948322009392
7,720.6179677102871,729.248558272237,8.63059056194993
7,729.248558272237,737.9822849048118,8.733726632574758
7,737.9822849048118,746.9456648623462,8.963379957534471
7,746.9456648623462,755.85804654495,8.912381682603723
7,755.85804654495,764.5068782846329,8.648831739682919
7,764.5068782846329,773.2028873234221,8.69600903878927
7,773.2028873234221,781.9908693507514,8.787982027329235
7,781.9908693507514,790.9867197989164,8.995850448165015
7,790.9867197989164,799.973332641402,8.986612842485556
7,799.973332641402,808.7405857435604,8.767253102158406
7,808.7405857435604,817.3974170501468,8.656831306586469
7,817.3974170501468,826.1273336113255,8.729916561178698
7,826.1273336113255,834.9383644903088,8.811030878983274
7,834.9383644903088,843.9202809225802,8.981916432271419
7,843.9202809225802,852.6500664731308,8.72978555055056
7,852.6500664731308,861.2918595170491,8.64179304391837
7,861.2918595170491,870.0202965599163,8.7284370428672
7,870.0202965599163,878.9460108608386,8.925714300922209
7,878.9460108608386,887.9131300176253,8.967119156786794
7,887.9131300176253,896.5999971744387,8.686867156813378
7,896.5999971744387,905.2675478239843,8.667550649545547
7,905.2675478239843,914.0294987396245,8.761950915640227
7,914.0294987396245,922.9723352101322,8.9428364705077
7,922.9723352101322,931.9807080399364,9.008372829804216
7,931.9807080399364,940.7956207758571,8.814912735920643
7,940.7956207758571,949.4492259909149,8.653605215057837
7,949.4492259909149,958.1796449211746,8.730418930259702
7,958.1796449211746,966.9869207302335,8.807275809058865
7,966.9869207302335,975.9936249613708,9.006704231137292
7,975.9936249613708,984.9762861586605,8.982661197289758
7,984.9762861586605,993.7442014381572,8.76791527949672
7,993.7442014381572,1002.4027737769234,8.658572338766135
7,1002.4027737769234,1011.1355596769681,8.732785900044746
7,1011.1355596769681,1019.9463355328144,8.81077585584626
7,1019.9463355328144,1028.9354501983964,8.989114665582065
7,1028.9354501983964,1037.7043066396502,8.768856441253774
7,1037.7043066396502,1046.3409438778638,8.636637238213552
7,1046.3409438778638,1055.0486327843237,8.707688906459907
7,1055.0486327843237,1063.9120394805152,8.863406696191532
7,1063.9120394805152,1072.8383671703084,8.926327689793197
7,1072.8383671703084,1081.4729355472332,8.63456837692479
7,1081.4729355472332,1090.1461869045238,8.67325135729061
7,1090.1461869045238,1098.9150130349249,8.768826130401067
7,1098.9150130349249,1107.8632615317536,8.948248496828683
7,1107.8632615317536,1116.517729912934,8.65446838118055
7,1116.517729912934,1125.1657223934506,8.64799248051645
7,1125.1657223934506,1133.9205322739517,8.75480988050117
7,1133.9205322739517,1142.8698493349411,8.949317060989415
7,1142.8698493349411,1151.5364395363615,8.666590201420377
7,1151.5364395363615,1160.1785912524365,8.642151716074977
7,1160.1785912524365,1168.9307545150834,8.752163262646945
7,1168.9307545150834,1177.8876666276374,8.956912112553937
7,1177.8876666276374,1186.5854929176433,8.697826290005878
7,1186.5854929176433,1195.2227396500793,8.637246732436097
7,1195.2227396500793,1203.969238902642,8.746499252562671
7,1203.969238902642,1212.9418995094877,8.972660606845693
7,1212.9418995094877,1221.8132950392069,8.871395529719166
7,1221.8132950392069,1230.4509834377168,8.637688398509908
7,1230.4509834377168,1239.1511042148034,8.700120777086568
7,1239.1511042148034,1247.9378148612257,8.786710646422307
7,1247.9378148612257,1256.9137320803648,8.975917219139092
7,1256.9137320803648,1265.6442719394804,8.730539859115652
7,1265.6442719394804,1274.282534401363,8.638262461882505
7,1274.282534401363,1283.0103716203444,8.727837218981449
7,1283.0103716203444,1291.948128256792,8.937756636447602
7,1291.948128256792,1300.9098952417644,8.961766984972428
7,1300.9098952417644,1309.592005430742,8.682110188977504
7,1309.592005430742,1318.2635339276562,8.671528496914334
7,1318.2635339276562,1327.0299794202222,8.766445492565936
7,1327.0299794202222,1335.9759434987309,8.945964078508723
7,1335.9759434987309,1344.9884092546135,9.012465755882658
7,1344.9884092546135,1353.8244102216777,8.836000967064138
7,1353.8244102216777,1362.4815770708983,8.65716684922063
7,1362.4815770708983,1371.214825295994,8.733248225095622
7,1371.214825295994,1380.027622024806,8.812796728812145
7,1380.027622024806,1389.010849070491,8.983227045684998
7,1389.010849070491,1398.037161972636,9.026312902145037
7,1398.037161972636,1407.042820282468,9.005658309831915
7,1407.042820282468,1416.0235842079912,8.980763925523206
7,1416.0235842079912,1424.9067164243731,8.88313221638191
7,1424.9067164243731,1433.5946492918372,8.687932867464042
7,1433.5946492918372,1442.3174562546428,8.722806962805635
7,1442.3174562546428,1451.12826569428,8.810809439637069
7,1451.12826569428,1459.99350284671,8.865237152430154
7,1459.99350284671,1469.0148168896237,9.021314042913673
7,1469.0148168896237,1478.0176638414343,9.002846951810625
7,1478.0176638414343,1486.9188327718514,8.901168930417043
7,1486.9188327718514,1495.6077038364813,8.688871064629893
7,1495.6077038364813,1504.314322850322,8.706619013840736
7,1504.314322850322,1513.1076813388613,8.793358488539297
7,1513.1076813388613,1521.976346087614,8.868664748752735
7,1521.976346087614,1530.996522500958,9.020176413343961
7,1530.996522500958,1539.9203289394904,8.923806438532438
7,1539.9203289394904,1548.6066405449055,8.686311605415085
7,1548.6066405449055,1557.2968968351388,8.690256290233265
7,1557.2968968351388,1566.0756921837735,8.77879534863473
7,1566.0756921837735,1574.9681951492462,8.892502965472659
7,1574.9681951492462,1583.9825565201763,9.014361370930146
7,1583.9825565201763,1592.8366500615355,8.854093541359134
7,1592.8366500615355,1601.491895786581,8.65524572504546
7,1601.491895786581,1610.217910065699,8.72601427911809
7,1610.217910065699,1619.026352247229,8.808442181529927
7,1619.026352247229,1628.0083281384461,8.98197589121719
7,1628.0083281384461,1637.0332170618108,9.024888923364642
7,1637.0332170618108,1646.031664204379,8.998447142568239
7,1646.031664204379,1654.9768300376593,8.94516583328027
7,1654.9768300376593,1663.718191506694,8.7413614690347
7,1663.718191506694,1672.3952398605188,8.67704835382483
7,1672.3952398605188,1681.149570444896,8.754330584377158
7,1681.149570444896,1689.9724436668773,8.822873221981354
7,1689.9724436668773,1698.9814945793262,9.009050912448856
7,1698.9814945793262,1707.8987417743813,8.917247195055097
7,1707.8987417743813,1716.57042138105,8.671679606668704
7,1716.57042138105,1725.2681294764286,8.69770809537863
7,1725.2681294764286,1734.0580281212524,8.78989864482378
7,1734.0580281212524,1742.9839402286448,8.925912107392378
7,1742.9839402286448,1752.0067169728304,9.022776744185649
7,1752.0067169728304,1760.934513921901,8.927796949070625
7,1760.934513921901,1769.6322640607023,8.697750138801212
7,1769.6322640607023,1778.3183448293835,8.686080768681222
7,1778.3183448293835,1787.0882531397685,8.769908310385063
7,1787.0882531397685,1795.958627848831,8.87037470906239
7,1795.958627848831,1804.964338197937,9.005710349106039
7,1804.964338197937,1813.775220539564,8.81088234162712
7,1813.775220539564,1822.4206562244242,8.645435684860104
7,1822.4206562244242,1831.1371066550794,8.716450430655186
7,1831.1371066550794,1839.935736091827,8.79862943674766
7,1839.935736091827,1848.9128878689019,8.977151777074823
7,1848.9128878689019,1857.633554194277,8.720666325375078
7,1857.633554194277,1866.2753329561087,8.641778761831802
7,1866.2753329561087,1875.0094361403173,8.734103184208607
7,1875.0094361403173,1883.953709353326,8.944273213008728
7,1883.953709353326,1892.9233782164536,8.969668863127481
7,1892.9233782164536,1901.6200914693352,8.696713252881636
7,1901.6200914693352,1910.285882295627,8.665790826291868
7,1910.285882295627,1919.0417676040543,8.755885308427196
7,1919.0417676040543,1927.9621351786448,8.9203675745905
7,1927.9621351786448,1936.9637359011026,9.001600722457852
7,1936.9637359011026,1945.7439461143265,8.780210213223882
7,1945.7439461143265,1954.3921465533726,8.64820043904615
7,1954.3921465533726,1963.1104855417134,8.718338988340747
7,1963.1104855417134,1971.919693999879,8.809208458165585
7,1971.919693999879,1980.8786312730933,8.95893727321436
7,1980.8786312730933,1989.5422059181958,8.663574645102472
7,1989.5422059181958,1998.1991672461515,8.656961327955742
7,1998.1991672461515,2006.9622233203202,8.763056074168617
7,2006.9622233203202,2015.9423302405166,8.980106920196476
7,2015.9423302405166,2024.7902288979974,8.847898657480755
7,2024.7902288979974,2033.425665357923,8.635436459925586
7,2033.425665357923,2042.125633240255,8.699967882331975
7,2042.125633240255,2050.914126032632,8.788492792376928
7,2050.914126032632,2059.8645536663807,8.950427633748859
7,2059.8645536663807,2068.517000426897,8.65244676051634
7,2068.517000426897,2077.1710639487064,8.654063521809348
7,2077.1710639487064,2085.93052252591,8.759458577203532
7,2085.93052252591,2094.8904801128433,8.959957586933342
7,2094.8904801128433,2103.589241399952,8.698761287108482
7,2103.589241399952,2112.227932402525,8.638691002573069
7,2112.227932402525,2120.97452602247,8.746593619945088
7,2120.97452602247,2129.9475380397394,8.973012017269411
7,2129.9475380397394,2138.8428625984543,8.895324558714947
7,2138.8428625984543,2147.4877666951556,8.644904096701339
7,2147.4877666951556,2156.188900463767,8.701133768611271
7,2156.188900463767,2164.979305676642,8.790405212875157
7,2164.979305676642,2173.9771423384445,8.997836661802467
7,2173.9771423384445,2182.923269876939,8.946127538494238
7,2182.923269876939,2191.6131252945333,8.689855417594572
7,2191.6131252945333,2200.292220048215,8.679094753681511
7,2200.292220048215,2209.0603350846354,8.768115036420568
7,2209.0603350846354,2217.9647017961347,8.904366711499279
7,2217.9647017961347,2226.973944865387,9.00924306925208
7,2226.973944865387,2235.791989150205,8.81804428481837
7,2235.791989150205,2244.4420379875705,8.650048837365375
7,2244.4420379875705,2253.16658292835,8.724544940779651
7,2253.16658292835,2261.969573222266,8.802990293915627
7,2261.969573222266,2270.9706049990714,9.001031776805576
7,2270.9706049990714,2279.871934338175,8.90132933910354
7,2279.871934338175,2288.5304600342815,8.658525696106608
7,2288.5304600342815,2297.236650559311,8.706190525029342
7,2297.236650559311,2306.033258457215,8.796607897904323
7,2306.033258457215,2314.9997626883214,8.966504231106228
7,2314.9997626883214,2324.0220458145823,9.022283126260845
7,2324.0220458145823,2333.001796824967,8.979751010384916
7,2333.001796824967,2341.8028023591514,8.801005534184242
7,2341.8028023591514,2350.471095822618,8.668293463466398
7,2350.471095822618,2359.224760734501,8.753664911883334
7,2359.224760734501,2368.053820270483,8.829059535981742
7,2368.053820270483,2377.0152960945766,8.961475824093668
7,2377.0152960945766,2386.045883407658,9.030587313081469
7,2386.045883407658,2395.0718863336883,9.026002926030287
7,2395.0718863336883,2404.1057371670454,9.033850833357064
7,2404.1057371670454,2413.1735103701476,9.067773203102206
7,2413.1735103701476,2422.296520060601,9.123009690453273
7,2422.296520060601,2431.5102256149257,9.21370555432486
7,2431.5102256149257,2440.856130665411,9.345905050485271
7,2440.856130665411,2450.0837646680147,9.227634002603736
7,2450.0837646680147,2459.1048453251,9.02108065708535
7,2459.1048453251,2468.122978616054,9.018133290953756
7,2468.122978616054,2477.195004547734,9.072025931679946
7,2477.195004547734,2486.3439180155083,9.148913467774491
7,2486.3439180155083,2495.644228731512,9.300310716003878
7,2495.644228731512,2504.968803071909,9.324574340396794
7,2504.968803071909,2514.087449593269,9.118646521360006
7,2514.087449593269,2523.0819168882294,8.994467294960486
7,2523.0819168882294,2532.0769137697594,8.994996881529914
7,2532.0769137697594,2541.0869670596926,9.01005328993324
7,2541.0869670596926,2550.1209402286904,9.033973168997818
7,2550.1209402286904,2559.2038739773366,9.082933748646155
7,2559.2038739773366,2568.3397099618464,9.135835984509868
7,2568.3397099618464,2577.609051617061,9.269341655214703
7,2577.609051617061,2586.930034494209,9.320982877147799
7,2586.930034494209,2596.0851949875846,9.15516049337566
7,2596.0851949875846,2605.085096291247,8.999901303662227
7,2605.085096291247,2614.081464837124,8.996368545876976
7,2614.081464837124,2623.0969620567435,9.015497219619647
7,2623.0969620567435,2632.143820510027,9.046858453283676
7,2632.143820510027,2641.2571376782134,9.113317168186313
7,2641.2571376782134,2650.4374909103535,9.180353232140078
7,2650.4374909103535,2659.808274272809,9.370783362455313
7,2659.808274272809,2669.072309033621,9.264034760812137
7,2669.072309033621,2678.1069519317634,9.034642898142465
7,2678.1069519317634,2687.123308536087,9.016356604323391
7,2687.123308536087,2696.193442487591,9.070133951503976
7,2696.193442487591,2705.343917911464,9.150475423873104
7,2705.343917911464,2714.648261093291,9.30434318182688
7,2714.648261093291,2723.9736063348605,9.325345241569721
7,2723.9736063348605,2733.087799177401,9.114192842540433
7,2733.087799177401,2742.081875099583,8.994075922182219
7,2742.081875099583,2751.0772610482813,8.995385948698186
7,2751.0772610482813,2760.0881046760414,9.010843627760096
7,2760.0881046760414,2769.123713502178,9.035608826136468
7,2769.123713502178,2778.2106704834478,9.08695698126985
7,2778.2106704834478,2787.349430596199,9.138760112751243
7,2787.349430596199,2796.6301546451123,9.280724048913271
7,2796.6301546451123,2805.945401474386,9.315246829273747
7,2805.945401474386,2815.0803794439944,9.134977969608371
7,2815.0803794439944,2824.0729802547357,8.99260081074135
7,2824.0729802547357,2833.051368759742,8.978388505006478
7,2833.051368759742,2842.0124398120615,8.961071052319312
7,2842.0124398120615,2850.8280797471784,8.815639935116906
7,2850.8280797471784,2859.5088773622447,8.68079761506624
7,2859.5088773622447,2868.276471259647,8.767593897402548
7,2868.276471259647,2877.132847977435,8.856376717787953
7,2877.132847977435,2886.0209779373336,8.888129959898379
7,2886.0209779373336,2895.0437428508217,9.022764913488118
7,2895.0437428508217,2904.0813364436917,9.037593592870053
7,2904.0813364436917,2913.133398757723,9.052062314031446
7,2913.133398757723,2922.2332507369338,9.099851979210598
7,2922.2332507369338,2931.3704314866777,9.137180749743948
7,2931.3704314866777,2940.6531984682306,9.282766981552868
7,2940.6531984682306,2949.9531044881787,9.29990601994814
7,2949.9531044881787,2959.0656195659185,9.112515077739772
7,2959.0656195659185,2968.043784188123,8.978164622204531
7,2968.043784188123,2976.95471250841,8.910928320286985
7,2976.95471250841,2985.6799691168403,8.7252566084303
7,2985.6799691168403,2994.3889872165028,8.709018099662444
7,2994.3889872165028,3003.179359667956,8.790372451453095
7,3003.179359667956,3012.022060300463,8.84270063250733
7,3012.022060300463,3021.027156535886,9.005096235423025
7,3021.027156535886,3030.0591817343106,9.032025198424435
7,3030.0591817343106,3039.0912998636213,9.032118129310675
7,3039.0912998636213,3048.1454651023096,9.054165238688256
7,3048.1454651023096,3057.2569996458715,9.111534543561902
7,3057.2569996458715,3066.4255558129885,9.168556167117003
7,3066.4255558129885,3075.770921980233,9.34536616724472
7,3075.770921980233,3085.0428249575493,9.271902977316131
7,3085.0428249575493,3094.0773005774304,9.03447561988105
7,3094.0773005774304,3103.053083357623,8.97578278019273
7,3103.053083357623,3112.0074666953624,8.954383337739273
7,3112.0074666953624,3120.800433640214,8.792966944851742
7,3120.800433640214,3129.4837538054217,8.683320165207533
7,3129.4837538054217,3138.25914354117,8.775389735748377
7,3138.25914354117,3147.1173100108986,8.85816646972853
7,3147.1173100108986,3156.0191673781164,8.901857367217872
7,3156.0191673781164,3165.0453922838888,9.026224905772324
7,3165.0453922838888,3174.082258639059,9.036866355170332
7,3174.082258639059,3183.134010271579,9.051751632519881
7,3183.134010271579,3192.2347558910715,9.1007456194925
7,3192.2347558910715,3201.374659168593,9.139903277521626
7,3201.374659168593,3210.6639119786696,9.289252810076505
7,3210.6639119786696,3219.9628640174988,9.298952038829157
7,3219.9628640174988,3229.063701288975,9.100837271476394
7,3229.063701288975,3238.0379018930093,8.974200604034195
7,3238.0379018930093,3246.92807967995,8.890177786940512
7,3246.92807967995,3255.640883366763,8.712803686813004
7,3255.640883366763,3264.3680358865277,8.727152519764786
7,3264.3680358865277,3273.1786101693965,8.810574282868856
7,3273.1786101693965,3282.0322281797057,8.85361801030922
7,3282.0322281797057,3291.034773701609,9.002545521903357
7,3291.034773701609,3300.0715361625657,9.036762460956652
7,3300.0715361625657,3309.1182479528775,9.046711790311747
7,3309.1182479528775,3318.204267811241,9.08601985836367
7,3318.204267811241,3327.3208546155215,9.11658680428036
7,3327.3208546155215,3336.5450727368325,9.224218121310969
7,3336.5450727368325,3345.8625580177213,9.317485280888832
7,3345.8625580177213,3355.070565377718,9.208007359996827
7,3355.070565377718,3364.0798988619667,9.0093334842486
7,3364.0798988619667,3373.0627794543384,8.982880592371657
7,3373.0627794543384,3382.0417992980533,8.979019843714923
7,3382.0417992980533,3390.9858052737404,8.944005975687105
7,3390.9858052737404,3399.7361101424635,8.750304868723106
7,3399.7361101424635,3408.417329332649,8.681219190185402
7,3408.417329332649,3417.1807541153753,8.76342478272636
7,3417.1807541153753,3426.0078719148855,8.827117799510233
7,3426.0078719148855,3435.0151188564028,9.007246941517224
7,3435.0151188564028,3444.036294949283,9.021176092880069
7,3444.036294949283,3453.0294790784487,8.993184129165911
7,3453.0294790784487,3461.9565413731384,8.927062294689676
7,3461.9565413731384,3470.6741570608997,8.717615687761281
7,3470.6741570608997,3479.361089046631,8.686931985731462
7,3479.361089046631,3488.1253057376252,8.76421669099409
7,3488.1253057376252,3496.9622053663966,8.836899628771334
7,3496.9622053663966,3505.9683734132773,9.006168046880703
7,3505.9683734132773,3514.8210017545603,8.85262834128298
7,3514.8210017545603,3523.4693712358253,8.648369481265036
7,3523.4693712358253,3532.187960433021,8.718589197195797
7,3532.187960433021,3540.9887114526296,8.80075101960847
7,3540.9887114526296,3549.9920386193603,9.003327166730742
7,3549.9920386193603,3558.978366987796,8.986328368435807
7,3558.978366987796,3567.7527856733577,8.774418685561614
7,3567.7527856733577,3576.410771477696,8.657985804338296
7,3576.410771477696,3585.1438826090402,8.73311113134423
7,3585.1438826090402,3593.9533004234513,8.809417814411063
7,3593.9533004234513,3602.9473736803943,8.994073256943011
7,3602.9473736803943,3611.754768057419,8.807394377024593
7,3611.754768057419,3620.3920058535664,8.637237796147474
7,3620.3920058535664,3629.0955556382123,8.70354978464593
7,3629.0955556382123,3637.901191757603,8.805636119390783
7,3637.901191757603,3646.8275750371786,8.926383279575475
7,3646.8275750371786,3655.4547004927454,8.627125455566784
7,3655.4547004927454,3664.11468411763,8.659983624884717
7,3664.11468411763,3672.874563566411,8.759879448780794
7,3672.874563566411,3681.752749843232,8.878186276820998
7,3681.752749843232,3690.348819486282,8.596069643050214
7,3690.348819486282,3698.997339280157,8.648519793875039
7,3698.997339280157,3707.865882523408,8.86854324325077
7,3707.865882523408,3716.651306887215,8.785424363807124
7,3716.651306887215,3725.2541471343247,8.602840247109725
7,3725.2541471343247,3733.9588431592115,8.704696024886744
7,3733.9588431592115,3742.903205929634,8.944362770422686
7,3742.903205929634,3751.6876867972096,8.78448086757544
7,3751.6876867972096,3760.3078455089308,8.62015871172116
7,3760.3078455089308,3769.005572324344,8.697726815413262
7,3769.005572324344,3777.920639113723,8.915066789379125
7,3777.920639113723,3786.827187781487,8.906548667763673
7,3786.827187781487,3795.460647129963,8.633459348476208
7,3795.460647129963,3804.144224894007,8.683577764044003
7,3804.144224894007,3812.9197160024996,8.775491108492588
7,3812.9197160024996,3821.875017783764,8.955301781264552
7,3821.875017783764,3830.541583720346,8.66656593658172
7,3830.541583720346,3839.1896674372283,8.648083716882411
7,3839.1896674372283,3847.9465370037915,8.756869566563182
7,3847.9465370037915,3856.916275181941,8.969738178149328
7,3856.916275181941,3865.681122991607,8.764847809666207
7,3865.681122991607,3874.310513593313,8.629390601705836
7,3874.310513593313,3883.0182625232374,8.707748929924492
7,3883.0182625232374,3891.9265500066367,8.908287483399363
7,3891.9265500066367,3900.857733881255,8.931183874618455
7,3900.857733881255,3909.503119414245,8.645385532989621
7,3909.503119414245,3918.1849893864965,8.681869972251661
7,3918.1849893864965,3926.9634286117375,8.778439225241073
7,3926.9634286117375,3935.95150476725,8.988076155512317
7,3935.95150476725,3944.812964598397,8.86145983114693
7,3944.812964598397,3953.454102521616,8.641137923219048
7,3953.454102521616,3962.161049153719,8.706946632103154
7,3962.161049153719,3970.9526767506677,8.791627596948729
7,3970.9526767506677,3979.9408339649144,8.988157214246712
7,3979.9408339649144,3988.745675974321,8.804842009406457
7,3988.745675974321,3997.3799324375996,8.634256463278689
7,3997.3799324375996,4006.0797181402922,8.69978570269268
7,4006.0797181402922,4014.895542812205,8.815824671912651
7,4014.895542812205,4023.805657736536,8.910114924331083
7,4023.805657736536,4032.4241427517873,8.61848501525128
7,4032.4241427517873,4041.0842618711167,8.660119119329465
7,4041.0842618711167,4049.8562708749887,8.772009003871972
7,4049.8562708749887,4058.6833032931168,8.827032418128056
7,4058.6833032931168,4067.2718246444592,8.588521351342479
7,4067.2718246444592,4075.952763139729,8.680938495269857
7,4075.952763139729,4084.878338891952,8.925575752222812
7,4084.878338891952,4093.6139898635006,8.735650971548694
7,4093.6139898635006,4102.232940661524,8.61895079802298
7,4102.232940661524,4110.961255944715,8.728315283191478
7,4110.961255944715,4119.921588288028,8.960332343312984
7,4119.921588288028,4128.73966514314,8.81807685511194
7,4128.73966514314,4137.364368599689,8.624703456549469
7,4137.364368599689,4146.05280164652,8.688433046830141
7,4146.05280164652,4154.8885402211,8.835738574580319
7,4154.8885402211,4163.7692814290685,8.88074120796864
7,4163.7692814290685,4172.378582047796,8.609300618727502
7,4172.378582047796,4181.039307426214,8.660725378417737
7,4181.039307426214,4189.86041592577,8.82110849955643
7,4189.86041592577,4198.670008762951,8.80959283718039
7,4198.670008762951,4207.265606451288,8.595597688336966
7,4207.265606451288,4215.957497241294,8.691890790006255
7,4215.957497241294,4224.892338384634,8.934841143340236
7,4224.892338384634,4233.6575299322085,8.765191547574432
7,4233.6575299322085,4242.276677785694,8.619147853485629
7,4242.276677785694,4250.987730990825,8.711053205131066
7,4250.987730990825,4259.931358108761,8.943627117935648
7,4259.931358108761,4268.830233107998,8.898874999236796
7,4268.830233107998,4277.467615594163,8.637382486165734
7,4277.467615594163,4286.159230869996,8.691615275832191
7,4286.159230869996,4294.941061116303,8.781830246307436
7,4294.941061116303,4303.917882827087,8.976821710783952
7,4303.917882827087,4312.66283810389,8.744955276803012
7,4312.66283810389,4321.298181667308,8.635343563418246
7,4321.298181667308,4330.017163015596,8.718981348288253
7,4330.017163015596,4338.938153377248,8.920990361652002
7,4338.938153377248,4347.8894886583275,8.951335281079082
7,4347.8894886583275,4356.554485534054,8.664996875726501
7,4356.554485534054,4365.231537601075,8.677052067020668
7,4365.231537601075,4374.006199715878,8.774662114803505
7,4374.006199715878,4382.985241393547,8.979041677668647
7,4382.985241393547,4391.99249921822,9.007257824672706
7,4391.99249921822,4400.818974962817,8.826475744597701
7,4400.818974962817,4409.478236450092,8.659261487274307
7,4409.478236450092,4418.216093779988,8.737857329896542
7,4418.216093779988,4427.032206947492,8.816113167504227
7,4427.032206947492,4436.012358305507,8.980151358015064
7,4436.012358305507,4445.040136240618,9.027777935110862
7,4445.040136240618,4454.05217505304,9.012038812421451
7,4454.05217505304,4463.052584557173,9.000409504133131
7,4463.052584557173,4472.041337624158,8.988753066984827
7,4472.041337624158,4481.001430984262,8.96009336010411
7,4481.001430984262,4489.780920688168,8.77948970390662
7,4489.780920688168,4498.457235119946,8.676314431777428
7,4498.457235119946,4507.221931092715,8.764695972769005
7,4507.221931092715,4516.05803432189,8.836103229175023
7,4516.05803432189,4525.018780516129,8.960746194238709
7,4525.018780516129,4534.050593145834,9.0318126297052
7,4534.050593145834,4543.082717740365,9.032124594531524
7,4543.082717740365,4552.130271788101,9.047554047735503
7,4552.130271788101,4561.228471489641,9.09819970154058
7,4561.228471489641,4570.368114739382,9.139643249740402
7,4570.368114739382,4579.656538019864,9.288423280481766
7,4579.656538019864,4588.959440946871,9.30290292700738
7,4588.959440946871,4598.06787028265,9.108429335778965
7,4598.06787028265,4607.046630695504,8.978760412854172
7,4607.046630695504,4615.96822473395,8.921594038445619
7,4615.96822473395,4624.702265300043,8.734040566093427
7,4624.702265300043,4633.40342968439,8.701164384347067
7,4633.40342968439,4642.186998686949,8.783569002558579
7,4642.186998686949,4651.026660492739,8.839661805790456
7,4651.026660492739,4660.026487675412,8.999827182672561
7,4660.026487675412,4669.059231735269,9.032744059857578
7,4669.059231735269,4678.092935262811,9.033703527541547
7,4678.092935262811,4687.149620935555,9.056685672743697
7,4687.149620935555,4696.263039645002,9.113418709447615
7,4696.263039645002,4705.436915022875,9.173875377872719
7,4705.436915022875,4714.785584076443,9.348669053568301
7,4714.785584076443,4724.051414622385,9.265830545941753
7,4724.051414622385,4733.083385873715,9.031971251330106
7,4733.083385873715,4742.067075125096,8.983689251381293
7,4742.067075125096,4751.049120760776,8.982045635679242
7,4751.049120760776,4760.012777879231,8.963657118455558
7,4760.012777879231,4768.832705912252,8.819928033020915
7,4768.832705912252,4777.51228546593,8.679579553678195
7,4777.51228546593,4786.276875642645,8.764590176714592
7,4786.276875642645,4795.130402008863,8.85352636621792
7,4795.130402008863,4804.0185510775955,8.888149068732673
7,4804.0185510775955,4813.041874540666,9.023323463070483
7,4813.041874540666,4822.077713392142,9.035838851476
7,4822.077713392142,4831.125550236232,9.047836844089943
7,4831.125550236232,4840.218816312748,9.093266076515647
7,4840.218816312748,4849.3468980917405,9.128081778992964
7,4849.3468980917405,4858.605271118797,9.258373027056223
7,4858.605271118797,4867.915463362519,9.310192243722668
7,4867.915463362519,4877.075587528451,9.160124165931848
7,4877.075587528451,4886.071514560058,8.995927031606698
7,4886.071514560058,4895.045241925797,8.97372736573925
7,4895.045241925797,4903.98620104096,8.940959115162514
7,4903.98620104096,4912.735993010617,8.749791969657053
7,4912.735993010617,4921.42051837981,8.68452536919358
7,4921.42051837981,4930.188585456336,8.768067076525767
7,4930.188585456336,4939.019197902938,8.830612446601663
7,4939.019197902938,4948.020455531906,9.001257628968233
7,4948.020455531906,4957.048940686347,9.028485154441114
7,4957.048940686347,4966.067995408432,9.019054722084547
7,4966.067995408432,4975.092172221222,9.024176812790756
7,4975.092172221222,4984.14126523963,9.049093018407802
7,4984.14126523963,4993.251198999123,9.109933759492378
